{
  "word": "aa",
  "pronunciation": "ah-ah",
  "concise_definition": "n. 火山熔岩的一种类型",
  "forms": {
    "plural": "aas"
  },
  "definitions": [
    {
      "pos": "noun",
      "explanation_en": "A type of rough, jagged volcanic lava flow characterized by a fragmented, blocky surface that is difficult to walk on; formed when highly viscous lava cools and breaks apart as it moves.",
      "explanation_cn": "一种粗糙、尖锐的火山熔岩流，表面呈碎块状，难以行走；当高粘度熔岩在流动过程中冷却并破裂时形成。",
      "example_en": "The hikers struggled to cross the aa lava field after the volcano erupted.",
      "example_cn": "火山喷发后，徒步者艰难地穿越了这片 aa 熔岩地带。"
    }
  ],
  "comparison": [
    {
      "word_to_compare": "pahoehoe",
      "analysis": "“Pahoehoe”（绳状熔岩）是另一种火山熔岩类型，表面光滑、有褶皱，像绳索一样，流动性强，冷却较慢；而 “aa” 表面粗糙、破碎，流动性差，冷却更快。两者是火山喷发中常见的对比形态。"
    },
    {
      "word_to_compare": "lava",
      "analysis": "“Lava” 是火山熔岩的总称，泛指从火山喷出的熔融岩石；而 “aa” 是 lava 的一种具体形态，具有特定的物理特征。因此，aa 是 lava 的子类，而非同义词。"
    },
    {
      "word_to_compare": "basalt",
      "analysis": "“Basalt”（玄武岩）是一种火成岩的岩石类型，通常由冷却的熔岩形成；而 “aa” 描述的是熔岩流动时的表面形态，不是岩石的矿物成分。因此，aa 是形态描述，basalt 是成分分类，二者属于不同维度。"
    }
  ]
}