{
  "word": "aap",
  "pronunciation": "aap",
  "concise_definition": "n. (非正式) 猴子, 猿猴 (印度英语)",
  "forms": {
    "plural": "aaps"
  },
  "definitions": [
    {
      "pos": "noun",
      "explanation_en": "An informal term used in Indian English to refer to a monkey or ape, often used in casual speech or regional contexts.",
      "explanation_cn": "印度英语中的非正式用语，指猴子或猿类，常用于口语或地区性语境中。",
      "example_en": "The aap stole the banana from the vendor's cart.",
      "example_cn": "那只猴子从摊贩的推车上偷走了香蕉。"
    }
  ],
  "comparison": [
    {
      "word_to_compare": "monkey",
      "analysis": "“Monkey” 是标准英语中对灵长类动物的通用术语，适用于全球语境，中性且广泛接受。而 “aap” 是印度英语特有的口语词，带有地域文化色彩，常用于日常对话，语义范围基本重叠，但使用场景更局限。"
    },
    {
      "word_to_compare": "ape",
      "analysis": "“Ape” (猿) 在生物学上指无尾灵长类动物，如大猩猩、黑猩猩，语义更精确且学术性强。而 “aap” 是泛指猴子或猿类的通俗词，不区分具体物种，语义更宽泛、更口语化。"
    },
    {
      "word_to_compare": "simian",
      "analysis": "“Simian” 是一个学术性术语，用于描述灵长类动物的解剖或行为特征，多用于科学文献。它不用于日常对话，而 “aap” 是完全生活化的词汇，仅用于口语表达，两者在语体和使用领域上截然不同。"
    }
  ]
}