{
  "word": "aaron",
  "pronunciation": "air·on",
  "concise_definition": "n. 亚伦（人名）",
  "forms": {
    "plural": "aarons"
  },
  "definitions": [
    {
      "pos": "noun",
      "explanation_en": "A male given name of Hebrew origin, traditionally associated with the biblical figure Aaron, the elder brother of Moses and the first high priest of the Israelites.",
      "explanation_cn": "希伯来语起源的男性名字，传统上与《圣经》中的人物亚伦相关，他是摩西的哥哥，也是以色列人的第一位大祭司。",
      "example_en": "Aaron was known for his patience and leadership during the Exodus.",
      "example_cn": "亚伦在出埃及记期间以耐心和领导力著称。"
    },
    {
      "pos": "noun",
      "explanation_en": "A modern personal name used in various cultures, often chosen for its biblical significance or phonetic appeal.",
      "explanation_cn": "现代文化中使用的个人名字，常因其圣经背景或音韵美感而被选用。",
      "example_en": "My neighbor's son is named Aaron, and he's an aspiring musician.",
      "example_cn": "我邻居的儿子叫亚伦，他是一位有抱负的音乐人。"
    }
  ],
  "comparison": [
    {
      "word_to_compare": "aron",
      "analysis": "“Aron” 是 “Aaron” 的一种变体拼写，常见于东欧或斯拉夫语系国家，发音相近但拼写简化。两者指代同一名字，但 “Aaron” 是更广泛接受的英语标准拼法，尤其在基督教文化中具有更强的宗教历史关联。"
    },
    {
      "word_to_compare": "Aaronic",
      "analysis": "“Aaronic” 是形容词形式，专指与亚伦或其祭司职分相关的，如 “Aaronic priesthood”（亚伦祭司职）。它不是人名，而是用于宗教语境中的术语，与作为人名的 “Aaron” 有语义关联但词性与用法完全不同。"
    },
    {
      "word_to_compare": "Aaron",
      "analysis": "作为专有名词，‘Aaron’ 与其他常见英文名如 ‘John’ 或 ‘Michael’ 类似，但其独特性在于它承载着深厚的宗教和历史象征意义，使其在命名时往往带有文化或信仰层面的考量，而不仅仅是音韵选择。"
    }
  ]
}