{
  "word": "ab",
  "pronunciation": "ab",
  "concise_definition": "n. (缩写) 摘要, 腹肌; v. (非正式) 做仰卧起坐",
  "forms": {
    "plural": "abs"
  },
  "definitions": [
    {
      "pos": "noun",
      "explanation_en": "An abbreviation for 'abstract', commonly used in academic or scientific contexts to refer to a concise summary of a research paper or article.",
      "explanation_cn": "‘abstract’（摘要）的缩写，常用于学术或科学语境中，指一篇研究论文或文章的简明概要。",
      "example_en": "Please read the ab before deciding whether to attend the conference.",
      "example_cn": "请先阅读摘要，再决定是否参加这次会议。"
    },
    {
      "pos": "noun",
      "explanation_en": "Colloquial term for 'abdominal muscles', especially when referring to well-defined or toned muscles (plural form: abs).",
      "explanation_cn": "非正式用语，指‘腹肌’，尤其用于形容线条明显、紧实的腹部肌肉（复数形式为 abs）。",
      "example_en": "He's been working out every day to get six-pack abs.",
      "example_cn": "他每天锻炼，只为练出六块腹肌。"
    },
    {
      "pos": "verb",
      "explanation_en": "Informal verb meaning to perform abdominal exercises, especially sit-ups or crunches, often used in fitness contexts.",
      "explanation_cn": "非正式动词，意为‘做腹部锻炼’，尤指仰卧起坐或卷腹，常见于健身语境。",
      "example_en": "I ab every morning before breakfast.",
      "example_cn": "我每天早餐前都做仰卧起坐。"
    }
  ],
  "comparison": [
    {
      "word_to_compare": "abstract",
      "analysis": "“Abstract” 是正式术语，指学术论文的完整摘要，包含研究目的、方法、结果和结论；而 “ab” 是其口语或书写中的缩略形式，仅用于非正式场合，语义范围更窄。"
    },
    {
      "word_to_compare": "core",
      "analysis": "“Core”（核心肌群）泛指包括腹肌、背肌、骨盆底肌在内的整个躯干稳定肌群，是一个更广泛的解剖学概念；而 “ab” 仅特指腹部肌肉，范围更具体、更局限。"
    },
    {
      "word_to_compare": "workout",
      "analysis": "“Workout”（锻炼）是泛指任何形式的身体训练，而 “ab” 作为动词时特指针对腹部的专项训练，是 “workout” 的一个子集。"
    }
  ]
}