{
  "word": "aba",
  "pronunciation": "uh·buh",
  "concise_definition": "n. 阿巴袍, 一种传统长袍",
  "forms": {
    "plural": "abas"
  },
  "definitions": [
    {
      "pos": "noun",
      "explanation_en": "A long, loose, sleeveless garment traditionally worn by men in parts of the Middle East and North Africa, often made of wool or cotton and sometimes decorated with embroidery or patterns.",
      "explanation_cn": "一种传统上在中东和北非部分地区男性穿着的长而宽松、无袖的外袍，通常由羊毛或棉制成，有时饰有刺绣或图案。",
      "example_en": "He wore a white aba over his thobe during the religious ceremony.",
      "example_cn": "他在宗教仪式上穿着一件白色阿巴袍，内搭长袍。"
    },
    {
      "pos": "noun",
      "explanation_en": "A similar garment worn by women in some cultures, particularly in rural or traditional settings, often serving as a protective outer layer against dust and sun.",
      "explanation_cn": "在某些文化中，女性在乡村或传统场合穿着的类似外袍，常作为抵御尘土和阳光的保护性外层衣物。",
      "example_en": "The Bedouin women draped themselves in thick, woven abas to shield from the desert wind.",
      "example_cn": "贝都因妇女用厚重的编织阿巴袍裹住身体，以抵御沙漠的狂风。"
    }
  ],
  "comparison": [
    {
      "word_to_compare": "thobe",
      "analysis": "“Thobe”（沙特长袍）是中东男性常穿的长袖长袍，通常为白色，贴身剪裁，强调正式与礼仪。而 “aba” 是无袖、更宽松的外罩，常穿在 thobe 外面，主要用于遮阳、防尘或在寒冷天气保暖，功能上更偏向于外衣或披风。"
    },
    {
      "word_to_compare": "burqa",
      "analysis": "“Burqa”（波卡）是一种覆盖全身、包括面部的女性罩袍，通常带有网状面纱，主要用于宗教或文化上的隐私遮蔽。而 “aba” 虽然也覆盖身体，但不遮脸，且男女皆可穿着，其文化含义更侧重于传统服饰而非性别隔离。"
    },
    {
      "word_to_compare": "cloak",
      "analysis": "“Cloak”（斗篷）是西方语境中泛指的披风类外衣，通常有系带或扣子，材质多样，用途广泛（如防雨、装饰、军事）。而 “aba” 是特定文化背景下的传统服饰，具有明确的地域性、宗教性和社会象征意义，其形制和穿着方式具有固定传统。"
    }
  ]
}