{
  "word": "abandoning",
  "pronunciation": "uh·bahn·duh·ning",
  "concise_definition": "v. 放弃, 遗弃, 抛弃 (abandon 的现在分词形式)",
  "forms": {
    "base_form": "abandon",
    "third_person_singular": "abandons",
    "past_tense": "abandoned",
    "past_participle": "abandoned",
    "present_participle": "abandoning"
  },
  "definitions": [
    {
      "pos": "verb",
      "explanation_en": "To completely give up or stop supporting, caring for, or remaining with someone or something, often permanently or under pressure.",
      "explanation_cn": "指彻底放弃、停止支持、照顾或陪伴某人或某物，通常是在压力下或永久性地离开。",
      "example_en": "They were forced by the storm to be abandoning the ship.",
      "example_cn": "他们被迫在风暴中弃船逃生。"
    },
    {
      "pos": "verb",
      "explanation_en": "To cease to pursue, maintain, or continue an activity, plan, or project due to lack of interest, resources, or hope.",
      "explanation_cn": "指因缺乏兴趣、资源或希望而停止追求、维持或继续某项活动、计划或项目。",
      "example_en": "After months of failed attempts, she was abandoning her dream of becoming a professional dancer.",
      "example_cn": "经过数月的失败尝试，她放弃了成为职业舞者的梦想。"
    },
    {
      "pos": "verb",
      "explanation_en": "To leave behind something valuable or important, often with a sense of betrayal or neglect.",
      "explanation_cn": "指将有价值或重要的事物丢弃，常带有背叛或忽视的意味。",
      "example_en": "The parents were accused of abandoning their children in the countryside.",
      "example_cn": "这对父母被指控遗弃了他们在乡下的孩子。"
    }
  ],
  "comparison": [
    {
      "word_to_compare": "leaving",
      "analysis": "“Leaving” (离开) 是一个中性词，仅表示物理或空间上的离去，不隐含情感或责任的放弃。例如“leaving the room”只是走出房间。而 “abandoning” 强调主动、彻底地抛弃，常带有道德或情感上的负罪感，如抛弃责任、承诺或依赖者。"
    },
    {
      "word_to_compare": "quitting",
      "analysis": "“Quitting” (辞职/退出) 通常指主动终止一项工作、任务或习惯，带有个人选择的意味，且多用于职业或习惯语境（如 quitting smoking）。而 “abandoning” 更强调彻底的、可能带有绝望或无奈的放弃，对象更广泛，包括人、关系、理想等，情感色彩更强烈。"
    },
    {
      "word_to_compare": "relinquishing",
      "analysis": "“Relinquishing” (放弃/交出) 通常指有意识地、有时是自愿地交出权力、权利或控制权，常带有庄重或正式的语境（如 relinquishing control to a successor）。它不必然带有负面情感，而 “abandoning” 常隐含不负责任、逃避或失败的含义，情感上更消极。"
    }
  ]
}