{
  "word": "abandon",
  "pronunciation": "uh·bahn·duhn",
  "concise_definition": "v. 抛弃, 遗弃, 放弃, 中止",
  "forms": {
    "third_person_singular": "abandons",
    "past_tense": "abandoned",
    "past_participle": "abandoned",
    "present_participle": "abandoning"
  },
  "definitions": [
    {
      "pos": "verb",
      "explanation_en": "To leave something or someone permanently, often in a way that shows a lack of care or responsibility, especially when it is expected to be cared for.",
      "explanation_cn": "指永久性地离开某物或某人，通常表现出缺乏关心或责任感，尤其是在本应予以照顾的情况下。",
      "example_en": "The crew had to abandon the sinking ship.",
      "example_cn": "船员不得不弃船逃生。"
    },
    {
      "pos": "verb",
      "explanation_en": "To give up on a plan, activity, or effort completely, often due to difficulty, discouragement, or changing priorities.",
      "explanation_cn": "指完全放弃某个计划、活动或努力，通常是因为困难、气馁或优先事项改变。",
      "example_en": "She abandoned her dream of becoming a professional dancer after the injury.",
      "example_cn": "受伤后，她放弃了成为职业舞者的梦想。"
    },
    {
      "pos": "verb",
      "explanation_en": "To surrender control or restraint over oneself, often in the context of emotions or behavior, leading to unrestrained expression.",
      "explanation_cn": "指放任自己，不再克制，常用于描述情绪或行为的彻底释放。",
      "example_en": "He abandoned himself to laughter at the funny movie.",
      "example_cn": "他被这部搞笑电影逗得开怀大笑。"
    }
  ],
  "comparison": [
    {
      "word_to_compare": "desert",
      "analysis": "“Desert” (遗弃) 通常指在军事、责任或义务背景下故意离开，带有道德谴责意味，常用于人或职责（如士兵临阵脱逃）。而 “abandon” 更广泛，可指对物、计划或情感的放弃，不一定涉及道德判断。"
    },
    {
      "word_to_compare": "forsake",
      "analysis": "“Forsake” (舍弃) 是一个更正式、文学化的词，常用于情感或精神层面的割舍，如“forsake sin”（弃绝罪恶），带有强烈的牺牲或决绝意味。而 “abandon” 更口语化，强调行为上的彻底离开，情感色彩较弱。"
    },
    {
      "word_to_compare": "give up",
      "analysis": "“Give up” (放弃) 是 “abandon” 的非正式同义表达，常用于日常语境，语气较轻，多用于习惯、努力或目标的停止（如 give up smoking）。而 “abandon” 更强烈，常暗示彻底、不可逆转的丢弃，带有更重的情感或后果。"
    }
  ]
}