{
  "word": "abandonment",
  "pronunciation": "uh·bahn·dun·muhnt",
  "concise_definition": "n. 抛弃, 遗弃, 放弃",
  "forms": {
    "plural": "abandonments"
  },
  "definitions": [
    {
      "pos": "noun",
      "explanation_en": "The act of permanently giving up or ceasing to support, use, or maintain something or someone, often due to neglect, despair, or lack of interest.",
      "explanation_cn": "指永久性地放弃、停止支持、使用或维护某物或某人，通常由于疏忽、绝望或缺乏兴趣。",
      "example_en": "The abandonment of the old factory left it vulnerable to vandalism and decay.",
      "example_cn": "对这座旧工厂的遗弃使其极易遭到破坏和腐朽。"
    },
    {
      "pos": "noun",
      "explanation_en": "The legal or emotional act of leaving a child or dependent without care or responsibility, often with serious psychological consequences.",
      "explanation_cn": "指在法律或情感上遗弃儿童或受抚养者，使其失去照料与责任，常带来严重的心理后果。",
      "example_en": "Child abandonment remains a serious social issue in many countries.",
      "example_cn": "儿童遗弃在许多国家仍是一个严重社会问题。"
    },
    {
      "pos": "noun",
      "explanation_en": "The state of being deserted or forsaken, especially in a romantic or personal context, leading to feelings of loss and insecurity.",
      "explanation_cn": "指在浪漫或个人关系中被遗弃或抛弃的状态，常导致失落与不安全感。",
      "example_en": "Her sense of abandonment after the breakup haunted her for years.",
      "example_cn": "分手后那种被遗弃的感觉困扰了她多年。"
    }
  ],
  "comparison": [
    {
      "word_to_compare": "neglect",
      "analysis": "“Neglect” (忽视) 指因疏忽或不关心而未给予应有的关注或照料，通常是持续性的怠慢，但不一定意味着彻底放弃。而 “abandonment” 强调完全、永久性的撤离或断绝责任，更具决绝性和情感冲击力。"
    },
    {
      "word_to_compare": "relinquishment",
      "analysis": "“Relinquishment” (放弃/交出) 通常带有自愿、正式或法律上的含义，如放弃权利、财产或监护权，常不带负面情感色彩。而 “abandonment” 多含贬义，暗示责任的逃避或情感的背叛。"
    },
    {
      "word_to_compare": "desertion",
      "analysis": "“Desertion” (逃亡/逃离) 常用于军事语境（如士兵逃离部队）或婚姻关系（如配偶离家出走），强调主动逃离责任或义务。它与 “abandonment” 非常接近，但 “desertion” 更强调行为的突然性和背叛性，而 “abandonment” 更侧重结果与状态的持续性。"
    }
  ]
}