{
  "word": "abbas",
  "pronunciation": "uh·bæs",
  "concise_definition": "n. 阿拔斯（人名），阿拔斯王朝",
  "forms": {
    "plural": "abbas"
  },
  "definitions": [
    {
      "pos": "noun",
      "explanation_en": "A personal name of Arabic origin, historically associated with Abbas ibn Abd al-Muttalib, the uncle of the Prophet Muhammad, and later used as a dynastic title.",
      "explanation_cn": "源自阿拉伯语的个人名字，历史上与穆罕默德的叔叔阿拔斯·伊本·阿卜杜勒·穆塔里布相关，后被用作王朝称号。",
      "example_en": "The Abbasid Caliphate was one of the most influential Islamic empires in history.",
      "example_cn": "阿拔斯王朝是历史上最具影响力的伊斯兰帝国之一。"
    },
    {
      "pos": "noun",
      "explanation_en": "Refers to the Abbasid dynasty (750–1258 CE), which ruled much of the Islamic world from Baghdad and was known for its cultural, scientific, and administrative achievements.",
      "explanation_cn": "指阿拔斯王朝（公元750–1258年），该王朝以巴格达为首都，统治了大部分伊斯兰世界，以其文化、科学和行政成就著称。",
      "example_en": "Under Abbasid rule, scholars translated Greek and Persian texts, laying the foundation for the Islamic Golden Age.",
      "example_cn": "在阿拔斯王朝统治下，学者们翻译了希腊和波斯文献，为伊斯兰黄金时代奠定了基础。"
    }
  ],
  "comparison": [
    {
      "word_to_compare": "caliph",
      "analysis": "“Caliph”（哈里发）是伊斯兰教政教领袖的头衔，泛指任何继承穆罕默德领导权的统治者；而 “Abbas” 是一个具体的人名或王朝名称，特指阿拔斯家族及其后裔建立的政权。所有阿拔斯王朝的统治者都是哈里发，但并非所有哈里发都是阿拔斯人。"
    },
    {
      "word_to_compare": "umayyad",
      "analysis": "“Umayyad”（伍麦叶）是与阿拔斯王朝并列的另一个伊斯兰王朝，统治时期为661–750年。两者是敌对的世系，阿拔斯王朝推翻了伍麦叶王朝。虽然都是伊斯兰帝国，但阿拔斯王朝更注重文化融合与学术发展，而伍麦叶王朝更侧重军事扩张与阿拉伯中心主义。"
    },
    {
      "word_to_compare": "sultan",
      "analysis": "“Sultan”（苏丹）是伊斯兰世界中用于指代世俗统治者的头衔，常见于奥斯曼、德里苏丹国等政权，通常不具有哈里发的宗教权威。而 “Abbas” 指的是拥有哈里发头衔的统治者，兼具宗教与政治领导权，地位高于一般苏丹。"
    }
  ]
}