{
  "word": "abba",
  "pronunciation": "ab·buh",
  "concise_definition": "n. 父亲, 俚语: 瑞典流行乐队",
  "forms": {
    "plural": "abbas"
  },
  "definitions": [
    {
      "pos": "noun",
      "explanation_en": "A term of address or reference for a father, especially in Arabic, Persian, and some other Middle Eastern and South Asian cultures; derived from Aramaic and used in religious and familial contexts.",
      "explanation_cn": "在阿拉伯语、波斯语及部分中东和南亚文化中，用于称呼或指代父亲的词语，源自亚拉姆语，常用于宗教或家庭语境。",
      "example_en": "The child whispered, 'Abba, I'm scared,' as he clung to his father's hand.",
      "example_cn": "孩子紧抓着父亲的手，低声说：‘阿巴，我害怕。’"
    },
    {
      "pos": "noun",
      "explanation_en": "A famous Swedish pop band formed in 1972, known for hits like 'Dancing Queen' and 'Waterloo'; one of the best-selling music artists of all time.",
      "explanation_cn": "一支成立于1972年的著名瑞典流行乐队，以《Dancing Queen》和《Waterloo》等热门歌曲闻名，是有史以来最畅销的音乐艺人之一。",
      "example_en": "ABBA's music continues to be popular worldwide, especially after the success of the musical 'Mamma Mia!'",
      "example_cn": "ABBA的音乐在全球持续受欢迎，尤其是在音乐剧《妈妈咪呀！》大获成功之后。"
    }
  ],
  "comparison": [
    {
      "word_to_compare": "father",
      "analysis": "“Father” 是英语中标准、中性的亲属称谓，适用于所有语境；而 “abba” 是具有文化、宗教或情感色彩的特定词汇，常带有亲密、敬仰或传统意味，多用于非英语母语文化背景中。"
    },
    {
      "word_to_compare": "papa",
      "analysis": "“Papa” 是英语中一种非正式、亲昵的对父亲的称呼，常见于西方家庭口语；“abba” 则源于闪米特语系，具有更深的历史和宗教渊源，常用于犹太教、基督教经典文本（如《新约》）中，语义更庄重。"
    },
    {
      "word_to_compare": "band",
      "analysis": "“Band” 是泛指任何音乐团体，而 “ABBA” 是一个专有名词，特指这支瑞典流行乐队。虽然“band”是通用词，但“ABBA”因其全球影响力已成为流行文化中的一个标志性符号，具有不可替代的专指性。"
    }
  ]
}