{
  "word": "abbey",
  "pronunciation": "ab·ee",
  "concise_definition": "n. 修道院, 大修道院",
  "forms": {
    "plural": "abbeys"
  },
  "definitions": [
    {
      "pos": "noun",
      "explanation_en": "A religious community of monks or nuns, typically headed by an abbot or abbess, and often including a church, living quarters, and other buildings for worship, work, and daily life.",
      "explanation_cn": "指由修士或修女组成的宗教团体，通常由一位院长或女院长领导，包括教堂、住所及其他用于礼拜、劳作和日常生活的建筑。",
      "example_en": "The ancient abbey dates back to the 12th century and is now a UNESCO World Heritage Site.",
      "example_cn": "这座古老的修道院可追溯至12世纪，如今已被列为联合国教科文组织世界遗产。"
    },
    {
      "pos": "noun",
      "explanation_en": "A large and important church that was originally part of a monastery or convent, even if it no longer functions as a religious community.",
      "explanation_cn": "指原本属于修道院或女修院的大型重要教堂，即使如今已不再作为宗教团体使用，仍保留其名称和建筑结构。",
      "example_en": "Westminster Abbey is one of the most famous churches in the UK, though it is no longer an active monastery.",
      "example_cn": "威斯敏斯特修道院是英国最著名的教堂之一，尽管它已不再作为活跃的修道院使用。"
    }
  ],
  "comparison": [
    {
      "word_to_compare": "monastery",
      "analysis": "“Monastery”（修道院）特指修士居住和修行的场所，通常用于男性宗教团体；而 “abbey” 不仅包含居住区，还强调一个完整的宗教社区，包括教堂、图书馆、食堂等设施，且通常规模更大、地位更高。此外，abbey 通常由院长（abbot/abbess）领导，而 monastery 的领导者可以是院长或长老。"
    },
    {
      "word_to_compare": "convent",
      "analysis": "“Convent”（女修院）专指女性修女居住和修行的宗教机构，而 “abbey” 可以是男修道院或女修道院，且更强调其作为宗教中心的综合性与历史重要性。一个 convent 可能是 abbey 的一部分，但并非所有 convent 都是 abbey。"
    },
    {
      "word_to_compare": "cathedral",
      "analysis": "“Cathedral”（大教堂）是主教座堂，是教区主教的驻地，具有行政和礼仪上的核心地位；而 “abbey” 是修道院的中心教堂，其权威来自修道团体而非主教体系。一座 abbey 教堂可能宏伟如 cathedral，但其功能和组织结构完全不同。"
    }
  ]
}