{
  "word": "abbot",
  "pronunciation": "ab·uht",
  "concise_definition": "n. 修道院院长",
  "forms": {
    "plural": "abbots"
  },
  "definitions": [
    {
      "pos": "noun",
      "explanation_en": "The superior or head of a monastery, especially in the Roman Catholic, Eastern Orthodox, or Anglican traditions, responsible for the spiritual and administrative leadership of the community of monks.",
      "explanation_cn": "指天主教、东正教或圣公会传统中一座修道院的院长或首领，负责修道院修士团体的精神与行政领导。",
      "example_en": "The abbot presided over the daily prayers and managed the monastery's land and resources.",
      "example_cn": "院长主持每日的祈祷，并管理修道院的土地与资源。"
    },
    {
      "pos": "noun",
      "explanation_en": "A title of respect and authority given to the leader of certain monastic communities, often elected by the monks themselves.",
      "explanation_cn": "指某些修道团体中由修士们选举产生的、具有尊重与权威的领袖头衔。",
      "example_en": "After ten years as a monk, he was elected abbot by his peers.",
      "example_cn": "在做了十年修士后，他被同修们选举为院长。"
    }
  ],
  "comparison": [
    {
      "word_to_compare": "prior",
      "analysis": "“Prior”（副院）是修道院中仅次于院长的第二负责人，通常协助院长管理日常事务，或在院长缺席时代行职责。而 “abbot” 是最高领袖，拥有最终决策权。在某些修道传统中，prior 也可能独立领导较小的修道团体，但其地位仍低于 abbot。"
    },
    {
      "word_to_compare": "abess",
      "analysis": "“Abess”（女修道院院长）是女性修道院的首领，与 “abbot” 对应，但性别不同。两者职责完全相同，只是分别管理男性和女性修士团体。在英语中，abbot 通常特指男性，而 abess 为女性专用词，但现代英语中更常用 abbess 作为标准拼写。"
    },
    {
      "word_to_compare": "father",
      "analysis": "“Father”（神父/修士）是基督教中对男性神职人员的尊称，常用于修士或牧师，但不表示行政领导地位。而 “abbot” 是一个正式的职务头衔，代表对整个修道院的管辖权。一个 abbot 可以被称为 “Father”，但并非所有被称为 Father 的人都能称为 abbot。"
    }
  ]
}