{
  "word": "abbott",
  "pronunciation": "ab·ut",
  "concise_definition": "n. 修道院院长",
  "forms": {
    "plural": "abbots"
  },
  "definitions": [
    {
      "pos": "noun",
      "explanation_en": "The head of a monastery or abbey, especially in the Christian tradition, responsible for the spiritual and administrative leadership of the community of monks.",
      "explanation_cn": "基督教传统中修道院或修道院团体的首领，负责修道院修士群体的精神与行政领导。",
      "example_en": "The abbot presided over the daily prayers and managed the monastery's lands and resources.",
      "example_cn": "修道院院长主持每日的祈祷，并管理修道院的土地与资源。"
    },
    {
      "pos": "noun",
      "explanation_en": "A title of respect used for certain high-ranking religious figures in some Christian denominations, sometimes used as a form of address.",
      "explanation_cn": "在某些基督教教派中，作为对高级神职人员的尊称，有时也用作直接称呼。",
      "example_en": "Abbot Thomas welcomed the visitors with great hospitality.",
      "example_cn": "托马斯修道院院长热情地接待了来访者。"
    }
  ],
  "comparison": [
    {
      "word_to_compare": "priest",
      "analysis": "“Priest”（神父）是基督教中主持圣礼、进行牧灵工作的神职人员，通常隶属于教区，不一定是修道院的领导者。而 “abbot” 是修道院的最高负责人，拥有行政与精神双重权威，地位高于普通神父。"
    },
    {
      "word_to_compare": "bishop",
      "analysis": "“Bishop”（主教）是管理一个教区的高级神职人员，管辖多个教堂和神父，其权威范围大于修道院。而 “abbot” 的管辖权仅限于其修道院内部，虽在修道院内权力极大，但不具教区管辖权。"
    },
    {
      "word_to_compare": "monk",
      "analysis": "“Monk”（修士）是修道院中的普通成员，过着禁欲、祈祷和劳动的生活。而 “abbot” 是修士中的领袖，由修士选举产生，负责管理整个团体，是修士的上级而非同级。"
    }
  ]
}