{
  "word": "abbreviated",
  "pronunciation": "uh·bree·vee·ey·tidd",
  "concise_definition": "adj. 缩写的, 简化的, 简短的",
  "forms": {
    "comparative": "more abbreviated",
    "superlative": "most abbreviated"
  },
  "definitions": [
    {
      "pos": "adjective",
      "explanation_en": "Made shorter by omitting parts, especially letters, syllables, or words, while retaining the essential meaning or function.",
      "explanation_cn": "通过省略部分字母、音节或词语而缩短形式，同时保留其核心含义或功能。",
      "example_en": "The abbreviated version of the report was distributed to all attendees.",
      "example_cn": "这份报告的简版已分发给所有与会者。"
    },
    {
      "pos": "adjective",
      "explanation_en": "Characterized by brevity or conciseness, often used to describe speech, writing, or processes that are condensed for efficiency.",
      "explanation_cn": "以简短、简洁为特征，常用于描述为提高效率而被压缩的言语、文字或流程。",
      "example_en": "She gave an abbreviated explanation, just enough to get the point across.",
      "example_cn": "她做了简短的解释，仅足以传达要点。"
    }
  ],
  "comparison": [
    {
      "word_to_compare": "shortened",
      "analysis": "“Shortened” (缩短的) 是一个更通用的词，泛指任何长度上的减少，不一定是通过省略结构成分实现的，例如缩短一条路或一段视频。而 “abbreviated” 特指通过省略语言或符号中的部分来实现的简化，多用于文字、术语或表达方式。"
    },
    {
      "word_to_compare": "concise",
      "analysis": "“Concise” (简洁的) 强调用最少的词语表达清晰完整的意思，侧重表达的精炼与高效，不一定有字面的省略。而 “abbreviated” 更强调形式上的缩短，如使用缩写词（如 “Dr.” 代替 “Doctor”），可能牺牲部分完整性以换取简洁。"
    },
    {
      "word_to_compare": "summary",
      "analysis": "“Summary” (摘要) 是对原文内容的全面提炼与重述，通常包含关键信息的重新组织，是一个独立的简明版本。而 “abbreviated” 通常是原文的直接删减版，保留原结构和顺序，仅去掉非必要部分，不进行重新表述。"
    }
  ]
}