{
  "word": "abbreviation",
  "pronunciation": "uh·bree·vee·ay·shun",
  "concise_definition": "n. 缩写, 缩略形式",
  "forms": {
    "plural": "abbreviations"
  },
  "definitions": [
    {
      "pos": "noun",
      "explanation_en": "A shortened form of a word, phrase, or name, typically created by omitting certain letters or sounds while retaining the essential meaning and recognizability.",
      "explanation_cn": "指通过省略某些字母或音节而形成的单词、短语或名称的简短形式，同时保留其核心含义和可识别性。",
      "example_en": "Dr. is an abbreviation for 'Doctor'.",
      "example_cn": "Dr. 是 'Doctor' 的缩写形式。"
    },
    {
      "pos": "noun",
      "explanation_en": "The act or process of shortening something, especially in writing or speech, to save time or space.",
      "explanation_cn": "指在书写或口语中为节省时间或空间而缩短某事物的行为或过程。",
      "example_en": "The abbreviation of long technical terms is common in scientific journals.",
      "example_cn": "在科学期刊中，对长篇技术术语进行缩写是很常见的。"
    }
  ],
  "comparison": [
    {
      "word_to_compare": "acronym",
      "analysis": "“Acronym”（首字母缩略词）是“abbreviation”的一种特殊类型，由一个短语中每个单词的首字母组成，并能作为一个新词发音（如 NASA）。而 “abbreviation” 是更广泛的术语，包括任何缩短形式，不一定由首字母构成（如 'Prof.' 代表 'Professor'）。"
    },
    {
      "word_to_compare": "shortening",
      "analysis": "“Shortening”（缩短）是一个通用词，泛指任何形式的长度减少，可以是语音、文字或物理尺寸上的。而 “abbreviation” 专指语言文字中的缩略形式，具有约定俗成的规范性和语义保留性。"
    },
    {
      "word_to_compare": "clipping",
      "analysis": "“Clipping”（截短）是语言学中的一种缩略方式，指从原词中截去一部分（如 'ad' 来自 'advertisement'），属于 “abbreviation” 的子类。但 “abbreviation” 还包括首字母缩略、缩写符号等多种形式，范围更广。"
    }
  ]
}