{
  "word": "abby",
  "pronunciation": "ab·ee",
  "concise_definition": "n. 修道院, 修道院院长（古语或专有名词）",
  "forms": {
    "plural": "abbies"
  },
  "definitions": [
    {
      "pos": "noun",
      "explanation_en": "A shortened form of 'abbey', referring to a monastery or convent, especially one governed by an abbot or abbess; often used in place names or historical contexts.",
      "explanation_cn": "‘abbey’（修道院）的缩略形式，指由修道院院长（男：abbot；女：abbess）管理的修道院或女修道院，常用于地名或历史语境中。",
      "example_en": "The ruins of St. Mary's Abby date back to the 12th century.",
      "example_cn": "圣玛丽修道院的遗迹可追溯至12世纪。"
    },
    {
      "pos": "noun",
      "explanation_en": "A proper noun used as a personal name, often a diminutive or affectionate form of 'Abigail'.",
      "explanation_cn": "用作人名的专有名词，常为‘Abigail’（艾比盖尔）的昵称或亲昵形式。",
      "example_en": "Abby is starting her first job at the design studio next week.",
      "example_cn": "艾比下周将在设计工作室开始她的第一份工作。"
    }
  ],
  "comparison": [
    {
      "word_to_compare": "abbey",
      "analysis": "‘Abbey’ 是标准形式，指正式的宗教修道院建筑群，具有明确的宗教和历史含义；而 ‘abby’ 是其口语化或非正式的缩略形式，多用于地名、文学作品或作为人名，语义范围更窄，语体更随意。"
    },
    {
      "word_to_compare": "nun",
      "analysis": "‘Nun’（修女）指在修道院中生活的女性宗教信徒，是人；而 ‘abby’ 指的是修道院这一场所，或作为人名使用，二者词性与指代对象完全不同。"
    },
    {
      "word_to_compare": "abigail",
      "analysis": "‘Abigail’ 是一个完整的希伯来语源女性名字，意为‘父亲的喜悦’；‘abby’ 是其常见的昵称形式，语义上是名字的简化，而非独立词汇，二者属于同一命名体系的不同形式。"
    }
  ]
}