{
  "word": "abc",
  "pronunciation": "eɪ biː siː",
  "concise_definition": "n. 基础, 最基本的知识, 字母表",
  "forms": {
    "plural": "abcs"
  },
  "definitions": [
    {
      "pos": "noun",
      "explanation_en": "The most basic elements or fundamentals of a subject, especially literacy or a skill; often used in the phrase 'the ABCs' to refer to the foundational knowledge required to understand or perform something.",
      "explanation_cn": "指某一主题或技能最基本、最基础的要素，尤其常用于短语 'the ABCs' 中，表示理解或掌握某事物所必需的入门知识。",
      "example_en": "Learning to read is mastering the ABCs of education.",
      "example_cn": "学习阅读就是掌握教育的基础知识。"
    },
    {
      "pos": "noun",
      "explanation_en": "The first three letters of the English alphabet, representing the beginning of learning to read and write.",
      "explanation_cn": "英语字母表中的前三个字母，象征着学习读写能力的起点。",
      "example_en": "The children were singing the ABCs in kindergarten.",
      "example_cn": "孩子们在幼儿园里唱着字母歌。"
    }
  ],
  "comparison": [
    {
      "word_to_compare": "basics",
      "analysis": "“Basics”（基础）是一个更通用的词，泛指任何领域中最核心、最必要的部分，不限于字母或读写。而 “ABC” 特指学习的最初阶段，尤其带有教育启蒙的隐喻色彩，常用于口语和非正式语境。"
    },
    {
      "word_to_compare": "element",
      "analysis": "“Element”（要素）强调构成整体的独立部分，可以是抽象或具体的，如化学元素或基本原理。它不必然暗示“入门”或“初级”含义，而 “ABC” 明确指向初学者的起点。"
    },
    {
      "word_to_compare": "alphabet",
      "analysis": "“Alphabet”（字母表）是完整的26个字母系统，是一个客观存在的语言工具。而 “ABC” 仅取其开头三个字母，用作象征，强调的是“入门”而非系统本身。"
    }
  ]
}