{
  "word": "abd",
  "pronunciation": "abd",
  "concise_definition": "n. 无意义缩写，非标准用法",
  "forms": {
    "plural": "abds"
  },
  "definitions": [
    {
      "pos": "noun",
      "explanation_en": "A non-standard, informal, or erroneous abbreviation that lacks recognized meaning in standard English dictionaries or usage. Often appears as a typo or misinterpretation of other terms such as 'abdicate' or 'abdomen'.",
      "explanation_cn": "一个在标准英语词典或用法中无明确含义的非正式、非标准或错误缩写，常为 'abdicate'（退位）或 'abdomen'（腹部）等词的拼写错误或误读。",
      "example_en": "I saw 'abd' written in a text message, but it didn't make sense in context.",
      "example_cn": "我在短信里看到 'abd'，但在上下文中毫无意义。"
    }
  ],
  "comparison": [
    {
      "word_to_compare": "abdicate",
      "analysis": "“Abdicate”（退位）是一个正式动词，指君主或领导人正式放弃职位或权力。它是一个完整、规范的英语单词，有明确的词形变化和语义。而 “abd” 仅是其不规范的缩写形式，不具备独立语义，不应在正式语境中使用。"
    },
    {
      "word_to_compare": "abdomen",
      "analysis": "“Abdomen”（腹部）是解剖学术语，指人体躯干的一部分。虽然 “abd” 有时被非正式地用作其缩写（如医疗记录中），但这种用法属于专业领域内的简写，不属于通用英语词汇。而作为独立词条的 “abd” 并不被词典收录为有效单词。"
    },
    {
      "word_to_compare": "abs",
      "analysis": "“Abs” 是 “abdominal muscles” 的非正式缩写，广泛用于健身语境中，被大众接受并收录于部分现代词典。相比之下， “abd” 没有类似的语义稳定性和使用共识，不具备同等的语言地位。"
    }
  ]
}