{
  "word": "abdel",
  "pronunciation": "ab·del",
  "concise_definition": "n. 阿卜德尔（阿拉伯男性名字）",
  "forms": {
    "plural": "abdels"
  },
  "definitions": [
    {
      "pos": "noun",
      "explanation_en": "A male given name of Arabic origin, commonly used in Muslim-majority countries; often a shortened form of names like Abdelrahman, Abdelaziz, or Abdallah, meaning 'servant of' (referring to God).",
      "explanation_cn": "源自阿拉伯语的男性名字，常见于穆斯林国家，通常是 Abdelrahman、Abdelaziz 或 Abdallah 等名字的缩写，意为‘仆人’（指真主的仆人）。",
      "example_en": "Abdel is a respected teacher in the village, known for his wisdom and kindness.",
      "example_cn": "阿卜德尔是村子里受人尊敬的老师，以智慧和仁慈著称。"
    }
  ],
  "comparison": [
    {
      "word_to_compare": "abdul",
      "analysis": "“Abdul” 是 “Abdel” 的另一种拼写形式，两者在发音和含义上几乎完全相同，均源自阿拉伯语 “‘abd”（仆人）+ 神的名字。区别主要在于地区拼写习惯：“Abdul” 更常见于南亚和中东部分地区，而 “Abdel” 更常用于北非和法语区。"
    },
    {
      "word_to_compare": "ahmed",
      "analysis": "“Ahmed” 是另一个常见的阿拉伯男性名字，意为“值得赞美的人”，与 “Abdel” 在文化背景上相似，但语义不同：前者强调赞美与荣耀，后者强调对神的臣服。两者均为常见名，但不可互换使用。"
    },
    {
      "word_to_compare": "name",
      "analysis": "“Name” 是泛指任何称呼或标识，而 “Abdel” 是一个具有特定语言、宗教和文化内涵的专有名词。不能将 “Abdel” 简单等同于普通名词 “name”，它承载着伊斯兰文化中对神的虔诚与归属感。"
    }
  ]
}