{
  "word": "abdominal",
  "pronunciation": "uhb·dom·uh·nuhl",
  "concise_definition": "adj. 腹部的, 腹腔的",
  "forms": {
    "comparative": "more abdominal",
    "superlative": "most abdominal"
  },
  "definitions": [
    {
      "pos": "adjective",
      "explanation_en": "Relating to or located in the abdomen, the part of the body between the chest and the pelvis that contains the digestive organs.",
      "explanation_cn": "指与腹部相关的或位于腹部的，即胸部与骨盆之间包含消化器官的区域。",
      "example_en": "The patient complained of sharp abdominal pain after eating.",
      "example_cn": "患者在进食后感到剧烈的腹部疼痛。"
    },
    {
      "pos": "adjective",
      "explanation_en": "Used in medical or anatomical contexts to describe muscles, nerves, or conditions specifically affecting the abdominal region.",
      "explanation_cn": "在医学或解剖学语境中，用于描述影响腹部区域的肌肉、神经或病症。",
      "example_en": "Abdominal muscles are essential for core stability and posture.",
      "example_cn": "腹肌对于核心稳定性和姿势至关重要。"
    }
  ],
  "comparison": [
    {
      "word_to_compare": "abdominal",
      "analysis": "“Abdominal” 专指与腹部（abdomen）直接相关的解剖结构或功能，具有高度专业性和解剖学精确性。它不用于泛指身体其他部位，也不可与更宽泛的词如 “belly” 或 “stomach” 混用。"
    },
    {
      "word_to_compare": "belly",
      "analysis": "“Belly” 是一个非正式、口语化的词，泛指身体的腹部区域，常用于日常对话，但缺乏医学或科学准确性。例如 “belly laugh” 指大笑，与解剖结构无关。而 “abdominal” 仅用于正式语境，强调器官或组织的定位。"
    },
    {
      "word_to_compare": "stomach",
      "analysis": "“Stomach” 指的是消化系统中的一个具体器官（胃），而 “abdominal” 描述的是包含胃在内的整个腹部区域，包括肝脏、肠、胰腺等。因此，所有 stomach 相关的都属于 abdominal，但并非所有 abdominal 问题都源于 stomach。"
    }
  ]
}