{
  "word": "abdomen",
  "pronunciation": "ab·duh·muhn",
  "concise_definition": "n. 腹部, 腹腔",
  "forms": {
    "plural": "abdomens"
  },
  "definitions": [
    {
      "pos": "noun",
      "explanation_en": "The part of the body between the chest and the pelvis that contains the digestive organs, such as the stomach, liver, and intestines, and is protected by the abdominal muscles and bones.",
      "explanation_cn": "指胸部与骨盆之间的身体部位，内含消化器官（如胃、肝和肠道），由腹肌和骨骼保护。",
      "example_en": "She felt a sharp pain in her abdomen after eating the spicy food.",
      "example_cn": "她吃完辛辣食物后感到腹部剧烈疼痛。"
    },
    {
      "pos": "noun",
      "explanation_en": "In anatomy and biology, the cavity enclosed by the abdominal wall that houses vital internal organs, often referred to as the 'belly' in everyday language.",
      "explanation_cn": "在解剖学和生物学中，指由腹壁围成的腔体，内含重要内脏器官，日常语言中常被称为‘肚子’。",
      "example_en": "The surgeon made an incision in the lower abdomen to access the colon.",
      "example_cn": "外科医生在下腹部做了一个切口以进入结肠。"
    }
  ],
  "comparison": [
    {
      "word_to_compare": "stomach",
      "analysis": "“Stomach”（胃）特指消化系统中的一个具体器官，负责储存和初步消化食物。而 “abdomen” 是一个更广泛的解剖区域，包含胃在内的多个器官（如肝、肠、胰腺等）。因此，胃是腹部的一部分，但腹部不等于胃。"
    },
    {
      "word_to_compare": "belly",
      "analysis": "“Belly” 是 “abdomen” 的非正式口语说法，常用于日常对话中，语气更随意，有时带有情感色彩（如“my belly hurts”）。而 “abdomen” 是医学和科学语境中的标准术语，更精确、正式。"
    },
    {
      "word_to_compare": "torso",
      "analysis": "“Torso”（躯干）指人体从颈部到骨盆的整个上半身，包括胸部、腹部和背部。而 “abdomen” 仅指躯干的下部区域，即腹腔部分。因此，腹部是躯干的一个子区域。"
    }
  ]
}