{
  "word": "abducted",
  "pronunciation": "ab·duhk·tid",
  "concise_definition": "v. 绑架, 劫持 (abduct 的过去式和过去分词)",
  "forms": {
    "base_form": "abduct",
    "third_person_singular": "abducts",
    "present_participle": "abducting",
    "past_tense": "abducted",
    "past_participle": "abducted"
  },
  "definitions": [
    {
      "pos": "verb",
      "explanation_en": "To take someone away by force or deception, often against their will and usually for ransom, political leverage, or other illicit purposes.",
      "explanation_cn": "指通过武力或欺骗手段将某人强行带走，通常违背其意愿，目的是勒索赎金、获取政治筹码或其他非法用途。",
      "example_en": "The child was abducted from her school playground by a stranger.",
      "example_cn": "这个孩子在学校的操场上被一个陌生人绑架了。"
    },
    {
      "pos": "verb",
      "explanation_en": "To carry off or remove someone suddenly and unexpectedly, sometimes used metaphorically to describe being captivated or distracted.",
      "explanation_cn": "指突然且出人意料地将某人带走，有时用于比喻性表达，形容被某种事物深深吸引或分心。",
      "example_en": "The breathtaking view of the mountains abducted her attention completely.",
      "example_cn": "那令人屏息的山景完全攫住了她的注意力。"
    }
  ],
  "comparison": [
    {
      "word_to_compare": "kidnap",
      "analysis": "“Kidnap” (绑架) 与 “abduct” 几乎完全同义，常可互换，但 “kidnap” 更常用于日常语言和新闻报道中，语气更直接；而 “abduct” 语体稍正式，多用于法律、学术或文学语境，且更强调“强行带走”的动作本身。"
    },
    {
      "word_to_compare": "seize",
      "analysis": "“Seize” (夺取/抓住) 指迅速而有力地抓住或控制某物或某人，但不一定涉及带走或长期控制。它可以是短暂的、非持续性的行为，如“seize an opportunity”（抓住机会）。而 “abduct” 特指将人非法带走并通常意图长期控制。"
    },
    {
      "word_to_compare": "capture",
      "analysis": "“Capture” (俘获) 通常用于战争、执法或动物捕捉的语境，强调制服并控制对方，但不必然包含“秘密带走”或“勒索”等非法动机。例如“capture a spy”（抓获间谍）是合法行为，而 “abduct a diplomat” 则是犯罪行为。"
    }
  ]
}