{
  "word": "abdullah",
  "pronunciation": "ab·dool·lah",
  "concise_definition": "n. 阿卜杜拉（阿拉伯男性名字，意为“真主的仆人”）",
  "forms": {
    "variant_spellings": [
      "Abdullah",
      "Abdulullah",
      "Abdul lah"
    ]
  },
  "definitions": [
    {
      "pos": "noun",
      "explanation_en": "A common Arabic male given name meaning 'servant of God' or 'servant of Allah', derived from the Arabic words 'abd' (servant) and 'Allah' (God). It is widely used across the Muslim world and often forms part of compound names such as Abdullah bin Abdulaziz.",
      "explanation_cn": "一个常见的阿拉伯男性名字，意为“真主的仆人”，源自阿拉伯语单词 'abd'（仆人）和 'Allah'（真主）。该名字在穆斯林世界广泛使用，常作为复合名字的一部分，如阿卜杜拉·本·阿卜杜勒阿齐兹。",
      "example_en": "King Abdullah of Saudi Arabia was known for his efforts in modernizing the country's education system.",
      "example_cn": "沙特阿拉伯国王阿卜杜拉以推动国家教育体系现代化而闻名。"
    },
    {
      "pos": "noun",
      "explanation_en": "Used as a title or honorific in some cultures to refer to a respected religious or royal figure, especially in historical or traditional contexts.",
      "explanation_cn": "在某些文化中，用作尊称，指代受人尊敬的宗教或王室人物，尤其在历史或传统语境中。",
      "example_en": "The elders of the village still refer to the old imam as 'Abdullah Sahib' out of deep respect.",
      "example_cn": "村里的长者仍以‘阿卜杜拉·萨希布’尊称那位老伊玛目，以示敬意。"
    }
  ],
  "comparison": [
    {
      "word_to_compare": "abdul",
      "analysis": "“Abdul” 是 “Abdullah” 的缩略形式，意为“真主的仆人”，但通常作为复合名的前缀，如 Abdul Rahman（真主的仁慈之仆）。而 “Abdullah” 是一个完整独立的名字，直接表达对真主的臣服，不依赖后缀。在使用上，“Abdul” 更常作为名字的一部分，而 “Abdullah” 可作为完整个人名独立使用。"
    },
    {
      "word_to_compare": "muhammad",
      "analysis": "“Muhammad”（穆罕默德）是伊斯兰教先知的名字，意为“受赞颂者”，是穆斯林世界最普遍的男性名字之一，具有宗教神圣性。而 “Abdullah” 虽也具宗教含义，但更强调个人对真主的服从，不直接关联先知本人。两者都常见于穆斯林命名传统，但 “Muhammad” 的宗教地位更高，常被用于表达对先知的崇敬。"
    },
    {
      "word_to_compare": "sultan",
      "analysis": "“Sultan”（苏丹）是一个政治头衔，指伊斯兰国家的统治者或君主，强调权力与统治地位。而 “Abdullah” 是个人名字，表达宗教信仰与谦卑，不包含任何统治含义。虽然历史上有名为 Abdullah 的苏丹（如阿卜杜拉·本·阿卜杜勒阿齐兹），但名字本身与头衔无语义关联。"
    }
  ]
}