{
  "word": "abdul",
  "pronunciation": "ab·dool",
  "concise_definition": "n. 阿卜杜勒（阿拉伯语人名，意为“真主的仆人”）",
  "forms": {
    "plural": "abduls"
  },
  "definitions": [
    {
      "pos": "noun",
      "explanation_en": "A male given name of Arabic origin, commonly used in Muslim cultures, meaning 'servant of' or 'slave of', typically followed by one of the names of God in Islam (e.g., Abdul Rahman = servant of the Most Merciful).",
      "explanation_cn": "源自阿拉伯语的男性名字，广泛用于穆斯林文化中，意为“……的仆人”，通常与真主的尊名连用（如阿卜杜勒·拉赫曼意为“至仁主的仆人”）。",
      "example_en": "Abdul was a respected teacher in the village, known for his wisdom and kindness.",
      "example_cn": "阿卜杜勒是村子里受人尊敬的老师，以智慧和仁慈著称。"
    },
    {
      "pos": "noun",
      "explanation_en": "Used as a prefix in compound names to denote devotion or submission to God in Islamic tradition.",
      "explanation_cn": "在伊斯兰传统中，作为复合人名的前缀，表示对真主的虔诚与顺服。",
      "example_en": "Abdul Malik and Abdul Aziz are common variations of this name across the Muslim world.",
      "example_cn": "阿卜杜勒·马利克和阿卜杜勒·阿齐兹是穆斯林世界中这种名字的常见变体。"
    }
  ],
  "comparison": [
    {
      "word_to_compare": "servant",
      "analysis": "“Servant”（仆人）是通用英语词汇，泛指为他人服务的人，无宗教或文化特定含义。而 “Abdul” 是专有名词的一部分，承载着深厚的伊斯兰信仰内涵，强调对真主的绝对服从，具有神圣性和文化独特性。"
    },
    {
      "word_to_compare": "slave",
      "analysis": "“Slave”（奴隶）在现代语境中带有强烈负面含义，指被剥夺自由的人。而 “Abdul” 中的词根 “abd” 虽字面可译为“奴隶”，但在宗教语境中是自愿的、崇高的精神臣服，与人身奴役无关，属于宗教术语的升华用法。"
    },
    {
      "word_to_compare": "muhammad",
      "analysis": "“Muhammad”（穆罕默德）是伊斯兰教先知的名字，是个人身份的直接指称。而 “Abdul” 是一个表示宗教归属的前缀，常作为名字的一部分，表达对真主的依附，二者在语义功能和文化角色上完全不同。"
    }
  ]
}