{
  "word": "abe",
  "pronunciation": "ayb",
  "concise_definition": "n. (人名) 阿布（常为 Abraham 的昵称）",
  "forms": {
    "plural": "abes"
  },
  "definitions": [
    {
      "pos": "noun",
      "explanation_en": "A diminutive or informal nickname for the given name Abraham, commonly used in English-speaking cultures, especially in historical or colloquial contexts.",
      "explanation_cn": "人名 Abraham 的昵称或非正式叫法，常见于英语文化圈，多用于历史语境或口语表达。",
      "example_en": "Abe Lincoln was the 16th president of the United States.",
      "example_cn": "亚伯拉罕·林肯是美国第16任总统。"
    }
  ],
  "comparison": [
    {
      "word_to_compare": "abraham",
      "analysis": "“Abraham” 是正式的全名，常用于书面语、宗教文本或正式场合；而 “Abe” 是其口语化、亲昵的缩略形式，多用于日常对话或非正式写作中，语体更轻松。"
    },
    {
      "word_to_compare": "babe",
      "analysis": "“Babe” 是另一个常见的昵称形式，但通常用于指代婴儿、恋人或表示亲昵，与 “Abe” 的人名功能完全不同。两者虽同为缩略昵称，但语义和使用场景无关联。"
    },
    {
      "word_to_compare": "ali",
      "analysis": "“Ali” 是 “Alihammad” 或 “Alexander” 等名字的昵称，与 “Abe” 同属人名缩略形式，但来源不同。Abe 源自 Abraham，而 Ali 通常源自阿拉伯语名字，文化背景和语言起源有显著差异。"
    }
  ]
}