{
  "word": "abel",
  "pronunciation": "ay·bel",
  "concise_definition": "n. 阿贝尔（人名）",
  "forms": {
    "plural": "Abels"
  },
  "definitions": [
    {
      "pos": "noun",
      "explanation_en": "A proper noun, typically used as a given name or surname, most notably associated with Niels Henrik Abel, the influential 19th-century Norwegian mathematician known for his foundational work in algebra and analysis.",
      "explanation_cn": "一个专有名词，通常用作人名或姓氏，最著名的是指19世纪挪威数学家尼尔斯·亨利克·阿贝尔，他在代数和分析领域做出了奠基性贡献。",
      "example_en": "Abel's theorem is a cornerstone in the study of power series convergence.",
      "example_cn": "阿贝尔定理是研究幂级数收敛性的重要基石。"
    }
  ],
  "comparison": [
    {
      "word_to_compare": "abelian",
      "analysis": "“Abelian”（阿贝尔的）是形容词形式，源自人名 “Abel”，用于描述满足交换律的数学结构（如阿贝尔群）。它不是人名，而是数学术语，表示某种性质。而 “Abel” 本身仅作为人名使用，不具有描述性含义。"
    },
    {
      "word_to_compare": "abelianism",
      "analysis": "“Abelianism” 并非标准英语词汇，有时被误用为指代与阿贝尔相关的数学思想，但实际不存在正式定义。相比之下，”Abel“ 是一个明确且被广泛认可的人名，具有历史和学术指涉。"
    },
    {
      "word_to_compare": "abelard",
      "analysis": "“Abelard” 是另一个历史人名（如中世纪哲学家彼得·阿贝拉尔），与 “Abel” 拼写和发音相似，但属于不同人物和语境。两者均为专有名词，但指代不同个体，不可互换。"
    }
  ]
}