{
  "word": "aberdeen",
  "pronunciation": "ab·er·deen",
  "concise_definition": "n. 阿伯丁（苏格兰城市名）",
  "forms": {
    "plural": "Aberdeens"
  },
  "definitions": [
    {
      "pos": "noun",
      "explanation_en": "A city in northeast Scotland, known for its granite architecture, oil industry, and historic universities; it is the third-largest city in Scotland.",
      "explanation_cn": "位于苏格兰东北部的一座城市，以其花岗岩建筑、石油工业和历史悠久的大学而闻名，是苏格兰第三大城市。",
      "example_en": "Aberdeen is often called the 'Granite City' because many of its buildings are constructed from locally quarried grey granite.",
      "example_cn": "阿伯丁常被称为‘花岗岩之城’，因为许多建筑都使用当地开采的灰色花岗岩建造。"
    },
    {
      "pos": "noun",
      "explanation_en": "A type of beef cattle breed originating from Aberdeen, Scotland, known for its lean, high-quality meat and polled (hornless) characteristics.",
      "explanation_cn": "一种起源于苏格兰阿伯丁的牛品种，以肉质瘦嫩、品质优良且无角（polled）为特征。",
      "example_en": "Aberdeen Angus cattle are prized in the beef industry for their marbling and tenderness.",
      "example_cn": "阿伯丁安格斯牛因其肉质大理石纹路和嫩度而在牛肉产业中备受推崇。"
    }
  ],
  "comparison": [
    {
      "word_to_compare": "Edinburgh",
      "analysis": "“Edinburgh”（爱丁堡）是苏格兰首府，以历史遗迹、艺术节和城堡闻名，是政治与文化中心；而 “Aberdeen” 是经济与工业重镇，以石油和渔业著称，风格更偏向务实与现代。两者虽同属苏格兰重要城市，但定位与气质截然不同。"
    },
    {
      "word_to_compare": "Glasgow",
      "analysis": "“Glasgow”（格拉斯哥）是苏格兰最大城市，以工业遗产、音乐场景和维多利亚建筑闻名，更具都市活力；而 “Aberdeen” 规模较小，氛围更宁静，且因北海石油业而具有独特的能源经济结构。"
    },
    {
      "word_to_compare": "Angus",
      "analysis": "“Angus” 是苏格兰的一个行政区，也是阿伯丁安格斯牛的命名来源；而 “Aberdeen” 是城市名。虽然两者地理相邻且在畜牧业中常被关联，但 “Angus” 指的是地域或品种，而 “Aberdeen” 主要指城市或其衍生的牛种名称。"
    }
  ]
}