{
  "word": "abi",
  "pronunciation": "ay·bee·eye",
  "concise_definition": "n. (缩写) 气象学中的大气边界层；(人名) 阿比",
  "forms": {
    "plural": "abis"
  },
  "definitions": [
    {
      "pos": "noun",
      "explanation_en": "An abbreviation for 'atmospheric boundary layer', the lowest part of the atmosphere that is directly influenced by contact with the Earth's surface, where weather phenomena such as wind, temperature, and humidity gradients are most pronounced.",
      "explanation_cn": "气象学术语，指大气层中最接近地表的部分，直接受地球表面影响，风、温度和湿度梯度等天气现象在此层最为显著。",
      "example_en": "Meteorologists study the abi to understand how surface conditions affect local weather patterns.",
      "example_cn": "气象学家研究大气边界层，以了解地表条件如何影响局部天气模式。"
    },
    {
      "pos": "noun",
      "explanation_en": "A proper noun, used as a given name, particularly in South Asian and African cultures, often short for names like Abigail, Abid, or Abimbola.",
      "explanation_cn": "用作人名，常见于南亚和非洲文化，常为 Abigail、Abid 或 Abimbola 等名字的简称。",
      "example_en": "Abi joined the team as our new project coordinator.",
      "example_cn": "阿比加入了团队，担任我们的新项目协调员。"
    }
  ],
  "comparison": [
    {
      "word_to_compare": "ABL",
      "analysis": "“ABL” (Atmospheric Boundary Layer) 是 “abi” 在气象学中的完整拼写形式，两者含义完全相同，但 “ABL” 是更正式、更常见的学术缩写，而 “abi” 多见于口语或非正式文献中，使用频率较低。"
    },
    {
      "word_to_compare": "boundary layer",
      "analysis": "“Boundary layer” 是 “abi” 的完整英文术语，强调物理概念本身，适用于所有科学领域（如流体力学、空气动力学）。而 “abi” 作为缩写，仅在气象学语境中使用，具有领域局限性。"
    },
    {
      "word_to_compare": "Abigail",
      "analysis": "“Abigail” 是一个完整的英文女性名字，意为“父亲的喜悦”，而 “Abi” 是其常见的昵称或缩写形式。两者为同源人名，但 “Abigail” 更正式、更完整，常用于法律或正式文件；“Abi” 则更亲切、口语化。"
    }
  ]
}