{
  "word": "abiding",
  "pronunciation": "uh·bīd·iŋ",
  "concise_definition": "adj. 持久的, 持续的, 不变的",
  "forms": {
    "base_form": "abide",
    "present_participle": "abiding",
    "past_tense": "abided",
    "past_participle": "abided"
  },
  "definitions": [
    {
      "pos": "adjective",
      "explanation_en": "Lasting or enduring over a long period of time; not easily changed or abandoned, especially in reference to beliefs, rules, or commitments.",
      "explanation_cn": "指持续很长时间、不易改变或放弃的，尤其用于描述信念、规则或承诺的持久性。",
      "example_en": "She has an abiding love for classical music that has lasted since childhood.",
      "example_cn": "她对古典音乐有着持久的热爱，这种热爱自童年起便从未改变。"
    },
    {
      "pos": "adjective",
      "explanation_en": "Firmly held or deeply rooted, often implying moral or emotional conviction.",
      "explanation_cn": "指坚定持有或根深蒂固的，常暗示道德或情感上的坚定信念。",
      "example_en": "His abiding sense of justice made him a respected community leader.",
      "example_cn": "他根深蒂固的正义感使他成为一位受人尊敬的社区领袖。"
    }
  ],
  "comparison": [
    {
      "word_to_compare": "enduring",
      "analysis": "“Enduring”（持久的）与 “abiding” 非常接近，都表示持续时间长，但 “enduring” 更强调经受住时间或困难考验的韧性，常用于描述痛苦、关系或影响；而 “abiding” 更侧重于内在情感或信念的恒常性，带有更强的主观情感色彩。"
    },
    {
      "word_to_compare": "permanent",
      "analysis": "“Permanent”（永久的）指绝对不可改变或终止的状态，具有客观性和不可逆性，如永久性损伤；而 “abiding” 虽然持久，但不一定是永恒的，它允许未来可能的变化，只是目前非常稳定，更富人文情感。"
    },
    {
      "word_to_compare": "lasting",
      "analysis": "“Lasting”（持久的）是中性词，常用于描述结果或影响的延续，如 lasting impression（持久的印象），侧重时间长度；而 “abiding” 更强调情感或原则的内在坚守，语义更庄重、更具文学性。"
    }
  ]
}