{
  "word": "abide",
  "pronunciation": "uh·baid",
  "concise_definition": "v. 遵守, 忍受, 停留",
  "forms": {
    "third_person_singular": "abides",
    "past_tense": "abided",
    "past_participle": "abided",
    "present_participle": "abiding"
  },
  "definitions": [
    {
      "pos": "verb",
      "explanation_en": "To accept and follow a rule, law, decision, or agreement, often with a sense of duty or moral obligation.",
      "explanation_cn": "指接受并遵守规则、法律、决定或协议，通常带有责任或道德义务的意味。",
      "example_en": "All citizens must abide by the laws of the country.",
      "example_cn": "所有公民都必须遵守国家的法律。"
    },
    {
      "pos": "verb",
      "explanation_en": "To tolerate or endure something unpleasant, often with patience or resignation.",
      "explanation_cn": "指忍耐或忍受不愉快的事物，常带有耐心或无奈的意味。",
      "example_en": "I can't abide loud noises when I'm trying to concentrate.",
      "example_cn": "我专心工作时无法忍受很大的噪音。"
    },
    {
      "pos": "verb",
      "explanation_en": "To remain or stay in a place, especially for a period of time (archaic or literary usage).",
      "explanation_cn": "指停留在某地，尤指持续一段时间（多用于古语或文学语境）。",
      "example_en": "He abided in the forest for many years, living simply and in harmony with nature.",
      "example_cn": "他在森林中居住了多年，过着简朴而与自然和谐的生活。"
    }
  ],
  "comparison": [
    {
      "word_to_compare": "obey",
      "analysis": "“Obey” (服从) 更强调对权威或命令的直接遵从，通常带有自上而下的权力关系，语气更强制。而 “abide” 更侧重于自愿或道德上的遵守，常用于法律、规则或协议的语境，语气更庄重、正式。"
    },
    {
      "word_to_compare": "tolerate",
      "analysis": "“Tolerate” (容忍) 指虽然不喜欢或不认同，但允许其存在，通常带有被动和勉强的意味。而 “abide” 在表示“忍受”时，语气更强烈，常暗示长期忍耐甚至痛苦的承受，情感色彩更深。"
    },
    {
      "word_to_compare": "reside",
      "analysis": "“Reside” (居住) 是现代英语中表示“居住”的标准词，中性且常用，仅指物理上的停留地点。而 “abide” 在表示“停留”时是古语或文学用法，带有诗意或庄重的氛围，现代口语中极少使用。"
    }
  ]
}