{
  "word": "abigail",
  "pronunciation": "uh·baj·uh·l",
  "concise_definition": "n. (人名) 阿比盖尔",
  "forms": {
    "plural": "abigails"
  },
  "definitions": [
    {
      "pos": "noun",
      "explanation_en": "A proper noun, typically used as a female given name of Hebrew origin, meaning 'my father is joy' or 'father of joy'.",
      "explanation_cn": "一个专有名词，通常用作女性的名字，源自希伯来语，意为‘我的父亲是喜乐’或‘喜乐之父’。",
      "example_en": "Abigail was the first woman to be appointed as the CEO of the company.",
      "example_cn": "阿比盖尔是该公司首位被任命为首席执行官的女性。"
    },
    {
      "pos": "noun",
      "explanation_en": "In historical or literary contexts, a servant or maid, especially one who is wise, loyal, and resourceful, derived from the biblical figure Abigail who showed great wisdom in dealing with David.",
      "explanation_cn": "在历史或文学语境中，指一位聪明、忠诚且机智的女仆或侍女，源自《圣经》中那位以智慧应对大卫的女性阿比盖尔。",
      "example_en": "The old mansion still had an Abigail who managed the household with quiet efficiency.",
      "example_cn": "这座老宅子里仍有一位像阿比盖尔那样的女仆，以沉静而高效的方式打理着家务。"
    }
  ],
  "comparison": [
    {
      "word_to_compare": "alice",
      "analysis": "“Alice”（爱丽丝）是另一个常见的女性名字，源自德语，意为“高贵”或“真实”，常用于文学作品中象征纯真或幻想（如《爱丽丝梦游仙境》）。而 “Abigail” 更多与智慧、务实和历史权威相关联，尤其在《圣经》语境中具有政治智慧的象征意义。"
    },
    {
      "word_to_compare": "hannah",
      "analysis": "“Hannah”（汉娜）同样是希伯来语起源的女性名字，意为“恩典”或“仁慈”，常与虔诚、母性联系在一起（如《圣经》中的先知之母）。相比之下，Abigail 更强调机智、果断和外交能力，而非宗教虔诚或母性特质。"
    },
    {
      "word_to_compare": "maid",
      "analysis": "“Maid”（女仆）是一个泛指服务人员的普通名词，无特定文化或历史内涵。而 “Abigail” 作为“女仆”的用法是特定的文化典故，承载着《圣经》中那位智慧女性的正面形象，因此带有褒义和象征性，远超普通词汇的语义范围。"
    }
  ]
}