{
  "word": "abilities",
  "pronunciation": "uh·bil·uh·teez",
  "concise_definition": "n. 能力, 才能, 技能",
  "forms": {
    "singular": "ability"
  },
  "definitions": [
    {
      "pos": "noun",
      "explanation_en": "A natural or acquired power or skill to do something well, often referring to physical, mental, or intellectual capacity.",
      "explanation_cn": "指做好某事的天赋或后天习得的能力，通常指身体、心理或智力方面的才能。",
      "example_en": "Her ability to solve complex mathematical problems impressed everyone in the class.",
      "example_cn": "她解决复杂数学问题的能力让全班同学都印象深刻。"
    },
    {
      "pos": "noun",
      "explanation_en": "A specific talent or aptitude in a particular area, such as music, sports, or communication, often used in plural form to describe multiple skills.",
      "explanation_cn": "指在某一特定领域（如音乐、体育或沟通）中的特殊天赋或资质，常以复数形式表示多种能力。",
      "example_en": "The job requires a range of abilities, including leadership, teamwork, and problem-solving.",
      "example_cn": "这份工作需要多种能力，包括领导力、团队合作和解决问题的能力。"
    }
  ],
  "comparison": [
    {
      "word_to_compare": "skill",
      "analysis": "“Skill”（技能）更强调通过学习和练习获得的特定技术或操作能力，通常是可量化的、具体的，如打字、编程或弹钢琴。而 “ability” 范围更广，可包含天赋、潜能或综合性的能力，不一定需要后天训练。"
    },
    {
      "word_to_compare": "capacity",
      "analysis": "“Capacity”（容量/潜力）侧重于某人或某物所能承载、容纳或发挥的最大限度，常用于抽象概念如学习能力、记忆容量或情绪承受力。它更偏向于潜力或上限，而 “ability” 更强调实际表现或已具备的执行能力。"
    },
    {
      "word_to_compare": "talent",
      "analysis": "“Talent”（天赋）特指与生俱来的、自然的才能，通常用于艺术、运动或智力领域，强调先天优势。而 “ability” 可以是天赋，也可以是后天培养的结果，适用范围更广，中性且更通用。"
    }
  ]
}