{
  "word": "ability",
  "pronunciation": "uh·bil·uh·tee",
  "concise_definition": "n. 能力, 才能, 技能",
  "forms": {
    "plural": "abilities"
  },
  "definitions": [
    {
      "pos": "noun",
      "explanation_en": "The physical or mental power or capacity to do something, often referring to a natural or acquired skill or talent.",
      "explanation_cn": "指做某事的体力或智力能力，通常指与生俱来或后天习得的技能或天赋。",
      "example_en": "She has an extraordinary ability to remember faces and names.",
      "example_cn": "她有着非凡的记忆面孔和名字的能力。"
    },
    {
      "pos": "noun",
      "explanation_en": "A specific skill or competence in a particular area, often used in professional or academic contexts to describe measurable aptitude.",
      "explanation_cn": "指在特定领域中的具体技能或胜任力，常用于职业或学术语境中描述可衡量的才能。",
      "example_en": "His ability to analyze complex data made him invaluable to the research team.",
      "example_cn": "他分析复杂数据的能力使他成为研究团队中不可或缺的人才。"
    }
  ],
  "comparison": [
    {
      "word_to_compare": "skill",
      "analysis": "“Skill” (技能) 强调通过学习和实践获得的特定操作能力，通常是可量化的、技术性的，如编程、绘画或演奏乐器。而 “ability” 更广泛，可包含天赋、潜能或先天素质，不一定需要后天训练。"
    },
    {
      "word_to_compare": "capacity",
      "analysis": "“Capacity” (容量/潜力) 常指潜在的、可发展的能力，尤其在物理、心理或系统层面，如“memory capacity”或“learning capacity”。它更偏向于最大承载量或发展潜力，而 “ability” 更强调实际表现或已具备的执行能力。"
    },
    {
      "word_to_compare": "talent",
      "analysis": "“Talent” (天赋) 特指与生俱来的、非凡的才能，通常用于艺术、体育或智力领域，带有赞美色彩。而 “ability” 是中性词，涵盖天赋与后天习得的能力，范围更广。"
    }
  ]
}