{
  "word": "able",
  "pronunciation": "ay·buhl",
  "concise_definition": "adj. 能够的, 有本领的, 有能力的",
  "forms": {
    "comparative": "abler",
    "superlative": "ablest"
  },
  "definitions": [
    {
      "pos": "adjective",
      "explanation_en": "Having the necessary skill, strength, resources, or opportunity to do something successfully; capable of performing a specific action.",
      "explanation_cn": "具备成功完成某事所需的技能、能力、资源或机会；能够执行特定行为。",
      "example_en": "She is able to speak three languages fluently.",
      "example_cn": "她能够流利地讲三种语言。"
    },
    {
      "pos": "adjective",
      "explanation_en": "Used in the structure 'be able to' to express possibility or capability, especially in future or past contexts where 'can' is not grammatically appropriate.",
      "explanation_cn": "用于 'be able to' 结构中，表达可能性或能力，尤其在将来或过去语境中，当 'can' 不符合语法时使用。",
      "example_en": "I was able to finish the project before the deadline.",
      "example_cn": "我能够在截止日期前完成这个项目。"
    }
  ],
  "comparison": [
    {
      "word_to_compare": "capable",
      "analysis": "“Capable”（有能力的）更强调潜在的或一般性的能力，常用于描述人或系统具备完成某类任务的素质，语气较正式；而 “able” 更侧重于在具体情境下实际能够做到某事，常与 ‘be able to’ 搭配使用，更口语化、更直接。"
    },
    {
      "word_to_compare": "competent",
      "analysis": "“Competent”（称职的）强调达到基本标准或胜任某项工作，常带有“足够好”的含义，有时隐含“不突出但可靠”的评价；而 “able” 更中性，仅表示有能力完成，不涉及水平高低的判断。"
    },
    {
      "word_to_compare": "can",
      "analysis": "“Can” 是情态动词，用于表达一般能力或可能性，结构简洁，但不能用于过去时或将来时（需用 “could” 或 “will be able to”）；而 “able” 是形容词，必须与 “be” 连用，但能灵活用于各种时态，如 “was able to”, “will be able to”，适用范围更广。"
    }
  ]
}