{
  "word": "abnormal",
  "pronunciation": "ab·nawr·muhl",
  "concise_definition": "adj. 异常的, 不正常的, 反常的",
  "forms": {
    "comparative": "abnormal",
    "superlative": "abnormal"
  },
  "definitions": [
    {
      "pos": "adjective",
      "explanation_en": "Deviating from what is standard, usual, or expected; not conforming to a norm or typical pattern, often implying something unusual or problematic.",
      "explanation_cn": "偏离标准、通常或预期状态的；不符合常规或典型模式，通常暗示某种异常或问题。",
      "example_en": "The patient showed abnormal levels of cholesterol in the blood test.",
      "example_cn": "该患者的血液检查显示胆固醇水平异常。"
    },
    {
      "pos": "adjective",
      "explanation_en": "Unnatural or irregular in behavior, appearance, or function, especially when it causes concern or disruption.",
      "explanation_cn": "在行为、外观或功能上显得不自然或不规则，尤其当这种状态引发担忧或干扰时。",
      "example_en": "His abnormal laughter during the funeral upset many attendees.",
      "example_cn": "他在葬礼上的异常笑声让许多与会者感到不安。"
    }
  ],
  "comparison": [
    {
      "word_to_compare": "unusual",
      "analysis": "“Unusual” (不寻常的) 指的是少见或不常见，但不一定带有负面或病理性的含义，可能只是与众不同。而 “abnormal” 更强调偏离正常标准，常隐含异常、病态或需要关注的意味。"
    },
    {
      "word_to_compare": "irregular",
      "analysis": "“Irregular” (不规则的) 侧重于不符合既定模式、规律或周期，常用于描述时间、频率或形状上的不一致，如“irregular heartbeat”（心律不齐）。而 “abnormal” 更广泛地指整体偏离常态，可能涉及生理、心理或行为层面。"
    },
    {
      "word_to_compare": "anomalous",
      "analysis": "“Anomalous” (反常的) 是一个更学术或正式的词，常用于科学、统计或技术语境中，指与预期或理论不符的数据或现象，强调客观的偏离。而 “abnormal” 更口语化，常带有主观判断或情感色彩，如担忧、惊讶或排斥。"
    }
  ]
}