{
  "word": "aboard",
  "pronunciation": "uh·bɔrd",
  "concise_definition": "adv. 在船上, 在飞机上, 在车上; prep. 在…上（指交通工具）",
  "definitions": [
    {
      "pos": "adverb",
      "explanation_en": "On or into a vehicle such as a ship, airplane, train, or bus; indicating physical presence on a mode of transportation.",
      "explanation_cn": "指在或登上一艘船、飞机、火车或公共汽车等交通工具上；表示身处某种交通工具之上。",
      "example_en": "All passengers were aboard the cruise ship before it set sail.",
      "example_cn": "所有乘客在邮轮启航前都已登船。"
    },
    {
      "pos": "preposition",
      "explanation_en": "Used to indicate that someone or something is on or within a vehicle, especially one that carries people or cargo.",
      "explanation_cn": "用于表示某人或某物位于某种载人或载货的交通工具之上，尤指船、飞机、火车等。",
      "example_en": "She went aboard the plane just as the doors were closing.",
      "example_cn": "她就在舱门即将关闭时登上了飞机。"
    }
  ],
  "comparison": [
    {
      "word_to_compare": "on",
      "analysis": "“On” 是一个更通用的介词，表示“在…表面”或“在…之上”，可用于任何物体（如 on the table, on the wall）。而 “aboard” 专门用于交通工具，强调“进入并位于”运输工具内部，语义更具体、更正式。"
    },
    {
      "word_to_compare": "board",
      "analysis": "“Board” 作为动词，意思是“登上”交通工具（如 to board a plane），强调动作过程；而 “aboard” 是副词或介词，描述的是状态或位置。两者语义相关，但词性和用法不同：board 是动作，aboard 是状态。"
    },
    {
      "word_to_compare": "inside",
      "analysis": "“Inside” 指在任何封闭空间内部（如 inside the house, inside the box），强调空间的物理边界；而 “aboard” 仅用于交通工具，且隐含“正在运输中”的语境，具有更强的移动性和功能性含义。"
    }
  ]
}
