{
  "word": "abode",
  "pronunciation": "uh·bohd",
  "concise_definition": "n. 住所, 居所",
  "forms": {
    "plural": "abodes"
  },
  "definitions": [
    {
      "pos": "noun",
      "explanation_en": "A place where someone lives; a permanent or temporary residence, often used in a formal, literary, or poetic context.",
      "explanation_cn": "指某人居住的地方，可以是永久或临时的住所，常用于正式、文学或诗意的语境中。",
      "example_en": "They returned to their humble abode after a long journey.",
      "example_cn": "长途跋涉后，他们回到了自己简朴的居所。"
    },
    {
      "pos": "noun",
      "explanation_en": "A dwelling or home considered as a symbol of stability, comfort, or belonging, especially in older or figurative usage.",
      "explanation_cn": "指作为稳定、舒适或归属感象征的居所，尤其在较旧或比喻性用法中。",
      "example_en": "The old cottage was her cherished abode, filled with memories of childhood.",
      "example_cn": "那座旧小屋是她珍爱的居所，充满了童年的回忆。"
    }
  ],
  "comparison": [
    {
      "word_to_compare": "home",
      "analysis": "“Home” (家) 更强调情感联系、归属感和心理上的安全感，是主观体验的中心；而 “abode” 更中性、客观，仅指物理意义上的居住场所，常用于书面或文学语境，较少用于日常口语。"
    },
    {
      "word_to_compare": "residence",
      "analysis": "“Residence” (住所) 是法律或官方语境中常用的正式词，常用于指固定住址，如“primary residence”（主要住所）；“abode” 虽也正式，但更具文学色彩，语气更柔和，有时带怀旧或诗意意味。"
    },
    {
      "word_to_compare": "dwelling",
      "analysis": "“Dwelling” (居所) 与 “abode” 意义非常接近，都指居住的建筑物，但 “dwelling” 更常用于建筑学、社会学或统计报告中，强调功能性；而 “abode” 更富有人文气息，常用于叙事或抒情表达。"
    }
  ]
}