{
  "word": "abolished",
  "pronunciation": "uh·bol·isht",
  "concise_definition": "v. 废除, 取消, 撤销",
  "forms": {
    "base_form": "abolish",
    "third_person_singular": "abolishes",
    "past_tense": "abolished",
    "past_participle": "abolished",
    "present_participle": "abolishing"
  },
  "definitions": [
    {
      "pos": "verb",
      "explanation_en": "To officially end or cancel a system, practice, law, or institution, especially one that is considered outdated, unjust, or harmful.",
      "explanation_cn": "指正式终止或废除某种制度、做法、法律或机构，尤指那些被认为过时、不公正或有害的。",
      "example_en": "The country abolished the death penalty in 1998.",
      "example_cn": "该国于1998年废除了死刑。"
    },
    {
      "pos": "verb",
      "explanation_en": "To completely remove or get rid of something, often with a sense of finality and moral conviction.",
      "explanation_cn": "指彻底消除或去除某事物，常带有最终性和道德上的坚定立场。",
      "example_en": "Activists worked for decades to abolish child labor in factories.",
      "example_cn": "活动人士几十年来致力于废除工厂中的童工制度。"
    }
  ],
  "comparison": [
    {
      "word_to_compare": "cancel",
      "analysis": "“Cancel” (取消) 通常用于临时性或计划性的事项，如取消会议、订单或活动，语气较轻，不一定涉及道德或制度层面。而 “abolish” 强调对根深蒂固的制度或法律的彻底废除，具有更强的权威性和历史性。"
    },
    {
      "word_to_compare": "repeal",
      "analysis": "“Repeal” (废止) 专指撤销已通过的法律或法规，是法律术语，范围较窄。而 “abolish” 可用于法律、制度、习俗、实践等多种对象，语义更广，且常带有更强烈的道德批判色彩。"
    },
    {
      "word_to_compare": "eliminate",
      "analysis": "“Eliminate” (消除) 强调通过行动彻底去除某物，可以是物理的（如消除细菌）或抽象的（如消除障碍），但不必然涉及官方或制度性的终结。而 “abolish” 特指通过权威决定终止某种制度或规范，具有政治或社会意义。"
    }
  ]
}