{
  "word": "abolish",
  "pronunciation": "uh·bahl·ish",
  "concise_definition": "v. 废除, 取消, 彻底废止",
  "forms": {
    "third_person_singular": "abolishes",
    "past_tense": "abolished",
    "past_participle": "abolished",
    "present_participle": "abolishing"
  },
  "definitions": [
    {
      "pos": "verb",
      "explanation_en": "To officially and permanently end or eliminate a system, practice, law, or institution, often one that is considered outdated, unjust, or harmful.",
      "explanation_cn": "指正式且永久地终止或废除某种制度、做法、法律或机构，通常是因为其被认为过时、不公正或有害。",
      "example_en": "The country abolished the death penalty in 1998.",
      "example_cn": "该国于1998年废除了死刑。"
    },
    {
      "pos": "verb",
      "explanation_en": "To completely do away with something, especially something deeply rooted or long-standing, leaving no trace or continuation.",
      "explanation_cn": "指彻底消除某事物，尤其是那些根深蒂固或长期存在的事物，不留任何痕迹或延续。",
      "example_en": "Activists worked tirelessly to abolish child labor in industrialized nations.",
      "example_cn": "活动家们不懈努力，以废除工业化国家的童工制度。"
    }
  ],
  "comparison": [
    {
      "word_to_compare": "eliminate",
      "analysis": "“Eliminate” (消除) 指移除或清除某物，使其不再存在，但不一定涉及正式程序或制度性废除。它可以用于物理对象（如消除细菌）或抽象概念（如消除误解）。而 “abolish” 更强调通过权威或法律手段废除制度或系统，具有更强的政治或社会语境。"
    },
    {
      "word_to_compare": "repeal",
      "analysis": "“Repeal” (废止) 通常特指撤销一项法律或法规，是法律术语，范围较窄。而 “abolish” 的适用范围更广，可用于废除制度、习俗、组织等，不仅限于法律。例如，可以 abolish slavery（废除奴隶制），但不能说 repeal slavery。"
    },
    {
      "word_to_compare": "end",
      "analysis": "“End” (终止) 是一个通用词，表示某事的停止或完结，语气中性，可指自然结束或人为中断，但缺乏 “abolish” 所蕴含的彻底性、正式性和道德批判色彩。例如，end a meeting（结束会议）与 abolish a system（废除制度）在力度和语义深度上截然不同。"
    }
  ]
}