{
  "word": "abolition",
  "pronunciation": "ab·uh·lish·uhn",
  "concise_definition": "n. 废除, 废止",
  "forms": {
    "plural": "abolitions"
  },
  "definitions": [
    {
      "pos": "noun",
      "explanation_en": "The formal and complete ending or elimination of a system, practice, or institution, especially one that is considered unjust or outdated.",
      "explanation_cn": "指正式且彻底地终止或废除某种制度、做法或机构，尤指那些被认为不公正或过时的制度。",
      "example_en": "The abolition of slavery in the United States was a landmark achievement of the 19th century.",
      "example_cn": "美国废除奴隶制是19世纪的一项里程碑式成就。"
    },
    {
      "pos": "noun",
      "explanation_en": "The act or process of officially removing a law, custom, or policy through legislative or political action.",
      "explanation_cn": "指通过立法或政治行动正式废除某项法律、习俗或政策的行为或过程。",
      "example_en": "The abolition of the death penalty in many countries reflects a shift toward human rights-based justice.",
      "example_cn": "许多国家废除死刑反映了向以人权为基础的司法体系的转变。"
    }
  ],
  "comparison": [
    {
      "word_to_compare": "elimination",
      "analysis": "“Elimination” (消除) 指移除或清除某物，可以是物理的、抽象的或临时的，适用范围更广，不一定涉及制度性或法律性废除。而 “abolition” 特指通过正式程序彻底废除一种长期存在的制度或实践，具有强烈的政治和道德内涵。"
    },
    {
      "word_to_compare": "repeal",
      "analysis": "“Repeal” (废止) 通常用于法律或法规的撤销，强调立法程序上的取消，多用于单条法律或条款。而 “abolition” 更常用于废除整个制度或体系（如奴隶制、君主制），语义范围更广、影响更深。"
    },
    {
      "word_to_compare": "dismantling",
      "analysis": "“Dismantling” (拆解) 强调逐步、系统性地拆除或分解一个结构，常用于比喻性语境（如拆解种族隔离制度）。它是一个过程，而 “abolition” 更侧重于结果——即该制度已被正式终结。"
    }
  ]
}