{
  "word": "abolishing",
  "pronunciation": "uh·bahl·ish·ing",
  "concise_definition": "v. 废除, 取消, 废止",
  "forms": {
    "base_form": "abolish",
    "third_person_singular": "abolishes",
    "past_tense": "abolished",
    "past_participle": "abolished",
    "present_participle": "abolishing"
  },
  "definitions": [
    {
      "pos": "verb",
      "explanation_en": "To officially and permanently end or eliminate a system, practice, law, or institution, often one that is considered outdated, unjust, or harmful.",
      "explanation_cn": "指正式且永久地终止或废除某种制度、做法、法律或机构，通常指那些被认为过时、不公正或有害的。",
      "example_en": "The government is abolishing the outdated tax code to promote economic fairness.",
      "example_cn": "政府正在废除过时的税法，以促进经济公平。"
    },
    {
      "pos": "verb",
      "explanation_en": "To remove or get rid of something completely, especially something deeply rooted or long-standing, through deliberate action.",
      "explanation_cn": "指通过有意识的行动彻底消除某事物，尤其是那些根深蒂固或长期存在的事物。",
      "example_en": "Activists succeeded in abolishing child labor in many countries during the 20th century.",
      "example_cn": "活动家们在20世纪成功废除了许多国家的童工制度。"
    }
  ],
  "comparison": [
    {
      "word_to_compare": "repealing",
      "analysis": "“Repealing” (废止) 通常用于法律或法规的正式撤销，强调程序性动作，多用于立法语境。而 “abolishing” 范围更广，不仅限于法律，还可用于制度、习俗等，且更强调彻底根除而非仅撤销条文。"
    },
    {
      "word_to_compare": "eliminating",
      "analysis": "“Eliminating” (消除) 是一个更通用的词，可指去除任何不需要的事物，包括抽象概念（如偏见）或具体对象（如细菌）。它不必然带有“正式废除”的政治或制度含义，而 “abolishing” 通常隐含权威机构的正式决定和重大社会变革。"
    },
    {
      "word_to_compare": "dismantling",
      "analysis": "“Dismantling” (拆解) 强调逐步、系统性地分解一个复杂结构（如系统、组织），过程可能较长且分步骤进行。而 “abolishing” 更强调最终结果——彻底终结，不一定是分阶段完成的。例如，可以 dismantle 一个官僚体系，但 abolish 一个制度。"
    }
  ]
}