{
  "word": "abomination",
  "pronunciation": "ab·uh·min·ey·shuhn",
  "concise_definition": "n. 令人憎恶的事物, 可憎之人, 绝对的罪恶",
  "forms": {
    "plural": "abominations"
  },
  "definitions": [
    {
      "pos": "noun",
      "explanation_en": "Something that causes intense disgust, hatred, or revulsion, often due to its moral, religious, or ethical offensiveness; something considered deeply wicked or blasphemous.",
      "explanation_cn": "指因道德、宗教或伦理上的严重冒犯而引发强烈厌恶、憎恨或反感的事物；被视为极其邪恶或亵渎的行为或存在。",
      "example_en": "The temple was destroyed because it housed an abomination that violated sacred laws.",
      "example_cn": "这座神庙被摧毁，因为它藏有违反神圣律法的可憎之物。"
    },
    {
      "pos": "noun",
      "explanation_en": "A person or behavior regarded as so morally repulsive that it is considered unnatural or evil, often used in strong emotional or religious contexts.",
      "explanation_cn": "指在强烈情感或宗教语境中被视为极度道德败坏、反自然或邪恶的人或行为。",
      "example_en": "To many, the cruelty inflicted on innocent animals is an abomination.",
      "example_cn": "对许多人而言，对无辜动物施加的残忍行为是一种可憎之恶。"
    }
  ],
  "comparison": [
    {
      "word_to_compare": "detestation",
      "analysis": "“Detestation”（憎恶）指对某人或某事的强烈厌恶，但语气相对理性、抽象，常用于表达情感态度，不一定带有宗教或道德审判色彩。而 “abomination” 更具强烈的情感冲击力和道德谴责意味，常暗示神圣或自然秩序的严重违背。"
    },
    {
      "word_to_compare": "horror",
      "analysis": "“Horror”（恐怖）强调因恐惧、震惊或心理冲击而产生的反应，常用于描述令人毛骨悚然的场景或事件，但不必然包含道德评判。而 “abomination” 则明确指向道德或宗教上的邪恶，其核心是“应被憎恨的罪恶”，而非单纯的可怕。"
    },
    {
      "word_to_compare": "atrociousness",
      "analysis": "“Atrociousness”（残暴、暴行）侧重于行为的残忍与野蛮，多用于描述暴力或不人道的行为。而 “abomination” 的范围更广，可涵盖行为、物体、状态甚至信仰，其核心是“亵渎性”与“道德污染”，而不仅是暴力本身。"
    }
  ]
}