{
  "word": "abortions",
  "pronunciation": "uh·bör·shənz",
  "concise_definition": "n. 流产, 人工流产",
  "forms": {
    "singular": "abortion"
  },
  "definitions": [
    {
      "pos": "noun",
      "explanation_en": "The deliberate termination of a pregnancy before the fetus can survive outside the womb, typically performed for medical, social, or personal reasons.",
      "explanation_cn": "指在胎儿能够独立存活于母体外之前，有意识地终止妊娠，通常出于医疗、社会或个人原因。",
      "example_en": "The clinic provides safe and legal abortions under strict medical supervision.",
      "example_cn": "该诊所提供在严格医疗监督下的安全合法的人工流产服务。"
    },
    {
      "pos": "noun",
      "explanation_en": "The spontaneous or natural expulsion of a fetus from the uterus before it is viable, also known as a miscarriage.",
      "explanation_cn": "指胎儿在未具备存活能力前，自然从子宫中排出，也称为自然流产。",
      "example_en": "She experienced an early abortion after suffering from severe hormonal imbalances.",
      "example_cn": "她因严重的荷尔蒙失衡而经历了早期自然流产。"
    }
  ],
  "comparison": [
    {
      "word_to_compare": "miscarriage",
      "analysis": "“Miscarriage”（自然流产）特指非人为、因生理原因导致的妊娠中断，是医学上的中性术语，强调自发性。而 “abortion” 可指人为终止妊娠，也可泛指自然流产，但在日常语境中多指人工流产，带有更强的社会和伦理色彩。"
    },
    {
      "word_to_compare": "termination",
      "analysis": "“Termination”（终止）是更中性、更正式的术语，常用于医疗或法律语境中替代 “abortion”，以减少情感或政治色彩。它不特指方式（药物或手术），仅表示妊娠的结束。而 “abortion” 更具体地指向妊娠的主动干预性结束。"
    },
    {
      "word_to_compare": "stillbirth",
      "analysis": "“Stillbirth”（死产）指胎儿在妊娠20周后死亡并在分娩时产出，胎儿已具备存活潜力但未能存活。这与 “abortion” 有本质区别：后者发生在胎儿无法存活的早期阶段，且通常涉及主动干预。"
    }
  ]
}