{
  "word": "abortion",
  "pronunciation": "uh·bawr·shun",
  "concise_definition": "n. 流产, 人工流产",
  "forms": {
    "plural": "abortions"
  },
  "definitions": [
    {
      "pos": "noun",
      "explanation_en": "The deliberate termination of a pregnancy before the fetus can survive outside the womb, typically performed for medical, social, or personal reasons.",
      "explanation_cn": "指在胎儿能够独立存活于母体外之前，出于医疗、社会或个人原因有意终止妊娠的行为。",
      "example_en": "She decided to have an abortion after consulting with her doctor and family.",
      "example_cn": "在与医生和家人商议后，她决定进行人工流产。"
    },
    {
      "pos": "noun",
      "explanation_en": "The spontaneous expulsion of a fetus from the uterus before it is viable, often due to medical complications or genetic abnormalities.",
      "explanation_cn": "指由于医学并发症或遗传异常，胎儿在未具备存活能力前自然从子宫中排出，即自然流产。",
      "example_en": "The early miscarriage was diagnosed as a natural abortion after ultrasound tests.",
      "example_cn": "经超声波检查后，早期流产被诊断为自然流产。"
    },
    {
      "pos": "noun",
      "explanation_en": "A failure to complete or bring to fruition something intended or planned, especially a project or endeavor.",
      "explanation_cn": "指某项计划或事业未能完成或实现，常用于比喻意义，表示中途失败或夭折。",
      "example_en": "The project ended in abortion after funding was cut and key staff resigned.",
      "example_cn": "由于资金被切断和关键人员离职，该项目最终以失败告终。"
    }
  ],
  "comparison": [
    {
      "word_to_compare": "miscarriage",
      "analysis": "“Miscarriage”（自然流产）特指非人为干预的、因生理原因导致的妊娠终止，是医学术语，强调自然发生。而 “abortion” 可指自然流产，但更常用于指人为终止妊娠，具有更强的伦理和法律语境。"
    },
    {
      "word_to_compare": "termination",
      "analysis": "“Termination”（终止）是更中性、更宽泛的术语，可用于描述任何计划性结束，如妊娠、合同或项目。在医学语境中，它常作为 “abortion” 的委婉替代词，但缺乏后者在文化与政治上的强烈情感色彩。"
    },
    {
      "word_to_compare": "stillbirth",
      "analysis": "“Stillbirth”（死产）指胎儿在妊娠20周后死亡并在分娩时产出，胎儿已具备存活潜力但未能存活。与 “abortion” 不同，它不涉及主动终止，而是妊娠晚期的悲剧性结果，属于完全不同的医学分类。"
    }
  ]
}