{
  "word": "aboriginal",
  "pronunciation": "ab·uh·rij·uh·nuhl",
  "concise_definition": "adj. 土著的, 原住民的; n. 土著居民",
  "forms": {
    "comparative": "more aboriginal",
    "superlative": "most aboriginal",
    "plural": "aborigines"
  },
  "definitions": [
    {
      "pos": "adjective",
      "explanation_en": "Relating to or denoting the people who were the first known inhabitants of a particular region, especially before colonization or the arrival of later settlers.",
      "explanation_cn": "指与某个地区最早已知的居民相关的，尤指在殖民或后来移民到来之前的原住民。",
      "example_en": "The aboriginal people of Australia have lived on the continent for over 60,000 years.",
      "example_cn": "澳大利亚的土著居民已在该大陆生活了超过六万年。"
    },
    {
      "pos": "noun",
      "explanation_en": "A member of the original or earliest known people inhabiting a particular land, especially in the context of Australia or Canada.",
      "explanation_cn": "指某个地区最早已知的居民群体中的一员，尤指在澳大利亚或加拿大的语境中。",
      "example_en": "The government has pledged to support aboriginal communities in preserving their languages and traditions.",
      "example_cn": "政府承诺支持土著社区保护其语言和传统。"
    }
  ],
  "comparison": [
    {
      "word_to_compare": "indigenous",
      "analysis": "“Indigenous”（土生的）与 “aboriginal” 意义高度重叠，常可互换，但 “indigenous” 更广泛用于全球语境，涵盖美洲、非洲、亚洲等地的原住民，语义更中性、学术化；而 “aboriginal” 在英语中常特指澳大利亚原住民，有时在其他地区使用可能带有历史殖民色彩。"
    },
    {
      "word_to_compare": "native",
      "analysis": "“Native”（本地的/原生的）含义更宽泛，可指任何地方出生或自然生长的人或物（如 native plant, native speaker），不一定具有文化或历史上的原住民身份。而 “aboriginal” 强调的是在殖民前就存在的、具有独特文化体系的族群，语义更具体、更具社会政治内涵。"
    },
    {
      "word_to_compare": "autochthonous",
      "analysis": "“Autochthonous”（土著的）是学术性极强的术语，源自希腊语，强调某事物“源于本地、非外来”，常用于地质学、生物学或人类学中，指完全在本地演化而非迁徙而来的物种或人群。它比 “aboriginal” 更技术化，日常语言中极少使用。"
    }
  ]
}