{
  "word": "abound",
  "pronunciation": "uh·bownd",
  "concise_definition": "v. 大量存在, 充满, 丰富",
  "forms": {
    "third_person_singular": "abounds",
    "past_tense": "abounded",
    "past_participle": "abounded",
    "present_participle": "abounding"
  },
  "definitions": [
    {
      "pos": "verb",
      "explanation_en": "To exist in large numbers or quantities; to be plentiful or overflowing with something, often used to describe natural resources, features, or phenomena.",
      "explanation_cn": "指以大量或丰富的方式存在；常用于描述自然资源、特征或现象的充沛或泛滥。",
      "example_en": "The forest abounds with wildlife, from deer to rare birds.",
      "example_cn": "这片森林里野生动物丰富，从鹿到稀有鸟类应有尽有。"
    },
    {
      "pos": "verb",
      "explanation_en": "To be filled or teeming with a particular thing, often used figuratively to emphasize abundance or excess.",
      "explanation_cn": "指充满某种事物，常用于比喻意义，强调数量极多或泛滥成灾。",
      "example_en": "The city abounds with opportunities for young entrepreneurs.",
      "example_cn": "这座城市为年轻创业者提供了丰富的机遇。"
    }
  ],
  "comparison": [
    {
      "word_to_compare": "exist",
      "analysis": "“Exist” (存在) 是一个中性、普遍的词，仅表示某物的存在与否，不涉及数量多少。而 “abound” 强调存在数量之多，带有强烈的丰富性或过剩的语义色彩，语气更生动、更具表现力。"
    },
    {
      "word_to_compare": "teem",
      "analysis": "“Teem” (充满, 繁衍) 与 “abound” 非常接近，常可互换，但 “teem” 更常用于描述活物（如昆虫、鱼类）大量聚集或繁殖的动态场景，带有更强的动感和生命力；而 “abound” 适用范围更广，可用于抽象事物（如机会、问题）和静态存在。"
    },
    {
      "word_to_compare": "overflow",
      "analysis": "“Overflow” (溢出) 强调数量多到超出容器或承受极限，常带有负面或失控的意味（如洪水泛滥、信息过载）。而 “abound” 通常是中性或正面的，仅表示丰富充足，不隐含超载或问题。"
    }
  ]
}