{
  "word": "about",
  "pronunciation": "uh·bawt",
  "concise_definition": "prep. 关于, 大约; adv. 大约, 在周围, 在进行中",
  "forms": {
    "none": "无词形变化（介词/副词）"
  },
  "definitions": [
    {
      "pos": "preposition",
      "explanation_en": "Indicating the subject or topic of something; used to show what something concerns, relates to, or deals with.",
      "explanation_cn": "表示某事物的主题或内容；用于说明某事涉及、关联或讨论的对象。",
      "example_en": "We had a long conversation about climate change.",
      "example_cn": "我们就气候变化进行了长时间的交谈。"
    },
    {
      "pos": "preposition",
      "explanation_en": "Indicating proximity in space or time; near, around, or approximately.",
      "explanation_cn": "表示空间或时间上的接近；意为“在……附近”、“大约”或“在……周围”。",
      "example_en": "The keys are about somewhere on the table.",
      "example_cn": "钥匙大概在桌子上的某个地方。"
    },
    {
      "pos": "adverb",
      "explanation_en": "Used to express an approximate quantity, time, or degree; roughly or nearly.",
      "explanation_cn": "用于表达近似的数量、时间或程度；意为“大约”、“差不多”。",
      "example_en": "She is about thirty years old.",
      "example_cn": "她大约三十岁。"
    },
    {
      "pos": "adverb",
      "explanation_en": "Indicating that something is in progress or happening nearby; on the move or in action.",
      "explanation_cn": "表示某事正在进行中或在附近发生；意为“在活动”、“在走动”。",
      "example_en": "The children were running about in the garden.",
      "example_cn": "孩子们在花园里跑来跑去。"
    },
    {
      "pos": "adverb",
      "explanation_en": "Used in phrases like 'what is it about?' to ask for the essence or main point of something.",
      "explanation_cn": "用于短语如 'what is it about?'，询问某事物的本质或要点。",
      "example_en": "I don't understand the movie — what is it about?",
      "example_cn": "我不懂这部电影——它讲的是什么？"
    }
  ],
  "comparison": [
    {
      "word_to_compare": "concerning",
      "analysis": "“Concerning” (关于) 是正式的介词，仅用于表示主题或涉及的内容，语气较书面化，不能用于表示“大约”或“在周围”的含义。而 “about” 更口语化，用法更广泛，涵盖主题、近似、位置等多种语义。"
    },
    {
      "word_to_compare": "approximately",
      "analysis": "“Approximately” (大约) 是副词，仅用于表达数量或程度的近似，语义单一且正式。而 “about” 作为副词时虽可表近似，但还可用于空间、动作状态等语境，语义更丰富，且常用于口语。"
    },
    {
      "word_to_compare": "around",
      "analysis": "“Around” (在周围) 与 “about” 在表示空间位置或活动范围时可互换（如：walking around/about），但 “around” 更强调环绕或分布，而 “about” 更强调无目的的移动或存在。此外，“around” 不能用于表示“关于”这一核心语义，而 “about” 可以。"
    }
  ]
}