{
  "word": "above",
  "pronunciation": "uhb·ov",
  "concise_definition": "prep. 在…之上, adv. 在上面, 上述的",
  "forms": {
    "comparative": "above",
    "superlative": "above"
  },
  "definitions": [
    {
      "pos": "preposition",
      "explanation_en": "Indicating a position that is higher than something else, either physically or metaphorically, often implying vertical separation or superiority.",
      "explanation_cn": "表示某物在另一物的上方，无论是物理上的垂直位置，还是比喻意义上的优越或更高层次。",
      "example_en": "The painting hangs above the fireplace.",
      "example_cn": "这幅画挂在壁炉上方。"
    },
    {
      "pos": "adverb",
      "explanation_en": "In or to a higher place; at a greater height than the current position or reference point.",
      "explanation_cn": "在更高的地方；高于当前的位置或参照点。",
      "example_en": "She looked above and saw birds flying in the sky.",
      "example_cn": "她抬头望去，看见鸟儿在天空中飞翔。"
    },
    {
      "pos": "adjective",
      "explanation_en": "Referring to something previously mentioned or written, especially in a text or document; used to denote prior context.",
      "explanation_cn": "指前面提到或写过的内容，尤其用于文本或文件中，表示前文所述的内容。",
      "example_en": "As stated above, the deadline has been extended.",
      "example_cn": "如上所述，截止日期已延长。"
    }
  ],
  "comparison": [
    {
      "word_to_compare": "over",
      "analysis": "“Over” 通常强调正上方的垂直覆盖或跨越，有时带有“覆盖”或“在…之上移动”的含义，如 “a plane flying over the city”。而 “above” 更强调高度上的相对位置，不一定有直接接触或覆盖，如 “the temperature is above freezing”。在表示“上述”时，仅 “above” 可用，不能用 “over”。"
    },
    {
      "word_to_compare": "on",
      "analysis": "“On” 表示直接接触表面的上方，如 “a book on the table”；而 “above” 不要求接触，仅表示在更高处，如 “a chandelier above the table”。两者在空间关系上有本质区别：接触 vs. 非接触。"
    },
    {
      "word_to_compare": "beyond",
      "analysis": "“Beyond” 强调超出某个界限、范围或限度，常用于抽象概念，如 “beyond belief” 或 “beyond repair”。而 “above” 主要用于空间高度或等级上的比较，如 “above average”。虽然两者都可表示“超过”，但 “beyond” 更具抽象性和极限性，而 “above” 更具物理或量化性。"
    }
  ]
}