{
  "word": "abrasive",
  "pronunciation": "uh·bray·siv",
  "concise_definition": "adj. 磨蚀的, 粗糙的, 刺耳的; n. 磨料",
  "forms": {
    "comparative": "more abrasive",
    "superlative": "most abrasive"
  },
  "definitions": [
    {
      "pos": "adjective",
      "explanation_en": "Having a rough or harsh surface that can wear down or scratch other materials through friction.",
      "explanation_cn": "指表面粗糙或坚硬，能通过摩擦磨损或刮伤其他材料的特性。",
      "example_en": "The sandpaper is too abrasive for delicate wood surfaces.",
      "example_cn": "这张砂纸对于精细的木制品来说太粗糙了。"
    },
    {
      "pos": "adjective",
      "explanation_en": "Describing a person or manner that is harsh, irritating, or offensive in tone or behavior, often causing discomfort or resentment.",
      "explanation_cn": "形容人的言辞或行为粗鲁、刺耳、令人不快，常引起不适或反感。",
      "example_en": "His abrasive personality made it difficult for colleagues to work with him.",
      "example_cn": "他粗鲁的性格让同事们难以与他共事。"
    },
    {
      "pos": "noun",
      "explanation_en": "A substance used for grinding, polishing, or cleaning by friction, such as sand, emery, or diamond dust.",
      "explanation_cn": "指通过摩擦用于研磨、抛光或清洁的物质，如沙子、刚玉或金刚石粉。",
      "example_en": "The jeweler used a fine abrasive to polish the gemstone to a high shine.",
      "example_cn": "珠宝匠使用一种细磨料将宝石抛光至高光泽。"
    }
  ],
  "comparison": [
    {
      "word_to_compare": "rough",
      "analysis": "“Rough” (粗糙的) 是一个更通用的词，仅描述表面不平滑的状态，不必然具有磨损功能。而 “abrasive” 特指具有研磨或刮擦能力的粗糙，强调其功能性或破坏性。"
    },
    {
      "word_to_compare": "harsh",
      "analysis": "“Harsh” (严厉的/刺耳的) 可用于形容声音、环境或行为的严酷，但不包含物理磨损的含义。而 “abrasive” 在形容人时，不仅指态度严厉，还隐含一种令人不适的、带有摩擦感的攻击性，更具感官冲击力。"
    },
    {
      "word_to_compare": "grit",
      "analysis": "“Grit” (砂砾/ grittiness) 作为名词时，常指细小的颗粒物质，是 abrasive 的一种具体形式；作为形容词时，它比喻人的坚韧性格。而 “abrasive” 更强调其作用机制（摩擦磨损）或人际互动中的刺耳感，范围更广，语义更抽象。"
    }
  ]
}