{
  "word": "abraham",
  "pronunciation": "uh·bruh·ham",
  "concise_definition": "n. 亚伯拉罕（人名）",
  "forms": {
    "none": "N/A"
  },
  "definitions": [
    {
      "pos": "noun",
      "explanation_en": "A biblical patriarch, regarded in Judaism, Christianity, and Islam as the father of the faithful and the ancestor of the Israelites and Arabs; traditionally credited with establishing the covenant between God and his descendants.",
      "explanation_cn": "《圣经》中的族长，在犹太教、基督教和伊斯兰教中被视为信众之父，以色列人和阿拉伯人的祖先，传统上被认为是与上帝立约并传给后裔的人。",
      "example_en": "Abraham was willing to sacrifice his son Isaac as an act of obedience to God.",
      "example_cn": "亚伯拉罕愿意献上他的儿子以撒，作为对上帝顺服的举动。"
    },
    {
      "pos": "noun",
      "explanation_en": "A given name derived from the biblical figure, commonly used in Western and Middle Eastern cultures to signify faith, leadership, or heritage.",
      "explanation_cn": "源自《圣经》人物的男性名字，广泛用于西方和中东文化中，象征信仰、领导力或血统传承。",
      "example_en": "Abraham Lincoln was the 16th president of the United States.",
      "example_cn": "亚伯拉罕·林肯是美国第16任总统。"
    }
  ],
  "comparison": [
    {
      "word_to_compare": "isaac",
      "analysis": "“Isaac”（以撒）是亚伯拉罕的儿子，在《圣经》中是上帝应许之子，象征继承与神的应许实现。而 “Abraham” 是立约的始祖，代表信仰的起点和权威的源头。两者在宗教谱系中是父子关系，但 “Abraham” 的象征意义更基础、更广泛。"
    },
    {
      "word_to_compare": "moses",
      "analysis": "“Moses”（摩西）是带领以色列人出埃及、接受十诫的先知，代表律法与解放。而 “Abraham” 代表的是信仰的开端与神圣的盟约。前者是执行者，后者是奠基者。"
    },
    {
      "word_to_compare": "adam",
      "analysis": "“Adam”（亚当）是《圣经》中人类的始祖，象征人类的起源与原罪。而 “Abraham” 是民族与信仰的始祖，象征神与特定族群的立约关系。Adam 是全人类的起点，Abraham 是选民的起点。"
    }
  ]
}