{
  "word": "abrams",
  "pronunciation": "ab·ruhmz",
  "concise_definition": "n. 埃布拉姆斯（专有名词，通常指美军M1艾布拉姆斯主战坦克）",
  "forms": {
    "plural": "abrams"
  },
  "definitions": [
    {
      "pos": "noun",
      "explanation_en": "A proper noun referring to the M1 Abrams, a main battle tank developed and used by the United States Army and other allied military forces. Named after General Creighton Abrams, a prominent U.S. Army commander during the Vietnam War.",
      "explanation_cn": "专有名词，指由美国陆军及其他盟军使用的M1艾布拉姆斯主战坦克。该坦克以越南战争期间著名的美国陆军指挥官克雷顿·艾布拉姆斯将军命名。",
      "example_en": "The M1 Abrams tank is known for its powerful engine, advanced armor, and precision firepower.",
      "example_cn": "M1艾布拉姆斯坦克以其强劲的发动机、先进装甲和精准火力而闻名。"
    }
  ],
  "comparison": [
    {
      "word_to_compare": "tank",
      "analysis": "“Tank”（坦克）是通用名词，泛指所有履带式装甲战斗车辆。而 “Abrams” 是特指美国M1系列主战坦克的专有名词，属于“tank”的一个具体型号，具有明确的军事技术特征和历史背景。"
    },
    {
      "word_to_compare": "Bradley",
      "analysis": "“Bradley”（布雷德利）是美军另一种装甲战斗车辆的名称（M2/M3布雷德利步兵战车），与Abrams同属美国陆军主力装备，但功能不同：Abrams是主战坦克，侧重火力与防护；Bradley是步兵战车，侧重运兵与火力支援。两者常被并列提及，但不可互换。"
    },
    {
      "word_to_compare": "Leopard",
      "analysis": "“Leopard”（豹式）是德国制造的主战坦克系列（如Leopard 2），与Abrams同属西方第三代主战坦克，常被比较性能。但“Leopard”是德国品牌名称，而“Abrams”是美国品牌，代表不同国家的军事工业标准与设计理念。"
    }
  ]
}