{
  "word": "abroad",
  "pronunciation": "uh·brawd",
  "concise_definition": "adv. 在国外, 到国外",
  "definitions": [
    {
      "pos": "adverb",
      "explanation_en": "In or to a foreign country or countries; outside one's own nation, typically for travel, work, study, or residence.",
      "explanation_cn": "指在外国或到外国，即离开本国，通常用于旅行、工作、学习或居住。",
      "example_en": "She studied literature abroad for two years.",
      "example_cn": "她在国外学习了两年文学。"
    },
    {
      "pos": "adverb",
      "explanation_en": "Used to describe something that is happening or existing beyond national borders, often in a general or widespread sense.",
      "explanation_cn": "用于描述某事物在国境之外发生或存在，常带有广泛或泛指的含义。",
      "example_en": "The brand is popular abroad as well as at home.",
      "example_cn": "这个品牌在国内外都很受欢迎。"
    }
  ],
  "comparison": [
    {
      "word_to_compare": "overseas",
      "analysis": "“Overseas” (海外) 通常特指跨越海洋的外国，隐含地理上的海洋分隔，多用于英联邦国家或岛屿国家语境。而 “abroad” 更通用，泛指任何外国，无论是否跨越海洋，适用范围更广。"
    },
    {
      "word_to_compare": "foreign",
      "analysis": "“Foreign” (外国的) 是形容词，修饰名词，表示属于其他国家的，如 “foreign language”（外语）。“Abroad” 是副词，描述动作或状态发生的地点，不能直接修饰名词。两者词性不同，语义焦点也不同。"
    },
    {
      "word_to_compare": "internationally",
      "analysis": "“Internationally” (在国际上) 强调跨国界、全球范围的互动或影响，常用于政策、经济、文化等宏观层面。而 “abroad” 更侧重于个人或实体实际身处的地理位置，更具体、更个人化。"
    }
  ]
}
