{
  "word": "abrupt",
  "pronunciation": "uh·brupt",
  "concise_definition": "adj. 突然的, 唐突的, 生硬的",
  "forms": {
    "comparative": "more abrupt",
    "superlative": "most abrupt"
  },
  "definitions": [
    {
      "pos": "adjective",
      "explanation_en": "Happening or changing suddenly and unexpectedly, often in a way that is startling or disruptive.",
      "explanation_cn": "指突然发生或急剧变化，通常令人惊讶或造成干扰。",
      "example_en": "The meeting ended in an abrupt silence when the CEO walked out.",
      "example_cn": "当首席执行官走出去时，会议突然陷入一片寂静。"
    },
    {
      "pos": "adjective",
      "explanation_en": "Having a sharp or harsh quality, especially in manner, tone, or behavior; lacking smoothness or politeness.",
      "explanation_cn": "指方式、语气或行为上尖锐、生硬，缺乏圆滑或礼貌。",
      "example_en": "She gave an abrupt reply that offended everyone in the room.",
      "example_cn": "她给出了一个生硬的回答，惹恼了在场的每个人。"
    },
    {
      "pos": "adjective",
      "explanation_en": "Of a surface or slope, steep and sharply inclined, often with a sudden drop or change in elevation.",
      "explanation_cn": "指表面或坡度陡峭、急促，常有突然的落差或高度变化。",
      "example_en": "The hikers struggled to climb the abrupt cliff face.",
      "example_cn": "徒步者们艰难地攀爬着陡峭的悬崖壁。"
    }
  ],
  "comparison": [
    {
      "word_to_compare": "sudden",
      "analysis": "“Sudden”（突然的）强调事件发生得快、出乎意料，但不带有情感或态度色彩，中性描述。而 “abrupt” 不仅指突然，还常隐含不礼貌、不自然或令人不适的意味，尤其用于人际互动或行为时。"
    },
    {
      "word_to_compare": "hasty",
      "analysis": "“Hasty”（仓促的）强调因匆忙而缺乏深思熟虑，通常带有负面评价，暗示判断或行动草率。而 “abrupt” 更侧重于行为或变化的外在表现——即突然、生硬，不一定源于匆忙，可能源于冷漠或权威。"
    },
    {
      "word_to_compare": "steep",
      "analysis": "“Steep”（陡峭的）主要用于描述物理坡度，强调倾斜角度大，是中性地理术语。而 “abrupt” 在描述地形时，不仅指陡峭，还强调其突兀、不平滑的过渡，带有视觉或心理上的冲击感。"
    }
  ]
}