{
  "word": "abruptly",
  "pronunciation": "uh·brupt·lee",
  "concise_definition": "adv. 突然地, 唐突地, 陡然地",
  "forms": {
    "comparative": "more abruptly",
    "superlative": "most abruptly"
  },
  "definitions": [
    {
      "pos": "adverb",
      "explanation_en": "In a sudden and unexpected manner, often with a lack of warning or transition; describing an action or change that occurs quickly and sharply.",
      "explanation_cn": "以突然且出人意料的方式，通常缺乏预警或过渡；描述一种迅速而剧烈发生的行为或变化。",
      "example_en": "The meeting ended abruptly when the fire alarm went off.",
      "example_cn": "当火警响起时，会议突然结束了。"
    },
    {
      "pos": "adverb",
      "explanation_en": "In a manner that is rude or off-putting due to lack of politeness or smoothness, especially in speech or behavior.",
      "explanation_cn": "以缺乏礼貌或不圆滑的方式，常用于形容言语或行为显得唐突、生硬或令人不适。",
      "example_en": "She abruptly cut him off mid-sentence, which made everyone uncomfortable.",
      "example_cn": "她在他说话中途突然打断，让所有人都感到尴尬。"
    }
  ],
  "comparison": [
    {
      "word_to_compare": "suddenly",
      "analysis": "“Suddenly” (突然地) 强调事件发生的时间点出乎意料，侧重于“时间上的意外性”，中性且广泛使用。而 “abruptly” 不仅包含突然性，还隐含一种“不连贯”或“生硬”的质感，常带有负面或不悦的语义色彩，尤其在描述人际互动时。"
    },
    {
      "word_to_compare": "quickly",
      "analysis": "“Quickly” (迅速地) 仅强调动作的速度快，不涉及是否意外或是否生硬。例如，他快速跑完比赛是中性描述；而“他 abruptly 停下”则暗示了动作的突兀和可能的不妥。"
    },
    {
      "word_to_compare": "sharply",
      "analysis": "“Sharply” (急剧地) 常用于描述变化的幅度或程度，如价格急剧上涨、语气 sharply 下降，强调的是变化的“陡峭性”或“强度”，多用于量化或物理情境。而 “abruptly” 更侧重于行为或事件的“断然性”和“缺乏过渡”，适用于行为、对话或情境的突然转变。"
    }
  ]
}