{
  "word": "abs",
  "pronunciation": "abz",
  "concise_definition": "n. 腹肌, 腹部肌肉",
  "forms": {
    "plural": "abs"
  },
  "definitions": [
    {
      "pos": "noun",
      "explanation_en": "A colloquial term for the abdominal muscles, especially the rectus abdominis, which are often developed through exercise and are visibly defined in individuals with low body fat.",
      "explanation_cn": "‘abdominal muscles’（腹肌）的口语化简称，特指腹直肌，通常通过锻炼增强，在体脂率较低的人身上会呈现清晰的线条。",
      "example_en": "He's been working out for months to get six-pack abs.",
      "example_cn": "他锻炼了几个月，只为练出六块腹肌。"
    },
    {
      "pos": "noun",
      "explanation_en": "Used informally in fitness contexts to refer to the entire core muscle group, including obliques and transverse abdominis, even though technically 'abs' refers only to the rectus abdominis.",
      "explanation_cn": "在健身语境中非正式地泛指整个核心肌群（包括腹外斜肌和腹横肌），尽管严格来说 'abs' 仅指腹直肌。",
      "example_en": "Core strength starts with strong abs, but you also need to train your obliques and lower back.",
      "example_cn": "核心力量始于强健的腹肌，但你也需要锻炼腹外斜肌和下背部。"
    }
  ],
  "comparison": [
    {
      "word_to_compare": "core",
      "analysis": "“Core”（核心）是一个更广泛的解剖学术语，包括腹肌、背肌、骨盆底肌和膈肌等整个躯干稳定肌群。而 “abs” 仅指腹部前侧的肌肉，是核心的一部分。使用 “core” 更专业、更全面，而 “abs” 更口语化、更侧重外观。"
    },
    {
      "word_to_compare": "stomach",
      "analysis": "“Stomach”（胃/腹部）指人体消化器官及其所在的区域，是一个生理结构，不特指肌肉。而 “abs” 专指肌肉组织，强调形态和锻炼成果。例如，一个人可能有大肚子（big stomach）但仍有清晰的腹肌（well-defined abs）。"
    },
    {
      "word_to_compare": "six-pack",
      "analysis": "“Six-pack” 是 “abs” 的一种具体表现形式，特指腹直肌被清晰分割成六块的外观。它不是肌肉本身，而是腹肌发达后的视觉状态。因此，可以说 “He has abs”（他有腹肌），但 “He has a six-pack”（他有六块腹肌）则暗示了极低体脂和高度锻炼。"
    }
  ]
}