{
  "word": "absence",
  "pronunciation": "ab·sens",
  "concise_definition": "n. 缺席, 缺乏, 不存在",
  "forms": {
    "plural": "absences"
  },
  "definitions": [
    {
      "pos": "noun",
      "explanation_en": "The state of being away from a place, especially a regular or expected location such as work, school, or a meeting.",
      "explanation_cn": "指某人不在某个地方，尤其是缺席工作、学校或会议等常规或预期的场所的状态。",
      "example_en": "His absence from the meeting raised concerns about his commitment to the project.",
      "example_cn": "他缺席会议引发了人们对他在该项目中投入程度的担忧。"
    },
    {
      "pos": "noun",
      "explanation_en": "The lack or non-existence of something that is expected, desired, or necessary.",
      "explanation_cn": "指某物本应存在却缺失或不存在的状态，常用于描述抽象事物的匮乏。",
      "example_en": "The absence of evidence does not prove the absence of guilt.",
      "example_cn": "缺乏证据并不等于没有罪责。"
    },
    {
      "pos": "noun",
      "explanation_en": "A period of time during which someone or something is not present or not functioning.",
      "explanation_cn": "指某人或某物不在场或未运作的一段时间。",
      "example_en": "After a long absence, she returned to her hometown with mixed emotions.",
      "example_cn": "在长期离开后，她带着复杂的心情回到了家乡。"
    }
  ],
  "comparison": [
    {
      "word_to_compare": "presence",
      "analysis": "“Presence”（在场）是 “absence” 的直接反义词，强调某人或某物的存在及其对环境的影响。例如，一个人的在场可能带来权威感或安慰感，而缺席则可能造成空缺或不安。两者常用于对比情境中的影响力。"
    },
    {
      "word_to_compare": "lack",
      "analysis": "“Lack”（缺乏）更侧重于对某种资源、品质或条件的不足，常用于抽象或定量语境（如缺乏资金、缺乏耐心）。“Absence” 更强调物理或时间上的不在场，也可用于抽象概念，但更常与具体位置或时间相关联。"
    },
    {
      "word_to_compare": "void",
      "analysis": "“Void”（空缺、空白）通常指一种更强烈、更正式的缺失，常带有法律、物理或哲学意味，如“合同无效”或“宇宙真空”。“Absence” 更中性、日常，适用于普通语境，而 “void” 常暗示一种需要填补的严重空缺。"
    }
  ]
}