{
  "word": "absentee",
  "pronunciation": "ab·sen·tee",
  "concise_definition": "n. 缺席者, 旷课者, 旷工者",
  "forms": {
    "plural": "absentees"
  },
  "definitions": [
    {
      "pos": "noun",
      "explanation_en": "A person who is regularly or habitually absent from a place where they are expected to be, such as school, work, or a meeting.",
      "explanation_cn": "指经常或习惯性地缺席本应出席的场所，如学校、工作单位或会议的人。",
      "example_en": "The school has implemented a new policy to reduce absenteeism among students.",
      "example_cn": "学校已实施新政策以减少学生的旷课现象。"
    },
    {
      "pos": "noun",
      "explanation_en": "A person who is absent from a vote or official proceeding, especially when their presence is required or expected.",
      "explanation_cn": "指在需要或预期出席的投票或正式程序中缺席的人，尤指因故意不参与而影响决策者。",
      "example_en": "The absentee voters were counted separately in the election results.",
      "example_cn": "缺席投票者在选举结果中被单独统计。"
    }
  ],
  "comparison": [
    {
      "word_to_compare": "absent",
      "analysis": "“Absent” 是形容词，描述一种状态（缺席的），而 “absentee” 是名词，特指处于缺席状态的人。前者用于描述行为或情况，后者用于指代具体的人。例如：He is absent（他缺席了） vs. He is an absentee（他是一个缺席者）。"
    },
    {
      "word_to_compare": "nonattender",
      "analysis": "“Nonattender” 是一个较生僻的词，泛指不参加任何活动的人，语义更宽泛，常用于学术或社会研究语境。而 “absentee” 更强调对义务性场合（如学校、工作、投票）的缺席，带有规范性或制度性含义，使用更广泛、更正式。"
    },
    {
      "word_to_compare": "truant",
      "analysis": "“Truant” 特指逃避学校或教育义务的学生，带有负面道德评判色彩，常用于儿童或青少年语境。而 “absentee” 是中性词，可适用于任何年龄和场合（如职场、议会），不必然暗示故意逃避。"
    }
  ]
}