{
  "word": "absorbs",
  "pronunciation": "uhb·sawrbs",
  "concise_definition": "v. 吸收, 吸引（注意力）, 承受",
  "forms": {
    "base_form": "absorb",
    "third_person_singular": "absorbs",
    "past_tense": "absorbed",
    "past_participle": "absorbed",
    "present_participle": "absorbing"
  },
  "definitions": [
    {
      "pos": "verb",
      "explanation_en": "To take in or soak up a substance, such as liquid, gas, or energy, often through a physical or chemical process.",
      "explanation_cn": "指通过物理或化学过程吸收液体、气体或能量等物质。",
      "example_en": "The sponge absorbs water quickly.",
      "example_cn": "海绵能迅速吸收水分。"
    },
    {
      "pos": "verb",
      "explanation_en": "To engage or occupy someone's attention completely, so that they are unaware of other things around them.",
      "explanation_cn": "指完全吸引某人的注意力，使其对周围其他事物毫无察觉。",
      "example_en": "She was so absorbed in her book that she didn't hear the doorbell.",
      "example_cn": "她全神贯注地看书，连门铃响都没听见。"
    },
    {
      "pos": "verb",
      "explanation_en": "To take in or bear the cost, impact, or consequences of something, often without passing it on to others.",
      "explanation_cn": "指承担或承受某种成本、影响或后果，通常不转嫁给他人。",
      "example_en": "The company absorbed the loss from the failed project.",
      "example_cn": "公司承担了该项目失败带来的损失。"
    }
  ],
  "comparison": [
    {
      "word_to_compare": "soak up",
      "analysis": "“Soak up” 是 “absorb” 的非正式同义词，常用于描述液体被多孔材料（如布料、海绵）吸收的过程，语气更口语化。而 “absorb” 更正式，适用范围更广，可涵盖能量、注意力、情绪等抽象概念的吸收。"
    },
    {
      "word_to_compare": "engross",
      "analysis": "“Engross” 与 “absorb” 在表示‘全神贯注’时意义相近，但 ‘engross’ 更强调被某事物完全占据心智，常用于文学语境，且多用于被动结构（如 be engrossed in）。而 ‘absorb’ 更常用、更口语化，适用范围更广。"
    },
    {
      "word_to_compare": "take in",
      "analysis": "“Take in” 可表示吸收（如吸收信息或液体），但含义更宽泛，也可表示欺骗、理解或容纳。它不如 “absorb” 专一，语义模糊性更高。而 “absorb” 在表示‘吸收’时更精确，尤其在科学和物理语境中不可替代。"
    }
  ]
}