{
  "word": "absolutely",
  "pronunciation": "ab·suh·loot·lee",
  "concise_definition": "adv. 绝对地, 完全地, 毫无保留地",
  "definitions": [
    {
      "pos": "adverb",
      "explanation_en": "In a complete and total manner; without any qualification, limitation, or exception; emphasizing full certainty or agreement.",
      "explanation_cn": "以完全、彻底的方式；没有任何修饰、限制或例外；强调完全的确定性或赞同。",
      "example_en": "I absolutely agree with your decision.",
      "example_cn": "我完全同意你的决定。"
    },
    {
      "pos": "adverb",
      "explanation_en": "Used to emphasize the extreme degree of something, often in exclamations or strong statements, even when the word literally means 'totally'.",
      "explanation_cn": "用于强调某事物的程度极高，常用于感叹或强烈陈述中，即使其字面意思是‘完全地’。",
      "example_en": "That movie was absolutely amazing!",
      "example_cn": "那部电影简直太棒了！"
    },
    {
      "pos": "adverb",
      "explanation_en": "In a way that is not relative or conditional; indicating an unconditional or definitive state.",
      "explanation_cn": "以非相对或非条件性的方式；表示一种无条件或确定的状态。",
      "example_en": "The rules apply absolutely to everyone in the organization.",
      "example_cn": "这些规则对组织中的每个人都是绝对适用的。"
    }
  ],
  "comparison": [
    {
      "word_to_compare": "completely",
      "analysis": "“Completely”（完全地）与 “absolutely” 在表示“无遗漏”时可互换，但 “completely” 更侧重于空间、数量或范围上的完整覆盖，如“完全填满”；而 “absolutely” 更常用于表达情感、判断或原则上的无条件性，语气更强、更主观。"
    },
    {
      "word_to_compare": "totally",
      "analysis": "“Totally”（彻底地）是口语中与 “absolutely” 最接近的同义词，常用于强调程度，尤其在非正式语境中。但 “absolutely” 更正式、更权威，适用于书面语和严肃语境；而 “totally” 带有年轻化、随意的色彩，有时甚至显得轻浮。"
    },
    {
      "word_to_compare": "entirely",
      "analysis": "“Entirely”（完全地）强调整体性，常用于逻辑或结构上的“全部”，如“整个系统”或“全部责任”；它更中性、客观，而 “absolutely” 更具情感色彩和主观断言的意味，常用于表达坚定立场或强烈情绪。"
    }
  ]
}
