{
  "word": "absorption",
  "pronunciation": "ab·sorp·shun",
  "concise_definition": "n. 吸收, 吸引, 全神贯注",
  "forms": {
    "plural": "absorptions"
  },
  "definitions": [
    {
      "pos": "noun",
      "explanation_en": "The process by which one substance is taken in or incorporated into another, such as a liquid being absorbed by a solid or a gas being absorbed by a liquid.",
      "explanation_cn": "指一种物质被另一种物质吸收或纳入的过程，例如液体被固体吸收，或气体被液体吸收。",
      "example_en": "The sponge's high absorption capacity makes it ideal for cleaning up spills.",
      "example_cn": "海绵强大的吸水能力使其非常适合清理溢出的液体。"
    },
    {
      "pos": "noun",
      "explanation_en": "The state of being completely mentally engaged or focused on something, to the exclusion of other thoughts or distractions.",
      "explanation_cn": "指完全专注于某事物而忽略其他想法或干扰的心理状态。",
      "example_en": "She was in a state of absorption while reading the novel, unaware of the noise around her.",
      "example_cn": "她沉浸在小说中，完全没注意到周围的噪音。"
    },
    {
      "pos": "noun",
      "explanation_en": "The process by which energy, such as light or sound, is taken in by a material rather than being reflected or transmitted.",
      "explanation_cn": "指能量（如光或声音）被某种材料吸收而非被反射或透射的过程。",
      "example_en": "The black paint on the wall increases light absorption, reducing glare in the room.",
      "example_cn": "墙上的黑色涂料增加了对光线的吸收，减少了房间内的眩光。"
    }
  ],
  "comparison": [
    {
      "word_to_compare": "assimilation",
      "analysis": "“Assimilation” (同化) 通常用于描述文化、信息或个体被融入更大系统的过程，强调适应与整合，常用于社会学或生物学语境。而 “absorption” 更侧重于物理或心理上的‘摄入’或‘占据’，不一定涉及适应或改变。"
    },
    {
      "word_to_compare": "concentration",
      "analysis": "“Concentration” (专注/浓度) 指注意力的集中或物质在单位体积内的含量。虽然在心理层面可与 “absorption” 互换，但 “concentration” 更中性、可量化，而 “absorption” 带有更深的情感投入和沉浸感。"
    },
    {
      "word_to_compare": "intake",
      "analysis": "“Intake” (摄入) 是一个更通用的词，指任何物质或信息的进入，如食物摄入、信息摄入。它不强调过程的深度或结果的完全融合，而 “absorption” 暗示了物质或注意力被彻底接纳并融入内部结构。"
    }
  ]
}