{
  "word": "absolute",
  "pronunciation": "ab·suh·loot",
  "concise_definition": "adj. 绝对的, 完全的, 无条件的",
  "forms": {
    "comparative": "more absolute",
    "superlative": "most absolute"
  },
  "definitions": [
    {
      "pos": "adjective",
      "explanation_en": "Not limited or restricted; complete and total in degree, extent, or quality, with no exceptions or qualifications.",
      "explanation_cn": "没有限制或约束的；在程度、范围或质量上完全且彻底，没有任何例外或条件。",
      "example_en": "She has absolute control over the budget.",
      "example_cn": "她对预算拥有绝对的控制权。"
    },
    {
      "pos": "adjective",
      "explanation_en": "Not relative or comparative; existing independently of other things or conditions; often used in philosophy or science to describe something unchanging or universal.",
      "explanation_cn": "非相对的或比较的；独立于其他事物或条件而存在；常用于哲学或科学中，指某种不变或普遍的事物。",
      "example_en": "The concept of absolute truth is debated in many philosophical traditions.",
      "example_cn": "绝对真理这一概念在许多哲学传统中都存在争议。"
    },
    {
      "pos": "adjective",
      "explanation_en": "Unqualified or unconditional, especially in terms of power, authority, or judgment; not subject to doubt or challenge.",
      "explanation_cn": "无条件的、无保留的，尤其在权力、权威或判断方面；不容置疑或挑战。",
      "example_en": "The king ruled with absolute power.",
      "example_cn": "国王以绝对的权力统治。"
    }
  ],
  "comparison": [
    {
      "word_to_compare": "complete",
      "analysis": "“Complete”（完整的）强调某事物已包含所有必要部分，没有缺失，但不一定表示“无限制”或“无条件”。例如，一个完整的报告可能包含所有数据，但仍可能受条件限制。而 “absolute” 更强调不受任何约束或例外的彻底性。"
    },
    {
      "word_to_compare": "total",
      "analysis": "“Total”（全部的）与 “absolute” 在某些语境中可互换，如 total control，但 “total” 更侧重于数量或范围上的“全部”，而 “absolute” 更强调性质上的“无条件”和“至高无上”，常带有权威或哲学意味。"
    },
    {
      "word_to_compare": "relative",
      "analysis": "“Relative”（相对的）是 “absolute” 的直接反义词。它表示依赖于其他因素、情境或参照系而变化的事物。例如，相对湿度、相对速度。而 “absolute” 则指独立于外部条件、恒定不变的基准，如绝对零度、绝对真理。"
    }
  ]
}