{
  "word": "absorbed",
  "pronunciation": "ab·sawrbd",
  "concise_definition": "adj. 全神贯注的, 被吸收的, 被吸收进的",
  "forms": {
    "base_form": "absorb",
    "present_participle": "absorbing",
    "past_tense": "absorbed",
    "past_participle": "absorbed"
  },
  "definitions": [
    {
      "pos": "adjective",
      "explanation_en": "Completely engaged or focused on something to the point of being unaware of one's surroundings; deeply attentive or immersed.",
      "explanation_cn": "完全专注于某事物，以至于对周围环境毫无察觉；高度专注或沉浸其中。",
      "example_en": "She was so absorbed in her book that she didn't hear the doorbell ring.",
      "example_cn": "她全神贯注地看书，连门铃响了都没听见。"
    },
    {
      "pos": "adjective",
      "explanation_en": "Taken in or incorporated completely, often referring to liquids, gases, or energy being taken up by a substance or system.",
      "explanation_cn": "被完全吸收或纳入，通常指液体、气体或能量被某种物质或系统所吸纳。",
      "example_en": "The sponge was absorbed with water after being left in the sink.",
      "example_cn": "海绵在水槽里泡了一会儿后完全吸满了水。"
    },
    {
      "pos": "adjective",
      "explanation_en": "Used to describe a state where something is mentally or emotionally taken in and processed, often implying deep understanding or internalization.",
      "explanation_cn": "形容某事物在心理或情感上被接纳并内化，常暗示深刻的理解或吸收。",
      "example_en": "He was absorbed in the philosophical ideas of Kant, rethinking his entire worldview.",
      "example_cn": "他深入吸收了康德的哲学思想，重新思考了自己的整个世界观。"
    }
  ],
  "comparison": [
    {
      "word_to_compare": "engaged",
      "analysis": "“Engaged”（参与的）强调主动参与某项活动或对话，但不一定达到完全忘我的程度。而 “absorbed” 更强调深度沉浸，常伴随对外界感知的暂时丧失，程度更深。"
    },
    {
      "word_to_compare": "immersed",
      "analysis": "“Immersed”（沉浸的）与 “absorbed” 非常接近，常可互换，但 “immersed” 更常用于描述置身于某种环境或氛围中（如 immersed in a culture），而 “absorbed” 更侧重于心理或认知层面的专注与内化。"
    },
    {
      "word_to_compare": "occupied",
      "analysis": "“Occupied”（被占据的）指时间或注意力被某事占用，但可能是被动或表面的（如 occupied with chores）。而 “absorbed” 暗示一种更深层、更自愿的投入，带有情感或智力上的投入。"
    }
  ]
}