{
  "word": "absorbing",
  "pronunciation": "uhb·sawr·bing",
  "concise_definition": "adj. 吸引人的, 令人入迷的, 专注的",
  "forms": {
    "comparative": "more absorbing",
    "superlative": "most absorbing"
  },
  "definitions": [
    {
      "pos": "adjective",
      "explanation_en": "So interesting or engaging that it captures one's full attention and holds it completely, often to the exclusion of other thoughts or distractions.",
      "explanation_cn": "极其有趣或引人入胜，能完全吸引人的注意力，甚至使人忽略其他想法或干扰。",
      "example_en": "The novel was so absorbing that I lost track of time while reading it.",
      "example_cn": "这本小说如此引人入胜，我读得忘了时间。"
    },
    {
      "pos": "adjective",
      "explanation_en": "Capable of taking in or soaking up a substance, especially a liquid or gas, often through physical or chemical processes.",
      "explanation_cn": "能够吸收（尤其是液体或气体）的，通常通过物理或化学过程实现。",
      "example_en": "This towel is made of an absorbing material that dries quickly.",
      "example_cn": "这条毛巾由吸水性材料制成，干得很快。"
    }
  ],
  "comparison": [
    {
      "word_to_compare": "engaging",
      "analysis": "“Engaging”（吸引人的）强调能引起兴趣或参与感，适用于社交互动、演讲或活动，语气较温和；而 “absorbing” 更强调完全沉浸、注意力被彻底占据，常用于描述书籍、电影或复杂任务带来的深度专注状态。"
    },
    {
      "word_to_compare": "fascinating",
      "analysis": "“Fascinating”（迷人的）侧重于激发强烈的好奇心或情感吸引力，常带有神秘或超凡的色彩；而 “absorbing” 更强调认知层面的专注与投入，不一定带有情感震撼，但更持久和深入。"
    },
    {
      "word_to_compare": "captivating",
      "analysis": "“Captivating”（令人着迷的）与 “absorbing” 非常接近，都表示吸引注意力，但 “captivating” 更常用于视觉或美学层面的吸引力（如风景、表演），而 “absorbing” 更多用于智力或心理层面的沉浸，如阅读、解谜或学习。"
    }
  ]
}