{
  "word": "abstinence",
  "pronunciation": "ab·sti·nens",
  "concise_definition": "n. 节制, 克制, 禁欲",
  "forms": {
    "plural": "abstinences"
  },
  "definitions": [
    {
      "pos": "noun",
      "explanation_en": "The voluntary refraining from indulging in a particular activity or substance, especially alcohol, drugs, or sexual activity, often for moral, religious, or health reasons.",
      "explanation_cn": "指出于道德、宗教或健康原因，自愿克制或戒绝某种特定行为或物质，尤指酒精、毒品或性行为。",
      "example_en": "He practiced abstinence from alcohol for ten years to improve his health.",
      "example_cn": "为了改善健康，他戒酒十年。"
    },
    {
      "pos": "noun",
      "explanation_en": "A general state of self-restraint or moderation in behavior, particularly in relation to pleasures or desires.",
      "explanation_cn": "指在行为上普遍的自我克制或节制，尤其针对享乐或欲望。",
      "example_en": "The monk's life of abstinence and meditation was seen as a path to spiritual purity.",
      "example_cn": "这位僧侣的禁欲与冥想生活被视为通向精神纯净的道路。"
    }
  ],
  "comparison": [
    {
      "word_to_compare": "diet",
      "analysis": "“Diet”（饮食/节食）通常特指对食物摄入的控制，尤其用于减肥或健康目的，范围较窄。而 “abstinence” 涵盖更广，可指对酒精、性、娱乐等任何欲望的完全戒绝，强调的是‘彻底停止’而非‘控制量’。"
    },
    {
      "word_to_compare": "self-control",
      "analysis": "“Self-control”（自制力）是实现节制的心理能力或品质，是内在的控制力；而 “abstinence” 是这种能力所导致的具体行为或状态。前者是能力，后者是结果。例如：他有很强的自制力（self-control），因此他能保持禁欲（abstinence）。"
    },
    {
      "word_to_compare": "renunciation",
      "analysis": "“Renunciation”（放弃/舍弃）通常带有更强烈的情感或宗教色彩，指主动、彻底地抛弃某种权利、财产、身份或欲望，常用于哲学或宗教语境。而 “abstinence” 更侧重于对具体行为或物质的暂时或长期克制，不一定涉及身份或权利的放弃。"
    }
  ]
}