{
  "word": "absurd",
  "pronunciation": "ab·surd",
  "concise_definition": "adj. 荒谬的, 荒唐的, 不合情理的",
  "forms": {
    "comparative": "more absurd",
    "superlative": "most absurd"
  },
  "definitions": [
    {
      "pos": "adjective",
      "explanation_en": "So unreasonable, illogical, or inappropriate as to be laughable or unbelievable; contrary to common sense or accepted norms.",
      "explanation_cn": "极其不合理、不合逻辑或不恰当，以至于显得可笑或难以置信；违背常识或公认准则。",
      "example_en": "It's absurd to think that the earth is flat in the 21st century.",
      "example_cn": "在21世纪还认为地球是平的，这简直是荒谬的。"
    },
    {
      "pos": "adjective",
      "explanation_en": "Characterized by extreme nonsense or irrationality, often used to describe situations, statements, or behaviors that defy logic or reality.",
      "explanation_cn": "以极端的荒唐或非理性为特征，常用于描述那些违背逻辑或现实的情境、言论或行为。",
      "example_en": "The play features absurd characters who speak in riddles and never leave the room.",
      "example_cn": "这部戏剧中的角色荒诞不经，说着谜语，却从不离开房间。"
    }
  ],
  "comparison": [
    {
      "word_to_compare": "ridiculous",
      "analysis": "“Ridiculous”（可笑的）强调因荒谬而引人发笑或遭到嘲笑，语气较轻，常用于日常口语中，带有情绪化的贬义。而 “absurd” 更侧重于逻辑上的彻底荒谬，常用于哲学或严肃语境，语气更重，更具智性批判色彩。"
    },
    {
      "word_to_compare": "nonsensical",
      "analysis": "“Nonsensical”（无意义的）指缺乏逻辑或意义，但不一定带有讽刺或夸张色彩，可能只是混乱或语无伦次。而 “absurd” 不仅无意义，还常常包含对现实或理性的公然违背，具有更强的戏剧性和批判性。"
    },
    {
      "word_to_compare": "preposterous",
      "analysis": "“Preposterous”（荒唐透顶的）与 “absurd” 非常接近，都表示极端不合理，但 “preposterous” 更强调与自然规律、常识或基本事实的严重冲突，常带有愤怒或震惊的语气，而 “absurd” 可能更冷静、更哲学化，甚至带有一种黑色幽默。"
    }
  ]
}