{
  "word": "absurdity",
  "pronunciation": "ab·surd·i·tee",
  "concise_definition": "n. 荒谬, 荒唐, 荒诞",
  "forms": {
    "plural": "absurdities"
  },
  "definitions": [
    {
      "pos": "noun",
      "explanation_en": "The quality or state of being extremely unreasonable, illogical, or ridiculous, often to the point of being laughable or nonsensical.",
      "explanation_cn": "指极度不合理、不合逻辑或荒谬的状态或性质，常常达到可笑或无意义的程度。",
      "example_en": "The idea that the moon is made of cheese is pure absurdity.",
      "example_cn": "月球是由奶酪构成的这种说法纯粹是荒谬之谈。"
    },
    {
      "pos": "noun",
      "explanation_en": "An instance or example of something that is wildly unreasonable or illogical, often used to criticize irrational behavior or flawed reasoning.",
      "explanation_cn": "指某种极度不合理或不合逻辑的具体事例，常用于批评非理性的行为或错误的推理。",
      "example_en": "His excuse for being late — that his alarm clock was on vacation — was an absurdity even by his own standards.",
      "example_cn": "他迟到的借口——闹钟去度假了——即使按他自己的标准来看也是荒唐至极。"
    }
  ],
  "comparison": [
    {
      "word_to_compare": "nonsense",
      "analysis": "“Nonsense”（胡言乱语）泛指毫无意义或逻辑的话语或行为，语气较口语化，常用于日常批评。而 “absurdity” 更强调逻辑上的荒谬性，常带有哲学或讽刺意味，程度更深，更具思想性。"
    },
    {
      "word_to_compare": "ridiculousness",
      "analysis": "“Ridiculousness”（可笑性）侧重于因不合常理而引人发笑，强调情感反应（嘲笑）。而 “absurdity” 不仅可笑，更深层地挑战理性本身，常用于描述存在主义或社会批判语境中的荒诞现象。"
    },
    {
      "word_to_compare": "foolishness",
      "analysis": "“Foolishness”（愚蠢）指缺乏智慧或判断力，通常源于无知或轻率，带有道德或智力上的贬义。而 “absurdity” 不一定源于个人愚昧，它可以是系统性、结构性或宇宙性的荒谬，不必然与个体责任相关。"
    }
  ]
}