{
  "word": "abt",
  "pronunciation": "æbt",
  "concise_definition": "n. (非正式缩写) 关于",
  "forms": {
    "full_form": "about"
  },
  "definitions": [
    {
      "pos": "noun",
      "explanation_en": "A nonstandard, informal abbreviation of the preposition 'about', commonly used in casual digital communication such as text messages, social media, or instant messaging.",
      "explanation_cn": "‘about’ 的非标准、非正式缩写形式，常用于短信、社交媒体或即时通讯等非正式数字交流中。",
      "example_en": "abt the meeting tomorrow, can we reschedule?",
      "example_cn": "关于明天的会议，我们能改期吗？"
    }
  ],
  "comparison": [
    {
      "word_to_compare": "about",
      "analysis": "“About” 是标准英语中的介词，用于表示主题、内容、近似数量或位置，适用于所有语境。而 “abt” 仅为口语或数字交流中的简化拼写，不具备正式书面语的合法性，属于语言懒化现象。"
    },
    {
      "word_to_compare": "btw",
      "analysis": "“Btw” (by the way) 与 “abt” 同属数字时代的非正式缩写，常并列出现于聊天语境中。两者均省略元音或辅音以提高输入效率，但 “btw” 用于转换话题，而 “abt” 用于引出主题，语义功能不同。"
    },
    {
      "word_to_compare": "u",
      "analysis": "“U” 是 “you” 的缩写，与 “abt” 一样属于网络语言中的音节简化形式，但 “u” 替代的是代词，而 “abt” 替代的是介词。两者均不被正式写作接受，但在非正式语境中广泛流通。"
    }
  ]
}