{
  "word": "abu",
  "pronunciation": "ah·boo",
  "concise_definition": "n. 阿布（阿拉伯语中对父亲的尊称）",
  "forms": {
    "plural": "abu"
  },
  "definitions": [
    {
      "pos": "noun",
      "explanation_en": "An Arabic term of respect meaning 'father', often used as a title or part of a name to denote paternal lineage or honorific address, especially in Middle Eastern and North African cultures.",
      "explanation_cn": "阿拉伯语中对父亲的尊称，常作为头衔或姓名的一部分，用于表示父系血统或表达敬意，尤其在中东和北非文化中使用。",
      "example_en": "Abu Bakr was the first caliph of Islam and a close companion of the Prophet Muhammad.",
      "example_cn": "阿布·巴克尔是伊斯兰教的第一任哈里发，也是先知穆罕默德的亲密同伴。"
    },
    {
      "pos": "noun",
      "explanation_en": "Used in compound names to indicate 'father of [child's name]', forming a patronymic or familial identifier, such as Abu Ali (father of Ali).",
      "explanation_cn": "用于复合姓名中，表示‘某人之父’，构成一种父名或家族称谓，例如 Abu Ali（阿里之父）。",
      "example_en": "In traditional Arab naming conventions, Abu Hamza means 'father of Hamza'.",
      "example_cn": "在传统的阿拉伯命名习俗中，Abu Hamza 意为‘哈姆扎之父’。"
    }
  ],
  "comparison": [
    {
      "word_to_compare": "father",
      "analysis": "“Father” 是英语中通用的亲属称谓，指生物学或法律意义上的父亲，强调家庭关系。而 “abu” 是文化语境中的尊称，常用于姓名结构中，不直接指代说话者自己的父亲，而是作为社会身份或荣誉头衔使用。"
    },
    {
      "word_to_compare": "pater",
      "analysis": "“Pater” 是拉丁语中对父亲的正式或学术性称呼，多见于宗教或古典文献中，如 “Pater Familias”。它与 “abu” 同属文化尊称，但 “pater” 源自印欧语系，而 “abu” 源自闪米特语系，使用地域和文化背景完全不同。"
    },
    {
      "word_to_compare": "daddy",
      "analysis": "“Daddy” 是英语中亲昵、口语化的父亲称呼，多用于儿童或亲密家庭语境，情感色彩浓厚。而 “abu” 是正式、庄重的尊称，用于公共或历史语境，不带有情感亲昵意味，更侧重社会地位与传统规范。"
    }
  ]
}