{
  "word": "abuja",
  "pronunciation": "uh·boo·jə",
  "concise_definition": "n. 阿布贾（尼日利亚首都）",
  "forms": {
    "plural": "Abujas"
  },
  "definitions": [
    {
      "pos": "noun",
      "explanation_en": "The capital city of Nigeria, located in the center of the country; it became the capital in 1991, replacing Lagos due to its more central location and planned urban design.",
      "explanation_cn": "尼日利亚的首都，位于该国中部；1991年取代拉各斯成为首都，因其地理位置更居中且为规划建造的城市。",
      "example_en": "Abuja is known for its wide boulevards, modern architecture, and the Nigerian National Mosque.",
      "example_cn": "阿布贾以其宽阔的林荫大道、现代建筑和尼日利亚国家清真寺而闻名。"
    }
  ],
  "comparison": [
    {
      "word_to_compare": "lagos",
      "analysis": "“Lagos”（拉各斯）是尼日利亚的前首都和最大城市，是经济与文化中心，但因人口密集、交通拥堵和地理位置偏南，政府于1991年迁都至更居中的阿布贾。阿布贾是规划城市，而拉各斯是自然形成的巨型都市。"
    },
    {
      "word_to_compare": "kano",
      "analysis": "“Kano”（卡诺）是尼日利亚北部最大的城市和商业中心，历史悠久，以传统市场和伊斯兰文化著称。与阿布贾作为政治行政中心不同，卡诺是经济与宗教重镇，不具备首都职能。"
    },
    {
      "word_to_compare": "accra",
      "analysis": "“Accra”（阿克拉）是加纳的首都，与阿布贾同为西非国家的规划型首都，但阿克拉更早成为首都（1957年），且城市规模较小、历史更悠久。阿布贾则完全由政府从零开始设计建造，更具现代性和象征性。"
    }
  ]
}