{
  "word": "abundantly",
  "pronunciation": "uhn·duhn·tnt·lee",
  "concise_definition": "adv. 丰富地, 充足地, 大量地",
  "forms": {
    "adjective": "abundant"
  },
  "definitions": [
    {
      "pos": "adverb",
      "explanation_en": "In a manner characterized by a large or plentiful amount; more than sufficient or overflowing.",
      "explanation_cn": "以大量、充裕或过剩的方式；指数量远超所需，甚至溢出。",
      "example_en": "The garden was abundantly filled with blooming roses in spring.",
      "example_cn": "春天时，花园里盛开着大量绽放的玫瑰。"
    },
    {
      "pos": "adverb",
      "explanation_en": "Used to emphasize the richness, generosity, or fullness of a supply, quality, or experience.",
      "explanation_cn": "用于强调某物的丰富性、慷慨性或体验的饱满程度。",
      "example_en": "She was abundantly rewarded for her years of dedicated service.",
      "example_cn": "她因多年忠诚的服务而得到了丰厚的回报。"
    }
  ],
  "comparison": [
    {
      "word_to_compare": "plentifully",
      "analysis": "“Plentifully”（丰富地）与 “abundantly” 意义相近，都表示数量充足，但 “plentifully” 更常用于描述物质资源的丰富，语气较中性；而 “abundantly” 语义更强烈，常带有情感色彩，如感激、惊叹或夸张的意味，适用范围更广，包括抽象概念如爱、支持等。"
    },
    {
      "word_to_compare": "copiously",
      "analysis": "“Copiously”（大量地）强调数量多到足以产生溢出或浪费的效果，常用于液体、文字或信息的大量供应，如“copious notes”（详尽的笔记）。它比 “abundantly” 更具书面语色彩，且更侧重于“量大到可观的程度”，而 “abundantly” 更强调“充足有余”的状态。"
    },
    {
      "word_to_compare": "generously",
      "analysis": "“Generously”（慷慨地）侧重于给予行为的宽厚与大方，常用于人或态度，如“generously donate”（慷慨捐赠）；而 “abundantly” 更中性，仅描述数量或程度上的丰富，不隐含主观意愿或道德评价。例如，自然界的资源可“abundantly exist”，但不能说“generously exist”。"
    }
  ]
}