{
  "word": "abundant",
  "pronunciation": "uhb·uhn·duhnt",
  "concise_definition": "adj. 丰富的, 充足的, 充裕的",
  "forms": {
    "comparative": "more abundant",
    "superlative": "most abundant"
  },
  "definitions": [
    {
      "pos": "adjective",
      "explanation_en": "Existing in large quantities; more than sufficient or plentiful, often to the point of excess.",
      "explanation_cn": "指数量庞大、远超所需，常带有过剩的意味，强调丰富和充足。",
      "example_en": "The region is abundant in natural resources like oil and minerals.",
      "example_cn": "该地区拥有丰富的石油和矿产等自然资源。"
    },
    {
      "pos": "adjective",
      "explanation_en": "Characterized by a rich supply or generous amount, often used to describe qualities such as food, wealth, or opportunities.",
      "explanation_cn": "形容某种事物（如食物、财富或机会）供应充裕、慷慨丰富，常带有积极的情感色彩。",
      "example_en": "She enjoyed an abundant harvest of apples this year.",
      "example_cn": "她今年收获了丰硕的苹果。"
    }
  ],
  "comparison": [
    {
      "word_to_compare": "plentiful",
      "analysis": "“Plentiful”（丰富的）与 “abundant” 意义非常接近，都表示数量多，但 “plentiful” 更中性、更常用于日常语境，语气较温和；而 “abundant” 语气更强，常暗示超出一般需求的充裕，甚至带有奢华或过剩的意味。"
    },
    {
      "word_to_compare": "ample",
      "analysis": "“Ample”（充足的）强调足够甚至宽裕，但不强调“极多”或“过剩”，更侧重于满足需求后的舒适感。例如 “ample space” 指空间足够用，但不一定多到泛滥；而 “abundant space” 则可能意味着空间极大、甚至空旷。"
    },
    {
      "word_to_compare": "copious",
      "analysis": "“Copious”（大量的）通常用于描述可数的、具体的、尤其是文字或液体等可量化的物质，常用于书面语，带有文学色彩。它更强调“量大到令人印象深刻”，如 “copious notes”（详尽的笔记）；而 “abundant” 更广泛，可用于抽象或具体事物，语义更通用。"
    }
  ]
}