{
  "word": "abundance",
  "pronunciation": "uhb·uhn·duhns",
  "concise_definition": "n. 丰富, 充足, 充裕",
  "forms": {
    "plural": "abundances"
  },
  "definitions": [
    {
      "pos": "noun",
      "explanation_en": "A very large quantity of something, often more than is needed or expected, implying richness or plentifulness.",
      "explanation_cn": "指某物的数量极大，通常超过所需或预期，暗示丰富、充裕的状态。",
      "example_en": "The region is known for its abundance of natural resources.",
      "example_cn": "这个地区以其丰富的自然资源而闻名。"
    },
    {
      "pos": "noun",
      "explanation_en": "A state of prosperity or ample supply, especially in contexts related to wealth, food, or opportunities.",
      "explanation_cn": "指一种繁荣或物资充足的状态，尤其用于描述财富、食物或机会的充裕。",
      "example_en": "Despite the economic downturn, there was an abundance of job opportunities in the tech sector.",
      "example_cn": "尽管经济下滑，科技行业仍提供了大量的就业机会。"
    }
  ],
  "comparison": [
    {
      "word_to_compare": "plenty",
      "analysis": "“Plenty” (充足) 是一个更口语化、非正式的词，常用于日常对话中，表示足够或很多，但不强调超出预期的丰富程度。而 “abundance” 更正式，带有强烈的情感色彩，暗示过剩、富足甚至慷慨的意味。"
    },
    {
      "word_to_compare": "surplus",
      "analysis": "“Surplus” (盈余) 通常用于经济或统计语境，指超过需求或使用量的剩余部分，具有明确的量化含义，常用于预算、库存或贸易中。而 “abundance” 更偏向主观感受，强调丰富性而非精确的剩余量。"
    },
    {
      "word_to_compare": "profusion",
      "analysis": "“Profusion” (大量, 繁多) 与 “abundance” 非常接近，都表示极多，但 “profusion” 更常用于描述视觉上繁复、密集的景象，如花朵、装饰或情感表达，带有审美或感性色彩；而 “abundance” 更广泛，可用于物质、资源、抽象概念等。"
    }
  ]
}