{
  "word": "abusive",
  "pronunciation": "uh·byoo·siv",
  "concise_definition": "adj. 辱骂的, 虐待的, 滥用的",
  "forms": {
    "comparative": "more abusive",
    "superlative": "most abusive"
  },
  "definitions": [
    {
      "pos": "adjective",
      "explanation_en": "Using language or behavior that is harsh, insulting, or demeaning, often with the intent to hurt, control, or intimidate someone.",
      "explanation_cn": "使用严厉、侮辱性或贬低性的语言或行为，通常旨在伤害、控制或恐吓他人。",
      "example_en": "The coach was fired for making abusive remarks to the players.",
      "example_cn": "这位教练因对球员说出辱骂性言论而被解雇。"
    },
    {
      "pos": "adjective",
      "explanation_en": "Involving physical, emotional, or psychological harm inflicted on someone, especially in a relationship or caregiving context.",
      "explanation_cn": "指在关系或照护情境中对他人施加的身体、情感或心理伤害。",
      "example_en": "She sought help after years of abusive treatment by her partner.",
      "example_cn": "在经历了多年伴侣的虐待后，她寻求了帮助。"
    },
    {
      "pos": "adjective",
      "explanation_en": "Exceeding reasonable limits or misusing power, resources, or authority in an unfair or harmful way.",
      "explanation_cn": "指超越合理界限，以不公平或有害的方式滥用权力、资源或权威。",
      "example_en": "The company was accused of abusive pricing practices that exploited customers.",
      "example_cn": "该公司被指控采用滥用性定价策略，剥削消费者。"
    }
  ],
  "comparison": [
    {
      "word_to_compare": "hostile",
      "analysis": "“Hostile”（敌对的）强调态度或行为中的敌意和对抗性，但不一定包含人身攻击或权力压迫。例如，一个敌对的环境可能充满紧张，但未必有辱骂或暴力。而 “abusive” 更具体地指向对个体的伤害性行为，具有更强的侵犯性和道德谴责意味。"
    },
    {
      "word_to_compare": "violent",
      "analysis": "“Violent”（暴力的）主要指使用身体力量造成伤害，强调物理层面的攻击。而 “abusive” 的范围更广，包括语言、情感和心理层面的伤害，不一定伴随身体暴力。例如，长期冷暴力或精神操控属于 abusive，但不一定是 violent。"
    },
    {
      "word_to_compare": "harsh",
      "analysis": "“Harsh”（严厉的）描述的是程度上的严酷，如严厉的批评、苛刻的规则，但不一定带有恶意或意图伤害。例如，一位老师对作业要求严格，可以说 harsh，但不构成 abusive。而 “abusive” 暗示了系统性、不公正的伤害，具有道德和法律上的负面含义。"
    }
  ]
}