{
  "word": "abuser",
  "pronunciation": "uhb·yoo·zur",
  "concise_definition": "n. 滥用者, 虐待者",
  "forms": {
    "plural": "abusers"
  },
  "definitions": [
    {
      "pos": "noun",
      "explanation_en": "A person who repeatedly uses power, control, or force to harm, intimidate, or exploit another person, often in a relationship characterized by imbalance of power.",
      "explanation_cn": "指反复利用权力、控制或暴力手段伤害、恐吓或剥削他人的人，通常发生在权力不对等的关系中。",
      "example_en": "The victim sought help after enduring years of emotional abuse from her abuser.",
      "example_cn": "这位受害者在经历了多年来自施虐者的心理虐待后寻求了帮助。"
    },
    {
      "pos": "noun",
      "explanation_en": "A person who misuses or improperly uses something, such as a substance, system, or privilege, often to the detriment of others or oneself.",
      "explanation_cn": "指不当使用某物（如药物、系统或特权）的人，通常对他人或自己造成损害。",
      "example_en": "He was identified as an abuser of prescription medications, frequently taking doses far beyond medical recommendations.",
      "example_cn": "他被认定为处方药滥用者，经常服用远超医疗建议的剂量。"
    }
  ],
  "comparison": [
    {
      "word_to_compare": "tyrant",
      "analysis": "“Tyrant”（暴君）强调对他人实施专制、压迫性统治，通常用于政治或权威语境，带有强烈的道德谴责。而 “abuser” 更广泛，涵盖个人关系、药物、资源等多方面的滥用行为，不一定涉及正式权力。"
    },
    {
      "word_to_compare": "perpetrator",
      "analysis": "“Perpetrator”（实施者）是一个中性法律术语，泛指实施犯罪或有害行为的人，不特指行为的性质。而 “abuser” 特指以反复、系统性方式实施虐待行为的人，隐含情感或身体上的持续伤害。"
    },
    {
      "word_to_compare": "exploiter",
      "analysis": "“Exploiter”（剥削者）侧重于利用他人弱点或处境谋取私利，常涉及经济或劳动剥削。而 “abuser” 更强调对他人身心造成的直接伤害，其动机可能包含控制、愤怒或权力欲，而不仅仅是利益驱动。"
    }
  ]
}