{
  "word": "abusing",
  "pronunciation": "uh·byoo·zing",
  "concise_definition": "v. 滥用, 虐待, 误用",
  "forms": {
    "base_form": "abuse",
    "third_person_singular": "abuses",
    "past_tense": "abused",
    "past_participle": "abused",
    "present_participle": "abusing"
  },
  "definitions": [
    {
      "pos": "verb",
      "explanation_en": "To use something in a harmful, improper, or excessive way, often violating its intended purpose or causing damage.",
      "explanation_cn": "以有害、不当或过度的方式使用某物，通常违背其原本用途或造成损害。",
      "example_en": "He was caught abusing his position of power to gain personal benefits.",
      "example_cn": "他因滥用职权谋取私利而被发现。"
    },
    {
      "pos": "verb",
      "explanation_en": "To treat someone with cruelty or violence, especially in a repeated or systematic manner, often involving physical, emotional, or sexual harm.",
      "explanation_cn": "以残忍或暴力的方式对待他人，尤其是反复或系统性地造成身体、情感或性方面的伤害。",
      "example_en": "The child was suffering from years of emotional abuse by a caregiver.",
      "example_cn": "这名儿童多年来一直遭受看护者的感情虐待。"
    },
    {
      "pos": "verb",
      "explanation_en": "To use language or words in a derogatory, offensive, or insulting manner, often to demean or provoke.",
      "explanation_cn": "以贬损、冒犯或侮辱的方式使用语言，通常用于贬低或挑衅他人。",
      "example_en": "She was accused of abusing the term 'freedom' to justify extreme political views.",
      "example_cn": "她被指控滥用‘自由’一词来为极端政治观点辩护。"
    }
  ],
  "comparison": [
    {
      "word_to_compare": "misusing",
      "analysis": "“Misusing” (误用) 指错误地使用某物，但不一定包含恶意或伤害意图，侧重于技术性或认知性错误。而 “abusing” 暗示了故意、有害或过度的使用，带有道德谴责的意味。例如：误用工具 ≠ 虐待工具。"
    },
    {
      "word_to_compare": "maltreating",
      "analysis": "“Maltreating” (虐待) 与 “abusing” 在人身伤害语境下高度重合，但 “maltreating” 更常用于描述持续性的身体或精神折磨，语义更具体于“对待方式恶劣”；而 “abusing” 范围更广，可涵盖语言、资源、权力等非人身对象。"
    },
    {
      "word_to_compare": "exploiting",
      "analysis": "“Exploiting” (剥削) 指利用他人或资源为自己谋利，通常涉及不平等关系和利益攫取，但未必包含直接暴力或侮辱。而 “abusing” 更强调对权利、信任或功能的破坏性使用，可能不以获利为目的，而是出于控制、发泄或漠视。"
    }
  ]
}