{
  "word": "abusers",
  "pronunciation": "uhb·yooh·zers",
  "concise_definition": "n. 滥用者, 虐待者",
  "forms": {
    "singular": "abuser"
  },
  "definitions": [
    {
      "pos": "noun",
      "explanation_en": "A person who repeatedly harms, mistreats, or exploits others, often through physical, emotional, sexual, or psychological means, typically in a position of power or trust.",
      "explanation_cn": "指经常通过身体、情感、性或心理手段伤害、虐待或剥削他人的人，通常处于权力或信任地位。",
      "example_en": "The court sentenced the abuser to five years in prison for repeated domestic violence.",
      "example_cn": "法院因多次家庭暴力，判处该虐待者五年监禁。"
    },
    {
      "pos": "noun",
      "explanation_en": "A person who misuses or improperly uses something, such as drugs, authority, or resources, often for personal gain or to the detriment of others.",
      "explanation_cn": "指滥用某种事物（如药物、权力或资源）的人，通常为了个人利益或对他人造成损害。",
      "example_en": "Some employees are abusers of company time, frequently taking extended unpaid breaks.",
      "example_cn": "一些员工滥用公司时间，经常长时间无薪休息。"
    }
  ],
  "comparison": [
    {
      "word_to_compare": "perpetrator",
      "analysis": "“Perpetrator”（施害者）是一个更广泛的法律术语，泛指实施任何犯罪或有害行为的人，不特指虐待行为。而 “abuser” 专指以持续性、系统性方式实施虐待的人，强调行为模式而非单一事件。"
    },
    {
      "word_to_compare": "tyrant",
      "analysis": "“Tyrant”（暴君）强调通过压迫和专制手段控制他人，常用于政治或权威语境，带有强烈的道德谴责。而 “abuser” 更广泛，可应用于家庭、职场、人际关系等场景，不一定涉及正式权力，但一定涉及对他人身心的伤害。"
    },
    {
      "word_to_compare": "exploiter",
      "analysis": "“Exploiter”（剥削者）侧重于利用他人弱点或处境获取利益，如经济剥削或劳动压榨，其行为可能不包含直接暴力或情感伤害。而 “abuser” 的核心是造成伤害，即使没有直接经济收益，只要存在控制、恐吓或摧残，即构成虐待。"
    }
  ]
}