{
  "word": "abuses",
  "pronunciation": "uh·byoo·ziz",
  "concise_definition": "n. 滥用, 虐待, 误用",
  "forms": {
    "singular": "abuse"
  },
  "definitions": [
    {
      "pos": "noun",
      "explanation_en": "The improper or excessive use of something, such as power, authority, resources, or a privilege, often resulting in harm or injustice.",
      "explanation_cn": "对某事物（如权力、权威、资源或特权）的不当或过度使用，通常导致伤害或不公。",
      "example_en": "The politician was accused of abuses of power during his term in office.",
      "example_cn": "这位政客被指控在其任期内滥用权力。"
    },
    {
      "pos": "noun",
      "explanation_en": "Physical, emotional, or psychological harm inflicted on a person, especially a vulnerable individual such as a child, elderly person, or partner.",
      "explanation_cn": "对他人（尤其是儿童、老人或伴侣等弱势群体）施加的身体、情感或心理上的伤害。",
      "example_en": "Child abuse is a serious crime that requires immediate intervention by social services.",
      "example_cn": "儿童虐待是一种严重犯罪，需要社会服务机构立即介入。"
    },
    {
      "pos": "noun",
      "explanation_en": "A vulgar, offensive, or insulting word or phrase; a curse or swear word.",
      "explanation_cn": "粗俗、冒犯性或侮辱性的词语或短语；脏话或咒骂。",
      "example_en": "He shouted abuses at the driver who cut him off in traffic.",
      "example_cn": "他朝那名逼停他的司机大骂脏话。"
    }
  ],
  "comparison": [
    {
      "word_to_compare": "misuse",
      "analysis": "“Misuse”（误用）指以错误或非预期的方式使用某物，通常不包含恶意或伤害意图，侧重于技术性或程序性错误。而 “abuse” 强调故意、过度或有害的使用，带有强烈的道德谴责意味。"
    },
    {
      "word_to_compare": "mistreatment",
      "analysis": "“Mistreatment”（虐待/不公正对待）是更宽泛的术语，泛指任何形式的不善待，包括忽视、冷漠或不公正对待，不一定涉及暴力或言语攻击。而 “abuse” 更具体，常指主动施加伤害，尤其在身体、情感或性方面。"
    },
    {
      "word_to_compare": "offense",
      "analysis": "“Offense”（冒犯）指因言语或行为引起他人不快或愤怒，可能是无意的或轻微的。而 “abuses” 作为名词时特指具有攻击性、侮辱性或恶意的言语，程度更重，常构成语言暴力。"
    }
  ]
}