{
  "word": "abused",
  "pronunciation": "uh·byoozd",
  "concise_definition": "v. 滥用, 虐待, 误用",
  "forms": {
    "base_form": "abuse",
    "third_person_singular": "abuses",
    "past_tense": "abused",
    "past_participle": "abused",
    "present_participle": "abusing"
  },
  "definitions": [
    {
      "pos": "verb",
      "explanation_en": "To treat someone or something with cruelty or violence, especially repeatedly or over a period of time, causing physical, emotional, or psychological harm.",
      "explanation_cn": "指对某人或某物进行残忍或暴力的对待，尤其是反复或长期进行，造成身体、情感或心理上的伤害。",
      "example_en": "The child was abused by her caregiver for years before anyone noticed.",
      "example_cn": "这个孩子多年来一直被看护者虐待，直到有人注意到为止。"
    },
    {
      "pos": "verb",
      "explanation_en": "To use something improperly, excessively, or for unintended purposes, often leading to damage or negative consequences.",
      "explanation_cn": "指以不恰当、过度或非预期的方式使用某物，通常导致损害或负面后果。",
      "example_en": "He abused his position of power to get favors from subordinates.",
      "example_cn": "他滥用职权，向下属索取好处。"
    },
    {
      "pos": "verb",
      "explanation_en": "To use language in a harmful, offensive, or insulting way, such as through verbal harassment or degradation.",
      "explanation_cn": "指以有害、冒犯或侮辱性的方式使用语言，例如通过言语骚扰或贬低。",
      "example_en": "The player was ejected for abusing the referee with vulgar language.",
      "example_cn": "这名球员因用粗俗语言辱骂裁判而被罚下场。"
    }
  ],
  "comparison": [
    {
      "word_to_compare": "maltreat",
      "analysis": "“Maltreat” (虐待) 与 “abused” 在身体或情感伤害的语境中非常接近，但 “maltreat” 更中性，常用于正式或书面语，且不包含“误用”或“滥用”这类非人身对象的含义。而 “abused” 的语义范围更广，可涵盖物质、权力、语言等多方面滥用。"
    },
    {
      "word_to_compare": "misuse",
      "analysis": "“Misuse” (误用) 专指以错误或不当的方式使用某物，强调功能或用途的偏离，通常不涉及人身伤害。而 “abused” 不仅包含误用，还隐含恶意、过度或伤害性，情感色彩更强烈。例如：misuse a tool（误用工具） vs. abused a child（虐待儿童）。"
    },
    {
      "word_to_compare": "harass",
      "analysis": "“Harass” (骚扰) 指持续的、令人困扰的行为，常用于性骚扰或言语骚扰，但不一定包含长期的身体暴力或系统性控制。而 “abused” 更全面，常暗示权力不对等、长期性与严重后果，范围大于 “harass”。"
    }
  ]
}