{
  "word": "abyss",
  "pronunciation": "uh·bis",
  "concise_definition": "n. 深渊, 无底洞, 绝境",
  "forms": {
    "plural": "abysses"
  },
  "definitions": [
    {
      "pos": "noun",
      "explanation_en": "A deep, seemingly bottomless chasm or hole, especially in the earth or ocean, often evoking a sense of vastness, darkness, and danger.",
      "explanation_cn": "指地球或海洋中深不见底的裂隙或洞穴，常令人联想到广阔、黑暗与危险。",
      "example_en": "The divers descended into the abyss to explore the uncharted seafloor.",
      "example_cn": "潜水员下潜至深渊，探索未知的海底。"
    },
    {
      "pos": "noun",
      "explanation_en": "A metaphorical state of extreme despair, moral decay, or existential void, often used to describe emotional, spiritual, or societal collapse.",
      "explanation_cn": "比喻极度绝望、道德沦丧或存在主义虚无的状态，常用于描述情感、精神或社会的崩溃。",
      "example_en": "After losing everything, he felt himself falling into an abyss of depression.",
      "example_cn": "在失去一切之后，他感到自己正坠入抑郁的深渊。"
    }
  ],
  "comparison": [
    {
      "word_to_compare": "chasm",
      "analysis": "“Chasm”（裂隙）指地表或抽象意义上的巨大裂缝，强调物理或象征性的分离，但不一定具有“无底”或“深不可测”的含义。而 “abyss” 更强调深度、不可测性与恐怖感，常带有超自然或哲学意味。"
    },
    {
      "word_to_compare": "void",
      "analysis": "“Void”（虚空）侧重于“空无”或“缺失”，常用于描述抽象的存在缺失，如情感空虚或宇宙真空。它不必然包含“深度”或“物理下陷”的意象，而 “abyss” 则强烈暗示向下坠落的动态与压迫感。"
    },
    {
      "word_to_compare": "pit",
      "analysis": "“Pit”（坑）是较小、较具体的凹陷，常用于实际场景如矿坑或陷阱，语义上更日常、更有限。而 “abyss” 是宏大、夸张的意象，常用于文学或隐喻语境，具有更强的情感冲击力和象征性。"
    }
  ]
}