{
  "word": "aca",
  "pronunciation": "ay·kuh",
  "concise_definition": "n. (缩写) 美国加州大学系统 (University of California) 的非正式缩写，或指加州大学洛杉矶分校 (UCLA) 的学生俚语用法",
  "forms": {
    "plural": "acas"
  },
  "definitions": [
    {
      "pos": "noun",
      "explanation_en": "An informal abbreviation for the University of California system, commonly used in academic, student, or regional contexts in California to refer to the public university network.",
      "explanation_cn": "美国加州大学系统的非正式缩写，常用于加州的学术、学生或地区语境中，指代该州的公立大学体系。",
      "example_en": "I got accepted to aca this fall — I can't believe it!",
      "example_cn": "我今年秋天被加州大学录取了——真不敢相信！"
    },
    {
      "pos": "noun",
      "explanation_en": "A slang term used by students at UCLA (University of California, Los Angeles) to refer to their own university, often in casual conversation or social media.",
      "explanation_cn": "加州大学洛杉矶分校（UCLA）学生在非正式对话或社交媒体中用来指代自己学校的俚语用法。",
      "example_en": "The aca campus is buzzing with activity during finals week.",
      "example_cn": "期末周时，UCLA校园里一片繁忙景象。"
    }
  ],
  "comparison": [
    {
      "word_to_compare": "uc",
      "analysis": "“UC” 是 “University of California” 的标准官方缩写，广泛用于正式文件、网站和官方通信中，如 UC Berkeley、UC Davis。而 “aca” 是更口语化、非正式的变体，主要在学生群体或本地语境中使用，带有更强的亲昵感和地域认同。"
    },
    {
      "word_to_compare": "ucla",
      "analysis": "“UCLA” 是加州大学洛杉矶分校的正式全称缩写，具有明确的指代性。而 “aca” 在某些语境下可作为 UCLA 的俚语替代，但其含义更模糊，可能泛指整个加州大学系统，需依赖上下文判断。使用 “ucla” 更准确，避免歧义。"
    },
    {
      "word_to_compare": "college",
      "analysis": "“College” 是泛指高等教育机构的通用词，可指任何大学或学院，无特定地域或系统指向。而 “aca” 是高度语境化的缩略词，仅在加州大学体系内被理解，不具备普遍适用性。"
    }
  ]
}