{
  "word": "academics",
  "pronunciation": "ak·uh·dem·iks",
  "concise_definition": "n. 学术界, 学者, 学术活动",
  "forms": {
    "singular": "academic"
  },
  "definitions": [
    {
      "pos": "noun",
      "explanation_en": "A person who teaches or conducts research at a college or university, especially one engaged in scholarly work in a specific field.",
      "explanation_cn": "指在大学或学院从事教学或研究工作的人，尤指在某一特定领域进行学术研究的学者。",
      "example_en": "Many academics publish their research in peer-reviewed journals.",
      "example_cn": "许多学者将他们的研究成果发表在同行评审的期刊上。"
    },
    {
      "pos": "noun",
      "explanation_en": "The collective body of scholars, institutions, and activities related to higher education and scholarly research.",
      "explanation_cn": "指与高等教育和学术研究相关的学者、机构及活动的总称，即‘学术界’。",
      "example_en": "The debate between academics and policymakers often centers on the practical application of research.",
      "example_cn": "学者与政策制定者之间的争论常常围绕研究的实际应用展开。"
    },
    {
      "pos": "adjective",
      "explanation_en": "Relating to education and scholarship, especially at the college level; focused on theoretical knowledge rather than practical skills.",
      "explanation_cn": "与教育和学术研究相关，尤指大学层次的；侧重于理论知识而非实践技能的。",
      "example_en": "Her academic interests include medieval literature and linguistic theory.",
      "example_cn": "她的学术兴趣包括中世纪文学和语言学理论。"
    }
  ],
  "comparison": [
    {
      "word_to_compare": "scholars",
      "analysis": "“Scholars”（学者）泛指在任何领域进行深入研究的人，可以是独立研究者或非大学机构的研究人员，范围更广；而 “academics” 特指在高等教育机构中任职、从事教学与研究的人，具有制度性身份。"
    },
    {
      "word_to_compare": "intellectuals",
      "analysis": "“Intellectuals”（知识分子）强调对思想、文化、社会问题有深刻见解并积极参与公共讨论的人，其活动不限于学术机构，可能包括作家、评论家、哲学家等；而 “academics” 更强调职业身份和制度背景，不一定参与公共话语。"
    },
    {
      "word_to_compare": "education",
      "analysis": "“Education”（教育）是一个广义概念，涵盖所有形式的学习与教学过程，从幼儿园到成人教育；而 “academics” 专指高等教育和研究层面的系统性知识活动，是教育体系中的一个子集。"
    }
  ]
}