{
  "word": "academia",
  "pronunciation": "a·kuh·dee·mee·uh",
  "concise_definition": "n. 学术界, 高等教育界",
  "forms": {
    "plural": "academias"
  },
  "definitions": [
    {
      "pos": "noun",
      "explanation_en": "The community or environment of institutions and individuals engaged in higher education and scholarly research, especially at universities and colleges.",
      "explanation_cn": "指从事高等教育和学术研究的机构与人员所构成的群体或环境，尤指大学和学院中的学术圈。",
      "example_en": "She left corporate life to return to academia and pursue her Ph.D. in history.",
      "example_cn": "她离开了企业界，重返学术界，攻读历史学博士学位。"
    },
    {
      "pos": "noun",
      "explanation_en": "The collective body of academic thought, values, and practices, often characterized by intellectual rigor, theoretical focus, and institutional traditions.",
      "explanation_cn": "指学术界整体的思想体系、价值观与实践方式，通常以严谨的智力追求、理论导向和制度传统为特征。",
      "example_en": "Critics argue that academia is too detached from real-world problems and practical applications.",
      "example_cn": "批评者认为，学术界过于脱离现实问题与实际应用。"
    }
  ],
  "comparison": [
    {
      "word_to_compare": "university",
      "analysis": "“University”（大学）是一个具体的教育机构，指有组织的实体场所，包含教学、研究和行政功能。而 “academia” 是一个抽象概念，泛指整个学术共同体，包括多所大学、研究机构、学者群体及其文化氛围。"
    },
    {
      "word_to_compare": "scholarship",
      "analysis": "“Scholarship”（学术研究/奖学金）侧重于学术活动本身，如研究、写作、知识创造，或指资助学生学习的经济支持。而 “academia” 强调的是从事这些活动的系统性环境与社会结构，是承载学术的平台。"
    },
    {
      "word_to_compare": "intellectualism",
      "analysis": "“Intellectualism”（智识主义）强调对理性、思想和知识的推崇，是一种哲学态度或价值取向。而 “academia” 是一个社会性实体，包含制度、职位、出版、评审等实际运作机制，不一定完全等同于智力追求本身。"
    }
  ]
}