{
  "word": "academies",
  "pronunciation": "uh·kad·uh·meez",
  "concise_definition": "n. 院校, 学院, 学会, 研究机构",
  "forms": {
    "singular": "academy"
  },
  "definitions": [
    {
      "pos": "noun",
      "explanation_en": "An institution dedicated to the study, research, or training in a specific field, especially one that is specialized, prestigious, or officially recognized.",
      "explanation_cn": "指专门从事某一领域学习、研究或培训的机构，通常具有专业性、声望或官方认可。",
      "example_en": "The Royal Academy of Arts in London is one of the most respected institutions for visual arts education.",
      "example_cn": "伦敦皇家艺术学院是视觉艺术教育领域最受尊敬的机构之一。"
    },
    {
      "pos": "noun",
      "explanation_en": "A group of scholars or experts who meet regularly to promote knowledge, set standards, or award honors in a particular discipline.",
      "explanation_cn": "指一群学者或专家定期聚会，以促进某一学科的知识发展、制定标准或授予荣誉的组织。",
      "example_en": "The French Academy is responsible for maintaining the purity and standards of the French language.",
      "example_cn": "法兰西学院负责维护法语的纯正性与规范标准。"
    },
    {
      "pos": "noun",
      "explanation_en": "A school or training center, especially one that provides specialized instruction in military, artistic, or athletic disciplines.",
      "explanation_cn": "指提供军事、艺术或体育等专业训练的学校或培训机构。",
      "example_en": "He graduated from the United States Military Academy at West Point.",
      "example_cn": "他毕业于西点军校。"
    }
  ],
  "comparison": [
    {
      "word_to_compare": "university",
      "analysis": "“University”（大学）是一个综合性高等教育机构，涵盖多个学科领域，提供本科和研究生教育，规模通常较大，结构更复杂。而 “academy” 更侧重于特定领域的专业教育或研究，规模较小，有时更具精英性或封闭性。"
    },
    {
      "word_to_compare": "institute",
      "analysis": "“Institute”（研究所/学院）与 “academy” 相近，常用于指专业研究或培训组织，但 “institute” 更强调科研功能，常为非教学型机构（如研究所），而 “academy” 更常包含教学、荣誉授予和传统传承的多重角色。"
    },
    {
      "word_to_compare": "college",
      "analysis": "“College”（学院）通常指大学下属的教学单位，或独立的本科教育机构，侧重于教学而非研究或荣誉体系。而 “academy” 更强调专业性、权威性和传统，有时具有国家级或皇家背景，如艺术学院、军事学院。"
    }
  ]
}