{
  "word": "academically",
  "pronunciation": "a·kə·dem·ik·lee",
  "concise_definition": "adv. 学术上, 在学业上, 以学术方式",
  "forms": {
    "adjective": "academic"
  },
  "definitions": [
    {
      "pos": "adverb",
      "explanation_en": "In a manner related to education, scholarly study, or intellectual pursuits, especially within a formal school or university setting.",
      "explanation_cn": "指与教育、学术研究或智力追求相关的方式，尤其在正规学校或大学环境中。",
      "example_en": "She performed academically above her peers, earning top grades in all subjects.",
      "example_cn": "她在学业上表现优于同龄人，所有科目都取得了优异成绩。"
    },
    {
      "pos": "adverb",
      "explanation_en": "According to theoretical or institutional standards of education, rather than practical or real-world experience.",
      "explanation_cn": "依据教育的理论或制度标准，而非实际或现实经验。",
      "example_en": "The theory is sound academically, but it fails in real-world applications.",
      "example_cn": "这一理论在学术上是成立的，但在实际应用中却行不通。"
    }
  ],
  "comparison": [
    {
      "word_to_compare": "intellectually",
      "analysis": "“Intellectually”（智力上）强调思维能力、理解力或推理过程，范围更广，可涵盖哲学、逻辑、抽象思考等非教育场景。而 “academically” 更具体地指向学校或学术体系内的表现与标准，具有制度性和结构性。"
    },
    {
      "word_to_compare": "scholarly",
      "analysis": "“Scholarly”（学术性的）是形容词，常用于描述行为、态度或成果具有严谨、系统、研究导向的特征，如 scholarly article。而 “academically” 是副词，侧重描述行为发生的方式或环境，强调在学术机构中的实践，语义更贴近教育体制。"
    },
    {
      "word_to_compare": "studies",
      "analysis": "“Studies”（学习、学业）是名词，指具体的学术活动或课程内容，如 “He is focused on his studies.” 而 “academically” 是副词，修饰动词，描述行为如何进行，如 “He performs academically well.” 二者词性与功能不同，但语义领域重叠。"
    }
  ]
}