{
  "word": "accepted",
  "pronunciation": "uhk·sep·tid",
  "concise_definition": "adj. 被接受的, 被认可的; v. 接受（accept 的过去式和过去分词）",
  "forms": {
    "base_form": "accept",
    "third_person_singular": "accepts",
    "past_tense": "accepted",
    "past_participle": "accepted",
    "present_participle": "accepting"
  },
  "definitions": [
    {
      "pos": "adjective",
      "explanation_en": "Widely recognized or approved as valid, appropriate, or suitable within a particular context, group, or society.",
      "explanation_cn": "在特定语境、群体或社会中被广泛认可为有效、恰当或合适的。",
      "example_en": "The accepted norm in many cultures is to shake hands when meeting someone new.",
      "example_cn": "在许多文化中，与陌生人见面时握手是被普遍接受的礼节。"
    },
    {
      "pos": "adjective",
      "explanation_en": "Having been formally received or agreed to, especially after consideration or negotiation.",
      "explanation_cn": "经过考虑或协商后被正式接受或同意的。",
      "example_en": "The terms of the contract were accepted by both parties.",
      "example_cn": "合同条款已获得双方的接受。"
    },
    {
      "pos": "verb",
      "explanation_en": "To receive willingly something offered, given, or proposed; to agree to take or use something.",
      "explanation_cn": "自愿接受他人提供、给予或提议的事物；同意接受或使用某物。",
      "example_en": "She accepted the job offer without hesitation.",
      "example_cn": "她毫不犹豫地接受了这份工作邀请。"
    },
    {
      "pos": "verb",
      "explanation_en": "To recognize or acknowledge the truth, validity, or legitimacy of something.",
      "explanation_cn": "承认某事物的真实性、有效性或正当性。",
      "example_en": "The court accepted his testimony as credible evidence.",
      "example_cn": "法庭认定他的证词为可信证据。"
    }
  ],
  "comparison": [
    {
      "word_to_compare": "approved",
      "analysis": "“Approved”（批准的）强调由权威机构或有决策权的人正式认可，带有制度性或程序性含义，如政府批准、董事会批准。而 “accepted” 更侧重于主观或社会层面的认同，不一定需要正式程序，例如一种行为被大众接受。"
    },
    {
      "word_to_compare": "recognized",
      "analysis": "“Recognized”（公认的）通常指被广泛知晓或正式承认为某种地位、事实或权利，常用于国际关系或专业领域（如被承认的国家、被认可的资格）。而 “accepted” 更强调心理或行为上的接纳，不一定涉及官方地位。"
    },
    {
      "word_to_compare": "admitted",
      "analysis": "“Admitted”（被允许进入/承认）常用于表示被允许加入某个群体、系统或承认某种事实（尤其是不愿承认的事实），如 admitted to the hospital（被收治入院）或 admitted guilt（承认有罪）。而 “accepted” 更中性，不带有被迫或勉强的意味，侧重于自愿或普遍认同。"
    }
  ]
}