{
  "word": "accents",
  "pronunciation": "ak·sents",
  "concise_definition": "n. 口音, 重音, 强调",
  "forms": {
    "singular": "accent"
  },
  "definitions": [
    {
      "pos": "noun",
      "explanation_en": "A distinctive way of pronouncing a language, often associated with a particular country, region, or social group, which may include variations in vowel and consonant sounds, rhythm, and intonation.",
      "explanation_cn": "指某种语言的特定发音方式，通常与某个国家、地区或社会群体相关，可能包括元音和辅音发音、节奏和语调上的差异。",
      "example_en": "She spoke English with a strong French accent.",
      "example_cn": "她说英语时带着浓重的法国口音。"
    },
    {
      "pos": "noun",
      "explanation_en": "The emphasis or stress placed on a particular syllable in a word or on a particular word in a sentence, which can change meaning or nuance.",
      "explanation_cn": "指在单词中的某个音节或句子中的某个词上所施加的重音，这种重音可能改变词义或语义细微差别。",
      "example_en": "In the word 'record', the accent on the first syllable makes it a noun, while on the second syllable it becomes a verb.",
      "example_cn": "在单词 'record' 中，重音在第一个音节时是名词，重音在第二个音节时则变为动词。"
    },
    {
      "pos": "noun",
      "explanation_en": "A distinctive feature or element that adds character, interest, or emphasis to something, often used metaphorically.",
      "explanation_cn": "指某种具有特色、增添趣味或强调作用的元素，常用于比喻意义。",
      "example_en": "The garden had an Asian accent with its bamboo fences and stone lanterns.",
      "example_cn": "这座花园以竹篱和石灯笼增添了亚洲风格的特色。"
    }
  ],
  "comparison": [
    {
      "word_to_compare": "dialect",
      "analysis": "“Dialect”（方言）指一种语言的区域性或社会性变体，涵盖词汇、语法和发音的整体差异，是一个更广泛的语言系统概念。而 “accent” 仅指发音方式，不涉及词汇或语法的变化。"
    },
    {
      "word_to_compare": "stress",
      "analysis": "“Stress”（重音）在语言学中常与 “accent” 互换使用，但 “stress” 更侧重于语音强度或音高变化的物理属性，而 “accent” 更强调这种重音在语言身份或风格上的文化或地域意义。"
    },
    {
      "word_to_compare": "emphasis",
      "analysis": "“Emphasis”（强调）是更广泛的术语，指在表达、写作或行为中突出某部分内容，不限于语音层面。而 “accent” 在比喻用法中虽可表示强调，但通常特指通过风格、装饰或特征来体现的突出，更具审美或文化色彩。"
    }
  ]
}