{
  "word": "accepts",
  "pronunciation": "uhk·sepz",
  "concise_definition": "v. 接受, 同意, 承认",
  "forms": {
    "base_form": "accept",
    "third_person_singular": "accepts",
    "past_tense": "accepted",
    "past_participle": "accepted",
    "present_participle": "accepting"
  },
  "definitions": [
    {
      "pos": "verb",
      "explanation_en": "To receive willingly something offered, given, or proposed, often implying consent or approval.",
      "explanation_cn": "指愿意接受他人提供、给予或提出的物品、提议或观点，通常包含同意或认可的含义。",
      "example_en": "She accepts the award on behalf of her team.",
      "example_cn": "她代表团队接受了这个奖项。"
    },
    {
      "pos": "verb",
      "explanation_en": "To recognize or acknowledge the truth, validity, or legitimacy of something, even if reluctantly.",
      "explanation_cn": "指承认某事的真实性、有效性或正当性，即使并非心甘情愿。",
      "example_en": "He finally accepts that he made a mistake.",
      "example_cn": "他最终承认自己犯了错误。"
    },
    {
      "pos": "verb",
      "explanation_en": "To agree to take on a responsibility, task, or role, often implying commitment.",
      "explanation_cn": "指同意承担某项责任、任务或角色，通常包含承诺的意味。",
      "example_en": "The company accepts new clients only on Mondays.",
      "example_cn": "该公司只在周一接受新客户。"
    }
  ],
  "comparison": [
    {
      "word_to_compare": "receive",
      "analysis": "“Receive” (收到) 仅指被动地获得某物，不包含情感或意愿成分，如收到一封信或礼物。而 “accepts” 强调主动的接纳与认可，隐含同意或愿意接受的主观态度。"
    },
    {
      "word_to_compare": "agree",
      "analysis": "“Agree” (同意) 通常指在观点、计划或决定上达成一致，侧重于意见的吻合。而 “accepts” 更广泛，可指接受实物、结果、现实或责任，不一定需要事先达成共识。例如，你可以接受一个你不认同的事实。"
    },
    {
      "word_to_compare": "admit",
      "analysis": "“Admit” (承认) 常带有被迫、迟疑或负面情境的色彩，如承认错误、罪行或弱点。而 “accepts” 更中性或积极，可表示自愿接受，甚至带有正面态度，如接受邀请或荣誉。"
    }
  ]
}