{
  "word": "accept",
  "pronunciation": "uhk·sep",
  "concise_definition": "v. 接受, 同意, 承认, 收下",
  "forms": {
    "third_person_singular": "accepts",
    "past_tense": "accepted",
    "past_participle": "accepted",
    "present_participle": "accepting"
  },
  "definitions": [
    {
      "pos": "verb",
      "explanation_en": "To receive willingly something offered, given, or presented, often implying consent or willingness to take possession.",
      "explanation_cn": "指愿意接收他人提供、给予或呈现的事物，通常意味着同意或愿意拥有它。",
      "example_en": "She accepted the gift with a smile.",
      "example_cn": "她微笑着接受了这份礼物。"
    },
    {
      "pos": "verb",
      "explanation_en": "To agree to or consent to something proposed, such as a plan, offer, or condition, often after consideration.",
      "explanation_cn": "指在考虑之后同意或认可某项提议、建议或条件。",
      "example_en": "The company accepted his terms for the contract.",
      "example_cn": "公司同意了他提出的合同条款。"
    },
    {
      "pos": "verb",
      "explanation_en": "To recognize or acknowledge the truth, validity, or existence of something, even if reluctantly.",
      "explanation_cn": "指承认某事物的真实性、有效性或存在性，即使不情愿。",
      "example_en": "He finally accepted that he was wrong.",
      "example_cn": "他最终承认自己错了。"
    },
    {
      "pos": "verb",
      "explanation_en": "To take on a role, responsibility, or duty, often with a sense of obligation or commitment.",
      "explanation_cn": "指承担某种角色、责任或义务，通常带有责任感或承诺感。",
      "example_en": "She accepted the position of team leader despite her lack of experience.",
      "example_cn": "尽管缺乏经验，她还是接受了团队领导的职位。"
    }
  ],
  "comparison": [
    {
      "word_to_compare": "receive",
      "analysis": "“Receive” (收到) 仅指被动地获得某物，不包含情感或意愿的成分，如收到一封信或一份通知。而 “accept” 强调主动的接纳或同意，隐含了心理上的认可或愿意承担。"
    },
    {
      "word_to_compare": "agree",
      "analysis": "“Agree” (同意) 通常指在观点、意见或决定上达成一致，多用于人与人之间的共识。而 “accept” 更广泛，可指接受事物、条件、现实或责任，不一定涉及意见一致，有时是无奈或被迫的接受。"
    },
    {
      "word_to_compare": "admit",
      "analysis": "“Admit” (承认) 常带有负面或勉强的语义色彩，多用于承认错误、缺点或不愿面对的事实，如 admit a mistake。而 “accept” 更中性，甚至积极，如 accept responsibility，强调承担而非被动承认。"
    }
  ]
}