{
  "word": "accessories",
  "pronunciation": "uhk·ses·uh·reez",
  "concise_definition": "n. 配件, 饰品, 附件",
  "forms": {
    "singular": "accessory"
  },
  "definitions": [
    {
      "pos": "noun",
      "explanation_en": "Items that are added to something else to enhance its appearance, functionality, or utility, but are not essential to its core operation.",
      "explanation_cn": "指为增强某物的外观、功能或实用性而附加的物品，但并非其核心运作所必需。",
      "example_en": "She wore a silk scarf and leather gloves as accessories to her winter coat.",
      "example_cn": "她佩戴了一条丝绸围巾和一双皮手套，作为冬季大衣的配饰。"
    },
    {
      "pos": "noun",
      "explanation_en": "Small devices or components that can be attached to a main device to extend its capabilities, often sold separately.",
      "explanation_cn": "指可附加到主要设备上以扩展其功能的小型装置或部件，通常单独销售。",
      "example_en": "The smartphone comes with a charger, but you can buy additional accessories like a case and wireless earbuds.",
      "example_cn": "这款智能手机附带充电器，但你可以额外购买保护壳和无线耳机等配件。"
    },
    {
      "pos": "noun",
      "explanation_en": "In fashion, items such as jewelry, belts, hats, or bags that complement an outfit and express personal style.",
      "explanation_cn": "在时尚领域，指珠宝、腰带、帽子或包袋等用于搭配服装、体现个人风格的物品。",
      "example_en": "Her statement earrings and clutch bag were the standout accessories of the evening.",
      "example_cn": "她的夸张耳环和手拿包是当晚最引人注目的配饰。"
    }
  ],
  "comparison": [
    {
      "word_to_compare": "components",
      "analysis": "“Components”（组件）指构成一个系统或设备的基本部分，通常是功能性的、不可或缺的，如电脑的主板或引擎的活塞。而 “accessories” 是可选的、非核心的附加物，用于提升体验而非实现基本功能。"
    },
    {
      "word_to_compare": "add-ons",
      "analysis": "“Add-ons”（附加功能/插件）与 “accessories” 在技术语境中常可互换，但 “add-ons” 更多用于软件或数字服务（如浏览器插件），强调功能扩展；而 “accessories” 更常用于实体物品，如服装或电子设备的物理附件。"
    },
    {
      "word_to_compare": "ornaments",
      "analysis": "“Ornaments”（装饰品）专指以美化为目的的物品，通常不具备实用功能，如圣诞树上的挂饰或建筑上的雕花。而 “accessories” 虽包含装饰性物品，但更广泛，常兼具实用与审美双重目的，如手表既是时间工具也是时尚配饰。"
    }
  ]
}