{
  "word": "acceptable",
  "pronunciation": "uhk·sep·tuh·buhl",
  "concise_definition": "adj. 可接受的, 合意的, 能容忍的",
  "forms": {
    "comparative": "more acceptable",
    "superlative": "most acceptable"
  },
  "definitions": [
    {
      "pos": "adjective",
      "explanation_en": "Satisfactory or adequate enough to be allowed or tolerated, though not necessarily excellent or ideal; meeting minimum standards or expectations.",
      "explanation_cn": "达到足够满意或可容忍的程度，虽非卓越或理想，但符合最低标准或期望，可以被接受。",
      "example_en": "The quality of the product is acceptable for its price point.",
      "example_cn": "这个产品的质量与其价格相比是可以接受的。"
    },
    {
      "pos": "adjective",
      "explanation_en": "In line with social norms, cultural expectations, or moral standards; not offensive or inappropriate in a given context.",
      "explanation_cn": "符合社会规范、文化期望或道德标准；在特定语境中不冒犯或不妥当。",
      "example_en": "Wearing shorts to the office may not be acceptable in formal corporate cultures.",
      "example_cn": "在正式的企业文化中，穿短裤上班可能不被接受。"
    },
    {
      "pos": "adjective",
      "explanation_en": "Agreed upon or approved by a person or group, even if reluctantly or with reservations.",
      "explanation_cn": "被某人或某群体所同意或认可，即使带有勉强或保留意见。",
      "example_en": "We reached an acceptable compromise after hours of negotiation.",
      "example_cn": "经过数小时的谈判，我们达成了一项可以接受的妥协方案。"
    }
  ],
  "comparison": [
    {
      "word_to_compare": "adequate",
      "analysis": "“Adequate”（足够的）强调满足基本需求，常带有“仅够用、不理想”的负面含义，语气比 “acceptable” 更中性甚至略显贬义。而 “acceptable” 更侧重于主观认可或社会容忍，可能包含积极的妥协意味。"
    },
    {
      "word_to_compare": "satisfactory",
      "analysis": "“Satisfactory”（令人满意的）强调结果符合预期或标准，通常带有正面评价，暗示“做得不错”。而 “acceptable” 更低一个层次，仅表示“不被拒绝”，可能隐含“勉强过关”的意味。"
    },
    {
      "word_to_compare": "tolerable",
      "analysis": "“Tolerable”（可容忍的）强调忍受而非认可，常用于描述令人不快但尚能忍受的事物，语气更消极。而 “acceptable” 更中性，甚至可能隐含“值得采纳”的含义，适用范围更广。"
    }
  ]
}