{
  "word": "accessory",
  "pronunciation": "uhk·ses·uh·ree",
  "concise_definition": "n. 配件, 饰品, 附属品",
  "forms": {
    "plural": "accessories"
  },
  "definitions": [
    {
      "pos": "noun",
      "explanation_en": "An item that is added to something else to enhance its appearance, functionality, or utility, but is not essential to its core operation.",
      "explanation_cn": "指为增强某物的外观、功能或实用性而附加的物品，但并非其核心运作所必需。",
      "example_en": "She wore a silk scarf as an accessory to complete her outfit.",
      "example_cn": "她佩戴一条丝绸围巾作为配饰，使整体造型更加完整。"
    },
    {
      "pos": "noun",
      "explanation_en": "A supplementary part or component of a larger system, often used in technology, vehicles, or machinery to extend capabilities.",
      "explanation_cn": "指大型系统（如科技产品、车辆或机械）中用于扩展功能的附加部件。",
      "example_en": "The camera comes with several accessories, including a tripod and extra lenses.",
      "example_cn": "这台相机附带多个配件，包括三脚架和额外镜头。"
    },
    {
      "pos": "noun",
      "explanation_en": "A person who assists in the commission of a crime, either before or after the fact, without directly participating in the act itself.",
      "explanation_cn": "指在犯罪发生前或发生后提供协助，但未直接参与犯罪行为的人（法律术语）。",
      "example_en": "He was charged as an accessory after the fact for helping the suspect flee the country.",
      "example_cn": "他因协助嫌疑人逃往国外而被控为从犯。"
    }
  ],
  "comparison": [
    {
      "word_to_compare": "appendage",
      "analysis": "“Appendage”（附属物）通常指生物体上自然生长的附属部分（如尾巴、触角），或在技术语境中指物理上连接但非核心的部件。它更偏向生物学或机械结构，语气较中性或技术性；而 “accessory” 更常用于时尚、消费产品领域，强调装饰性或功能性补充，语义更广泛且日常化。"
    },
    {
      "word_to_compare": "addition",
      "analysis": "“Addition”（添加物）是一个通用词，泛指任何被添加进去的东西，可以是抽象的（如数字相加）或具体的。它不隐含“非必需”或“装饰性”的含义。而 “accessory” 特指那些非核心、可选的补充物，常带有审美或实用增强的目的。"
    },
    {
      "word_to_compare": "complement",
      "analysis": "“Complement”（补足物）强调与主体形成和谐搭配，使整体更完美，常用于色彩、风格或功能上的互补关系。它隐含一种“完美匹配”的意味。而 “accessory” 更中性，仅表示附加物，不一定追求完美契合，有时甚至只是实用性的补充。"
    }
  ]
}