{
  "word": "accelerating",
  "pronunciation": "uhk·suhl·er·ey·tihng",
  "concise_definition": "v. 加速, 促进, 增快",
  "forms": {
    "base_form": "accelerate",
    "third_person_singular": "accelerates",
    "past_tense": "accelerated",
    "past_participle": "accelerated",
    "present_participle": "accelerating"
  },
  "definitions": [
    {
      "pos": "verb",
      "explanation_en": "To increase the speed or rate of something, whether physical motion, a process, or a trend.",
      "explanation_cn": "指增加某事物的速度或速率，无论是物理运动、过程还是趋势。",
      "example_en": "The car is accelerating rapidly as it enters the highway.",
      "example_cn": "汽车在驶入高速公路时正在迅速加速。"
    },
    {
      "pos": "verb",
      "explanation_en": "To cause something to happen sooner or more quickly than it otherwise would, often by removing obstacles or applying pressure.",
      "explanation_cn": "指通过消除障碍或施加压力，使某事比原本更快发生。",
      "example_en": "Government incentives are accelerating the adoption of renewable energy.",
      "example_cn": "政府的激励措施正在加速可再生能源的采用。"
    },
    {
      "pos": "verb",
      "explanation_en": "To cause a process or change to progress at a faster pace, especially in technological, economic, or social contexts.",
      "explanation_cn": "指促使某一过程或变化在技术、经济或社会背景下以更快的节奏推进。",
      "example_en": "Digital transformation is accelerating the pace of business innovation.",
      "example_cn": "数字化转型正在加快商业创新的步伐。"
    }
  ],
  "comparison": [
    {
      "word_to_compare": "speed up",
      "analysis": "“Speed up” 是 “accelerating” 的口语化表达，语义高度重叠，但更常用于日常语境，如“speed up the car”或“speed up your work”。而 “accelerating” 更正式，常用于科技、工程或学术语境，强调系统性或结构性的速率提升。"
    },
    {
      "word_to_compare": "expedite",
      "analysis": "“Expedite” (加快进程) 侧重于通过优化流程、减少延误来提高效率，常用于行政、物流或管理场景，如“expedite a visa application”。它强调“减少拖延”，而 “accelerating” 更强调“增加速率”本身，不必然涉及流程改进。"
    },
    {
      "word_to_compare": "hasten",
      "analysis": "“Hasten” (催促、匆忙) 常带有紧迫感或仓促的意味，有时隐含不充分准备的负面含义，如“hasten the decision”。而 “accelerating” 是中性或积极的，强调可控、持续的速率提升，不带有情绪色彩。"
    }
  ]
}