{
  "word": "acceptance",
  "pronunciation": "uhk·sep·tuhns",
  "concise_definition": "n. 接受, 认可, 接纳, 同意",
  "forms": {
    "plural": "acceptances"
  },
  "definitions": [
    {
      "pos": "noun",
      "explanation_en": "The act of receiving or agreeing to something offered, especially when it involves willingness to take responsibility or comply with a condition.",
      "explanation_cn": "指接受或同意某项提供物，尤其涉及愿意承担责任或遵守某种条件的行为。",
      "example_en": "The company's offer of a new contract was met with widespread acceptance by the employees.",
      "example_cn": "公司提出的新的合同方案得到了员工们的广泛接受。"
    },
    {
      "pos": "noun",
      "explanation_en": "The state of being accepted or recognized as valid, legitimate, or suitable, often in social, cultural, or institutional contexts.",
      "explanation_cn": "指在社会、文化或制度背景下被接受、认可为有效、正当或合适的状况。",
      "example_en": "There has been growing acceptance of same-sex marriage in many countries.",
      "example_cn": "在许多国家，同性婚姻的接受度正在不断提高。"
    },
    {
      "pos": "noun",
      "explanation_en": "In finance and law, the formal agreement to honor a financial instrument, such as a bill of exchange or check, by signing or endorsing it.",
      "explanation_cn": "在金融和法律领域，指通过签名或背书正式同意履行金融票据（如汇票或支票）的义务。",
      "example_en": "The bank gave its acceptance of the draft, promising to pay the amount at maturity.",
      "example_cn": "银行对汇票予以承兑，承诺在到期时支付款项。"
    }
  ],
  "comparison": [
    {
      "word_to_compare": "approval",
      "analysis": "“Approval”（批准）强调权威性或正式性的认可，通常由有权者做出，带有判断和许可的意味，如上级批准申请。而 “acceptance” 更侧重于主观上的愿意接受或心理上的认同，不一定需要正式授权。"
    },
    {
      "word_to_compare": "tolerance",
      "analysis": "“Tolerance”（容忍）指即使不完全认同，也允许存在或发生，常带有勉强或被动的意味。而 “acceptance” 是更积极、更彻底的接纳，意味着内在认同或愿意融入。例如，容忍差异 ≠ 接纳多样性。"
    },
    {
      "word_to_compare": "compliance",
      "analysis": "“Compliance”（服从/遵守）强调出于规则、法律或压力而采取的外在行为，可能缺乏内在认同。而 “acceptance” 更强调内在态度的转变，是自愿的、发自内心的接受，而非被迫执行。"
    }
  ]
}