{
  "word": "accent",
  "pronunciation": "ak·sent",
  "concise_definition": "n. 口音, 重音, 强调; v. 强调, 突出",
  "forms": {
    "plural": "accents",
    "third_person_singular": "accents",
    "past_tense": "accented",
    "past_participle": "accented",
    "present_participle": "accenting"
  },
  "definitions": [
    {
      "pos": "noun",
      "explanation_en": "A distinctive way of pronouncing a language, often associated with a particular country, region, or social group, reflecting differences in vowel and consonant sounds, rhythm, and intonation.",
      "explanation_cn": "指某种语言特有的发音方式，通常与特定国家、地区或社会群体相关，体现元音、辅音、节奏和语调上的差异。",
      "example_en": "She speaks English with a strong French accent.",
      "example_cn": "她说英语时带有浓重的法国口音。"
    },
    {
      "pos": "noun",
      "explanation_en": "The emphasis or stress placed on a particular syllable in a word or on a particular word in a sentence, which can change meaning or nuance.",
      "explanation_cn": "指在单词中的某个音节或句子中的某个词上所施加的重音，这种重音可能改变词义或语义细微差别。",
      "example_en": "In 'record', the accent on the first syllable makes it a noun; on the second, it becomes a verb.",
      "example_cn": "在单词 'record' 中，重音在第一个音节时是名词；在第二个音节时则变为动词。"
    },
    {
      "pos": "noun",
      "explanation_en": "A distinctive or prominent feature that stands out and draws attention, often used metaphorically to describe something that enhances or defines a quality.",
      "explanation_cn": "指一种突出且引人注目的特征，常用于比喻，形容某种增强或定义整体特质的元素。",
      "example_en": "The red door was an accent in the otherwise neutral interior design.",
      "example_cn": "红色的门在整体中性的室内设计中成了一处亮点。"
    },
    {
      "pos": "verb",
      "explanation_en": "To emphasize or give special importance to something, often to highlight its significance or distinctiveness.",
      "explanation_cn": "指强调或赋予某事物特殊重要性，通常是为了突出其意义或独特性。",
      "example_en": "The report accents the need for immediate action on climate change.",
      "example_cn": "这份报告强调了立即采取行动应对气候变化的必要性。"
    }
  ],
  "comparison": [
    {
      "word_to_compare": "dialect",
      "analysis": "“Dialect” (方言) 指一个地区或社会群体所使用的完整语言变体，包括词汇、语法和发音系统，是一个更广泛的语言体系概念。而 “accent” 仅指发音方式，不涉及词汇或语法差异。一个人可以说某种方言但没有明显口音，或有口音但使用标准语言。"
    },
    {
      "word_to_compare": "stress",
      "analysis": "“Stress” (重音) 在语言学中常与 “accent” 互换，但 “stress” 更侧重于语音学中音节的强度或音高变化，是技术性术语；而 “accent” 既可以指语音重音，也可用于比喻义（如视觉或文化上的突出点），语义范围更广。"
    },
    {
      "word_to_compare": "emphasis",
      "analysis": "“Emphasis” (强调) 是一个更通用的抽象词，指对某事物给予特别关注或重要性，可用于任何语境（如写作、演讲、设计）。而 “accent” 作为动词时更具体，常用于语言或美学语境中，强调通过特定方式（如发音、颜色、位置）使某物突出。"
    }
  ]
}