{
  "word": "accelerator",
  "pronunciation": "ak·sul·er·ey·tər",
  "concise_definition": "n. 加速器, 油门, 催化剂",
  "forms": {
    "plural": "accelerators"
  },
  "definitions": [
    {
      "pos": "noun",
      "explanation_en": "A device in a vehicle that controls the engine's power output, allowing the driver to increase speed by pressing it with the foot.",
      "explanation_cn": "车辆中用于控制发动机输出功率的装置，驾驶员通过踩踏来提高车速。",
      "example_en": "She pressed the accelerator and the car surged forward.",
      "example_cn": "她踩下油门，汽车猛地向前冲去。"
    },
    {
      "pos": "noun",
      "explanation_en": "A scientific instrument that uses electromagnetic fields to propel charged particles to high speeds, often used in physics research and medical treatments.",
      "explanation_cn": "一种利用电磁场将带电粒子加速至高速的科学仪器，常用于物理研究和医疗治疗（如癌症放疗）。",
      "example_en": "The Large Hadron Collider is the world's most powerful particle accelerator.",
      "example_cn": "大型强子对撞机是世界上最强的粒子加速器。"
    },
    {
      "pos": "noun",
      "explanation_en": "A person, thing, or factor that causes a process to happen more quickly or efficiently.",
      "explanation_cn": "指促使某一过程更快或更高效发生的人、事物或因素，常用于比喻意义。",
      "example_en": "Government investment has been an accelerator for technological innovation in the region.",
      "example_cn": "政府投资已成为该地区技术创新的催化剂。"
    }
  ],
  "comparison": [
    {
      "word_to_compare": "throttle",
      "analysis": "“Throttle”（节气门）通常特指控制发动机进气量的机械装置，多用于飞机、摩托车或老式汽车，强调对燃料/空气混合物的调节；而 “accelerator” 是更通用的术语，泛指任何用于增加速度的控制装置，尤其在现代汽车中更常用。"
    },
    {
      "word_to_compare": "catalyst",
      "analysis": "“Catalyst”（催化剂）在化学中指加速反应但自身不被消耗的物质；在比喻义中与 “accelerator” 非常接近，但 “catalyst” 更强调引发质变或转折点，而 “accelerator” 更侧重于加快已有进程的速度，不必然引发质变。"
    },
    {
      "word_to_compare": "boost",
      "analysis": "“Boost”（提升）是一个动词或名词，泛指任何形式的增强或提高，如信心提升、性能增强，语义更宽泛；而 “accelerator” 是具体的功能性名词，通常指物理装置或机制，具有明确的因果作用路径。"
    }
  ]
}