{
  "word": "accelerate",
  "pronunciation": "uhk·sul·uh·reyt",
  "concise_definition": "v. 加速, 促进, 加快",
  "forms": {
    "third_person_singular": "accelerates",
    "past_tense": "accelerated",
    "past_participle": "accelerated",
    "present_participle": "accelerating"
  },
  "definitions": [
    {
      "pos": "verb",
      "explanation_en": "To increase the speed or rate of something, especially motion or a process, often by applying force or intervention.",
      "explanation_cn": "指增加某物（尤其是运动或过程）的速度或速率，通常通过施加外力或人为干预来实现。",
      "example_en": "The car accelerated rapidly as it entered the highway.",
      "example_cn": "汽车一进入高速公路就迅速加速了。"
    },
    {
      "pos": "verb",
      "explanation_en": "To cause something to happen sooner or more quickly than it otherwise would, often by removing obstacles or providing support.",
      "explanation_cn": "指通过消除障碍或提供支持，使某事比原本更快地发生或完成。",
      "example_en": "The new policy is designed to accelerate economic recovery.",
      "example_cn": "这项新政策旨在促进经济复苏。"
    },
    {
      "pos": "verb",
      "explanation_en": "In physics, to change the velocity of an object by increasing its speed or altering its direction.",
      "explanation_cn": "在物理学中，指通过增加物体的速度或改变其方向来改变其速度。",
      "example_en": "Gravity accelerates objects toward the Earth at 9.8 meters per second squared.",
      "example_cn": "重力使物体以每秒9.8米的平方速度向地球加速下落。"
    }
  ],
  "comparison": [
    {
      "word_to_compare": "speed up",
      "analysis": "“Speed up” 是 “accelerate” 的非正式同义词，常用于口语中，强调单纯提高速度，不涉及技术或系统性干预。而 “accelerate” 更正式，常用于科学、工程或政策语境，暗示有目的的推动或机制性变化。"
    },
    {
      "word_to_compare": "expedite",
      "analysis": "“Expedite” (加快进程) 侧重于使流程、手续或任务更快完成，通常用于行政、物流或管理场景，强调效率和减少延迟。而 “accelerate” 更广泛，可用于物理运动、自然过程或抽象发展，不一定涉及人为流程。"
    },
    {
      "word_to_compare": "hasten",
      "analysis": "“Hasten” (匆忙进行) 常带有紧迫或仓促的意味，有时隐含因焦虑或压力而加快，可能牺牲质量。而 “accelerate” 是中性或积极的，强调可控、有序地提升速率，不必然伴随仓促感。"
    }
  ]
}