{
  "word": "accessible",
  "pronunciation": "ak·ses·uh·buhl",
  "concise_definition": "adj. 易接近的, 易使用的, 易理解的, 可到达的",
  "forms": {
    "comparative": "more accessible",
    "superlative": "most accessible"
  },
  "definitions": [
    {
      "pos": "adjective",
      "explanation_en": "Easy to reach, enter, use, or obtain, especially in terms of physical location or availability.",
      "explanation_cn": "指在物理位置或可用性方面容易到达、进入、使用或获得的。",
      "example_en": "The new library building is fully accessible to people with disabilities, with ramps and elevators.",
      "example_cn": "这座新图书馆完全对残障人士开放，设有坡道和电梯。"
    },
    {
      "pos": "adjective",
      "explanation_en": "Easy to understand or comprehend, especially when referring to complex information, language, or ideas.",
      "explanation_cn": "指（复杂的信息、语言或概念）容易理解或领会的。",
      "example_en": "The teacher explained the theory in an accessible way, using everyday examples.",
      "example_cn": "老师用日常例子以通俗易懂的方式解释了这一理论。"
    },
    {
      "pos": "adjective",
      "explanation_en": "Available or open to the public or to a particular group, often implying lack of restriction or exclusivity.",
      "explanation_cn": "指对公众或特定群体开放，通常意味着没有限制或排他性。",
      "example_en": "Public parks should be accessible to all citizens, regardless of income or background.",
      "example_cn": "公共公园应向所有公民开放，不论其收入或背景如何。"
    }
  ],
  "comparison": [
    {
      "word_to_compare": "available",
      "analysis": "“Available”（可用的）强调某物存在且可以被使用或获取，但不涉及使用或获取的难易程度。例如，一个房间可能“available”（有空），但若没有电梯，对轮椅使用者就不“accessible”。前者是存在性，后者是可达性与包容性。"
    },
    {
      "word_to_compare": "easy",
      "analysis": "“Easy”（容易的）是一个通用形容词，可修饰多种情境（如 easy task, easy person），但不特指物理或认知上的可接近性。“Accessible” 更具体，常用于描述环境、信息或服务的包容性与可及性，具有专业语境中的技术含义。"
    },
    {
      "word_to_compare": "approachable",
      "analysis": "“Approachable”（平易近人的）主要用于形容人，指态度友好、容易交谈，侧重于社交或情感层面的可亲近性。而 “accessible” 更多用于物理空间、信息或系统层面，强调客观的可达性，不涉及人际情感。"
    }
  ]
}