{
  "word": "accidents",
  "pronunciation": "ak·suh·duhnts",
  "concise_definition": "n. 意外, 事故, 偶然事件",
  "forms": {
    "singular": "accident"
  },
  "definitions": [
    {
      "pos": "noun",
      "explanation_en": "An unexpected and unintentional event that results in harm, damage, injury, or loss, often occurring due to carelessness, malfunction, or unforeseen circumstances.",
      "explanation_cn": "指因疏忽、故障或不可预见的情况而发生的、非预期且非故意的事件，通常导致伤害、损坏、损失或伤亡。",
      "example_en": "The car accident occurred at the intersection due to icy road conditions.",
      "example_cn": "由于路面结冰，汽车在十字路口发生了事故。"
    },
    {
      "pos": "noun",
      "explanation_en": "A chance occurrence or coincidence, especially one that is fortunate or unexpected, often used in the phrase 'by accident'.",
      "explanation_cn": "指偶然发生的事件，尤其是幸运或意想不到的事件，常用于短语 'by accident'（偶然地）。",
      "example_en": "I found this rare book by accident while browsing in the old bookstore.",
      "example_cn": "我在旧书店随意翻看时，偶然发现了这本稀有书籍。"
    }
  ],
  "comparison": [
    {
      "word_to_compare": "incident",
      "analysis": "“Incident”（事件）是一个更中性、更广泛的术语，指任何发生的事件，无论是否意外或有害，可用于描述冲突、抗议、小摩擦等。而 “accident” 特指造成伤害或损失的非故意事件，具有负面后果的倾向。"
    },
    {
      "word_to_compare": "mishap",
      "analysis": "“Mishap”（小灾祸）通常指轻微、不严重的事故，带有轻微幽默或不那么严重的语气，如打翻咖啡、摔了一跤。而 “accident” 可以涵盖从轻微到致命的各种程度，语义更严肃、更正式。"
    },
    {
      "word_to_compare": "chance",
      "analysis": "“Chance”（机会/偶然）强调可能性或运气，常用于中性或积极语境，如 'by chance' 表示偶然发生但未必有后果。而 “accident” 强调事件的非故意性和潜在破坏性，即使结果是正面的（如‘意外发现’），也保留了‘非计划性’的核心含义。"
    }
  ]
}