{
  "word": "accident",
  "pronunciation": "ak·si·duhnt",
  "concise_definition": "n. 意外, 事故, 偶然",
  "forms": {
    "plural": "accidents"
  },
  "definitions": [
    {
      "pos": "noun",
      "explanation_en": "An unexpected and unintentional event that results in harm, damage, injury, or loss, often due to carelessness, chance, or unforeseen circumstances.",
      "explanation_cn": "指因疏忽、偶然或不可预见的情况而导致的意外事件，通常造成伤害、损失或破坏。",
      "example_en": "The car accident occurred at the intersection due to icy road conditions.",
      "example_cn": "由于路面结冰，汽车在十字路口发生了事故。"
    },
    {
      "pos": "noun",
      "explanation_en": "A chance occurrence or something that happens without being planned or intended, often used to describe coincidences or fortuitous events.",
      "explanation_cn": "指非计划或非故意发生的偶然事件，常用于描述巧合或机缘巧合的情况。",
      "example_en": "It was an accident that we met at the café — I didn't know you were in town.",
      "example_cn": "我们在咖啡馆相遇纯属偶然——我不知道你在这座城里。"
    }
  ],
  "comparison": [
    {
      "word_to_compare": "incident",
      "analysis": "“Incident” (事件) 是一个更中性、更宽泛的术语，泛指任何发生的事件，无论是否意外或有害。它可以是轻微的、有计划的，甚至是有意为之的（如政治事件）。而 “accident” 特指非故意、非预期的负面事件，强调其偶然性和破坏性。"
    },
    {
      "word_to_compare": "mistake",
      "analysis": "“Mistake” (错误) 指因判断失误、疏忽或无知而做出的不当行为或决定，通常涉及人的主观过失。而 “accident” 强调的是结果的非故意性，即使行为本身正确，也可能因外部因素导致意外。例如，开车时踩错油门是错误，而因路面打滑撞车是事故。"
    },
    {
      "word_to_compare": "coincidence",
      "analysis": "“Coincidence” (巧合) 指两个或多个事件在时间或空间上偶然同时发生，且无因果关系，常带有积极或神秘色彩。而 “accident” 通常指一个单一的、可能造成后果的意外事件，且常含负面含义。例如，两人穿了相同衣服是巧合，但因衣服太滑而摔倒则是事故。"
    }
  ]
}