{
  "word": "accidental",
  "pronunciation": "ak·siden·tuhl",
  "concise_definition": "adj. 意外的, 非故意的, 偶然的",
  "forms": {
    "comparative": "more accidental",
    "superlative": "most accidental",
    "adverb": "accidentally"
  },
  "definitions": [
    {
      "pos": "adjective",
      "explanation_en": "Happening by chance or unintentionally, without planning or deliberate intent; not planned or expected.",
      "explanation_cn": "指偶然发生、非故意的，没有经过计划或预期的事情，强调其非主观意愿的性质。",
      "example_en": "She made an accidental discovery while cleaning the attic.",
      "example_cn": "她在打扫阁楼时无意中有了一个重大发现。"
    },
    {
      "pos": "adjective",
      "explanation_en": "Not essential or inherent to the main subject; secondary or incidental in nature.",
      "explanation_cn": "指非本质的、非核心的，属于次要或附带性质的，常用于描述与主要事物无关的附加特征。",
      "example_en": "The accidental details in the painting add charm but are not central to its meaning.",
      "example_cn": "画作中的那些偶然细节增添了魅力，但并非其意义的核心。"
    }
  ],
  "comparison": [
    {
      "word_to_compare": "unintentional",
      "analysis": "“Unintentional”（非故意的）与 “accidental” 非常接近，都强调行为非主观意愿。但 “unintentional” 更侧重于行为者的主观意图缺失，常用于道德或责任语境；而 “accidental” 更强调事件本身的偶然性和不可预测性，适用范围更广，包括物理事件。"
    },
    {
      "word_to_compare": "coincidental",
      "analysis": "“Coincidental”（巧合的）指两个或多个事件在时间或空间上偶然同时发生，但彼此无因果关系。它强调的是“同时性”和“无关联”，而 “accidental” 可以指单一事件的非故意发生，不一定涉及多个事件的并置。"
    },
    {
      "word_to_compare": "fortuitous",
      "analysis": "“Fortuitous”（幸运的偶然）带有积极色彩，特指偶然发生且带来好运的事件。而 “accidental” 是中性词，既可指意外的好事，也可指意外的坏事。例如：a fortuitous meeting（幸运的邂逅） vs. an accidental injury（意外的伤害）。"
    }
  ]
}