{
  "word": "accidentally",
  "pronunciation": "ak·siden·tuh·lee",
  "concise_definition": "adv. 意外地, 非故意地, 偶然地",
  "forms": {
    "adjective": "accidental",
    "noun": "accident"
  },
  "definitions": [
    {
      "pos": "adverb",
      "explanation_en": "In a manner that is not planned or intended; happening by chance or without deliberate intent.",
      "explanation_cn": "以非计划或非故意的方式；偶然发生，没有刻意的意图。",
      "example_en": "She accidentally deleted the important file while cleaning her desktop.",
      "example_cn": "她在清理桌面时不小心删除了那个重要文件。"
    },
    {
      "pos": "adverb",
      "explanation_en": "Used to describe an event or action that occurs as an unintended consequence of another action, often leading to unexpected results.",
      "explanation_cn": "用于描述因另一行为而产生的非预期后果，通常导致意外结果。",
      "example_en": "He accidentally discovered the hidden passage while exploring the old house.",
      "example_cn": "他在探索这栋老房子时无意中发现了那条隐藏的通道。"
    }
  ],
  "comparison": [
    {
      "word_to_compare": "intentionally",
      "analysis": "“Intentionally”（故意地）表示行为是有目的、有意识地进行的，与 “accidentally” 形成直接对立。前者强调主观意愿，后者强调无意识或疏忽。例如：He intentionally ignored her message（他故意忽略她的消息）vs. He accidentally ignored her message（他不小心忽略了她的消息）。"
    },
    {
      "word_to_compare": "unintentionally",
      "analysis": "“Unintentionally” 与 “accidentally” 意义高度相近，常可互换，但 “unintentionally” 更正式，更侧重于强调行为缺乏意图，常用于书面语或法律语境；而 “accidentally” 更口语化，常用于日常表达，且有时隐含轻微的意外或运气成分。"
    },
    {
      "word_to_compare": "coincidentally",
      "analysis": "“Coincidentally”（巧合地）强调两个或多个事件在时间或空间上偶然同时发生，但彼此无因果关系；而 “accidentally” 强调某一行为或结果是因疏忽或非故意造成的，通常有明确的行为主体和因果链条。例如：We coincidentally arrived at the same time（我们巧合地同时到达）vs. I accidentally spilled coffee on my shirt（我不小心把咖啡洒在衬衫上了）。"
    }
  ]
}