{
  "word": "acclaim",
  "pronunciation": "uh·klaym",
  "concise_definition": "n. & v. 赞扬, 称赞, 热烈欢迎",
  "forms": {
    "third_person_singular": "acclaims",
    "past_tense": "acclaimed",
    "past_participle": "acclaimed",
    "present_participle": "acclaiming",
    "noun_plural": "acclaims"
  },
  "definitions": [
    {
      "pos": "noun",
      "explanation_en": "Public praise or enthusiastic approval, often given by a large group or the general public in recognition of achievement or excellence.",
      "explanation_cn": "公众给予的热烈赞扬或高度认可，通常用于表彰某人的成就或卓越表现。",
      "example_en": "The film received widespread acclaim from critics and audiences alike.",
      "example_cn": "这部电影获得了评论家和观众的广泛赞誉。"
    },
    {
      "pos": "verb",
      "explanation_en": "To publicly praise or express enthusiastic approval for someone or something, especially for outstanding performance or achievement.",
      "explanation_cn": "公开地赞扬或对某人或某事物表示热烈的认可，尤其针对杰出的表现或成就。",
      "example_en": "She was acclaimed as a genius after her groundbreaking discovery.",
      "example_cn": "她在做出突破性发现后被誉为天才。"
    }
  ],
  "comparison": [
    {
      "word_to_compare": "praise",
      "analysis": "“Praise”（赞扬）是更通用的词，可用于任何程度的正面评价，从轻微的肯定到高度赞美，语义范围更广，但缺乏 “acclaim” 所蕴含的公众性、热烈性和隆重感。例如，老师表扬学生用 “praise”，而整个国家为英雄喝彩才用 “acclaim”。"
    },
    {
      "word_to_compare": "applause",
      "analysis": "“Applause”（鼓掌）是表达赞同的外在行为，通常是物理性的声音或动作，而 “acclaim” 是抽象的、语言或舆论层面的赞誉。鼓掌可能是 acclaim 的表现形式之一，但 acclaim 可以在没有掌声的情况下存在，如媒体评论中的高度评价。"
    },
    {
      "word_to_compare": "celebrate",
      "analysis": "“Celebrate”（庆祝）强调通过仪式、活动或聚会来表达喜悦和认可，常伴随欢乐氛围；而 “acclaim” 更侧重于评价和认可本身，不一定有庆祝行为。例如，人们可以 acclaim 一位科学家的论文，但未必会为它举办派对。"
    }
  ]
}