{
  "word": "acclaimed",
  "pronunciation": "uhk·kleymd",
  "concise_definition": "adj. 受到赞誉的, 广受好评的",
  "forms": {
    "base_form": "acclaim",
    "comparative": "more acclaimed",
    "superlative": "most acclaimed"
  },
  "definitions": [
    {
      "pos": "adjective",
      "explanation_en": "Widely praised or honored by the public, critics, or experts for exceptional quality, achievement, or performance.",
      "explanation_cn": "指因卓越的质量、成就或表现而受到公众、评论家或专家广泛赞誉或认可的。",
      "example_en": "The film was acclaimed as a masterpiece of modern cinema.",
      "example_cn": "这部电影被誉为现代电影的杰作。"
    },
    {
      "pos": "adjective",
      "explanation_en": "Describing someone or something that has received significant public recognition and admiration, often through awards, reviews, or widespread popularity.",
      "explanation_cn": "形容某人或某事物因获得重要公众认可与钦佩而闻名，通常通过奖项、评论或广泛流行体现。",
      "example_en": "She is an acclaimed author whose novels have won multiple literary prizes.",
      "example_cn": "她是一位备受赞誉的作家，其小说多次荣获文学奖项。"
    }
  ],
  "comparison": [
    {
      "word_to_compare": "praised",
      "analysis": "“Praised”（被称赞的）是一个更通用、中性的词，可用于任何程度的正面评价，不一定代表广泛或权威的认可。而 “acclaimed” 暗示了更高层次、更广泛或更具权威性的赞誉，通常带有公众或专业领域的共识性认可。"
    },
    {
      "word_to_compare": "renowned",
      "analysis": "“Renowned”（著名的）强调因成就或名声而广为人知，但不一定包含“赞誉”的情感色彩；一个人可以因丑闻而“renowned”。而 “acclaimed” 则明确包含积极评价，强调的是被高度赞赏而非仅仅被知晓。"
    },
    {
      "word_to_compare": "celebrated",
      "analysis": "“Celebrated”（受庆祝的）常用于描述因成就而被公众热烈庆祝或纪念的人或作品，带有节日性或仪式感的氛围。它更侧重于公众的欢庆，而 “acclaimed” 更侧重于专业或批评性评价的肯定，语义上更严肃、更权威。"
    }
  ]
}