{
  "word": "accommodate",
  "pronunciation": "uh·kum·uh·dayt",
  "concise_definition": "v. 容纳, 适应, 使适应, 提供住宿",
  "forms": {
    "third_person_singular": "accommodates",
    "past_tense": "accommodated",
    "past_participle": "accommodated",
    "present_participle": "accommodating"
  },
  "definitions": [
    {
      "pos": "verb",
      "explanation_en": "To provide sufficient space or facilities for someone or something, especially when dealing with a group or unusual requirements.",
      "explanation_cn": "指为某人或某物提供足够的空间或设施，尤其在应对群体需求或特殊要求时。",
      "example_en": "The conference hall can accommodate up to 500 guests.",
      "example_cn": "这个会议厅最多可容纳500位宾客。"
    },
    {
      "pos": "verb",
      "explanation_en": "To adjust or adapt oneself or something to suit the needs, preferences, or circumstances of others.",
      "explanation_cn": "指调整自己或某事物以适应他人的需求、偏好或环境变化。",
      "example_en": "The school accommodated the student's dietary restrictions by offering vegetarian meals.",
      "example_cn": "学校通过提供素食餐食来适应该学生的饮食限制。"
    },
    {
      "pos": "verb",
      "explanation_en": "To provide lodging or temporary housing for someone.",
      "explanation_cn": "指为某人提供住宿或临时居所。",
      "example_en": "The hotel accommodated the travelers after their flight was canceled.",
      "example_cn": "酒店在他们的航班取消后为旅客提供了住宿。"
    }
  ],
  "comparison": [
    {
      "word_to_compare": "host",
      "analysis": "“Host”（主办/接待）强调主动承担组织或接待的责任，常用于活动、聚会或访客的接待场景，带有礼仪性和主动性。而 “accommodate” 更侧重于提供物理空间或调整条件以满足需求，不一定涉及组织或服务的主动性。"
    },
    {
      "word_to_compare": "adapt",
      "analysis": "“Adapt”（适应）强调主体为应对新环境或变化而进行内在调整，常用于生物、技术或个人行为层面，侧重于改变自身以适应外部条件。而 “accommodate” 更常指为他人或外部因素做出外部调整或提供便利，主体可能是机构或环境，而非自身改变。"
    },
    {
      "word_to_compare": "provide",
      "analysis": "“Provide”（提供）是一个更广泛、中性的词，泛指给予某物或服务，不隐含调整或空间安排的含义。而 “accommodate” 特指在空间、条件或需求上做出具体安排，常带有满足特殊或额外要求的含义，语义更具体、更情境化。"
    }
  ]
}