{
  "word": "according",
  "pronunciation": "uhk·kuh·duhng",
  "concise_definition": "adv. (常与 to 连用) 根据, 按照, 依照",
  "forms": {
    "adverb_form": "accordingly"
  },
  "definitions": [
    {
      "pos": "adverb",
      "explanation_en": "Used with 'to' to indicate that something is in agreement with, or is determined by, a particular source, rule, person, or statement.",
      "explanation_cn": "常与 'to' 连用，表示某事与某一来源、规则、人物或陈述相一致或由其决定。",
      "example_en": "According to the weather forecast, it will rain tomorrow.",
      "example_cn": "根据天气预报，明天会下雨。"
    },
    {
      "pos": "adverb",
      "explanation_en": "Used to introduce a statement that reflects a particular viewpoint, opinion, or perspective, often implying that the information is not necessarily objective.",
      "explanation_cn": "用于引出某种观点、意见或立场，常暗示所陈述的信息未必是客观事实，而是基于某一方的说法。",
      "example_en": "According to the CEO, the company will double its profits next year.",
      "example_cn": "据首席执行官称，公司明年将实现利润翻倍。"
    },
    {
      "pos": "adverb",
      "explanation_en": "In a manner that is consistent with or as required by something specified.",
      "explanation_cn": "以与某指定事物一致或符合其要求的方式。",
      "example_en": "You must act according to the law.",
      "example_cn": "你必须依法行事。"
    }
  ],
  "comparison": [
    {
      "word_to_compare": "based on",
      "analysis": "“Based on” 强调某事物的建立或形成是建立在某个基础之上，常用于解释原因或依据，语气更正式、更强调逻辑关系。而 “according to” 更侧重于信息的来源或引用，不必然涉及因果逻辑。例如：'The theory is based on years of research'（理论基于多年研究）vs. 'According to the study, the theory is valid'（根据这项研究，该理论是有效的）。"
    },
    {
      "word_to_compare": "following",
      "analysis": "“Following” 指按照某种顺序、指令或行为模式进行，强调动作的延续性或时间上的先后关系，常用于具体行为指导（如：following the recipe）。而 “according to” 更广泛地用于引用权威、数据或观点，不涉及动作执行的流程。"
    },
    {
      "word_to_compare": "as per",
      "analysis": "“As per” 是 “according to” 的更正式、更书面化的替代词，常用于商务或法律语境，语气更机械、更缺乏人情味。例如：'As per the contract...'（根据合同...）。而 “according to” 更自然、更通用，适用于口语和书面语。"
    }
  ]
}