{
  "word": "accord",
  "pronunciation": "uh·kawrd",
  "concise_definition": "n. 一致, 协议, 调和; v. 给予, 认可",
  "forms": {
    "plural": "accords",
    "third_person_singular": "accords",
    "past_tense": "accorded",
    "past_participle": "accorded",
    "present_participle": "according"
  },
  "definitions": [
    {
      "pos": "noun",
      "explanation_en": "A formal agreement or treaty between two or more parties, often reached after negotiation or compromise.",
      "explanation_cn": "指两个或多个主体经过协商或妥协后达成的正式协议或条约。",
      "example_en": "The two countries signed an accord to reduce nuclear weapons.",
      "example_cn": "这两个国家签署了一项减少核武器的协议。"
    },
    {
      "pos": "noun",
      "explanation_en": "Harmony or agreement in opinion, feeling, or action; a state of consistency or concord.",
      "explanation_cn": "指意见、情感或行动上的一致或和谐；一种协调、一致的状态。",
      "example_en": "There is broad accord among experts that climate change is accelerating.",
      "example_cn": "专家们普遍一致认为气候变化正在加速。"
    },
    {
      "pos": "verb",
      "explanation_en": "To give or grant something, especially honor, recognition, or rights, often as a result of merit or formal decision.",
      "explanation_cn": "指给予某物，尤指荣誉、认可或权利，通常基于某种成就或正式决定。",
      "example_en": "The court accorded full legal status to the organization.",
      "example_cn": "法院赋予该组织完全的法律地位。"
    }
  ],
  "comparison": [
    {
      "word_to_compare": "agreement",
      "analysis": "“Agreement” (协议) 是最通用的词，泛指任何双方或多方达成的一致意见，可以是口头的、非正式的。而 “accord” 更强调正式性、书面性，常用于国际、法律或政治语境，语气更庄重。"
    },
    {
      "word_to_compare": "harmony",
      "analysis": "“Harmony” (和谐) 强调情感、声音或关系上的协调与融洽，多用于艺术、音乐或人际互动中，偏重主观感受。而 “accord” 在作名词表示一致时，更侧重理性、逻辑或制度层面的契合，常用于政策、法律或原则的统一。"
    },
    {
      "word_to_compare": "concede",
      "analysis": "“Concede” (承认/让步) 指在争论或对抗中被迫承认对方观点或让出权利，带有被动或不情愿的意味。而 “accord” 作为动词时，是主动给予或授予，通常带有尊重或认可的正面含义，不隐含妥协或被迫。"
    }
  ]
}