{
  "word": "accompaniment",
  "pronunciation": "uhk·com·puh·nuh·muhnt",
  "concise_definition": "n. 伴奏, 伴随物, 伴随物",
  "forms": {
    "plural": "accompaniments"
  },
  "definitions": [
    {
      "pos": "noun",
      "explanation_en": "Music that is played or sung to support or enhance a main melody or vocal performance, often providing harmonic and rhythmic structure.",
      "explanation_cn": "指为支持或增强主旋律或声乐表演而演奏或演唱的音乐，通常提供和声与节奏结构。",
      "example_en": "The pianist provided a delicate accompaniment to the soprano's aria.",
      "example_cn": "钢琴家为女高音的咏叹调提供了细腻的伴奏。"
    },
    {
      "pos": "noun",
      "explanation_en": "Something that accompanies or goes together with something else, often in a secondary or supportive role.",
      "explanation_cn": "指与某物一同出现或搭配的附属物，通常处于次要或辅助地位。",
      "example_en": "Rice is a common accompaniment to curries in South Asian cuisine.",
      "example_cn": "在南亚料理中，米饭是咖喱的常见配菜。"
    }
  ],
  "comparison": [
    {
      "word_to_compare": "background",
      "analysis": "“Background”（背景）通常指不引人注目的环境或衬托元素，强调的是非中心性，可能完全不参与互动。而 “accompaniment” 在音乐或语境中是主动配合主元素的，具有功能性与互动性，如伴奏与主旋律的呼应。"
    },
    {
      "word_to_compare": "support",
      "analysis": "“Support”（支持）是一个更宽泛的词，可指任何形式的帮助或支撑，包括情感、物质或逻辑层面。而 “accompaniment” 更具体，常用于艺术、音乐或餐饮语境，特指与主元素并存且增强其表现力的辅助部分。"
    },
    {
      "word_to_compare": "side dish",
      "analysis": "“Side dish”（配菜）是 “accompaniment” 在餐饮语境中的一个具体子类，专指与主菜搭配的次要食物。而 “accompaniment” 的适用范围更广，可涵盖音乐、文学、事件等领域的伴随元素，不限于食物。"
    }
  ]
}