{
  "word": "accommodation",
  "pronunciation": "uh·kum·uh·dey·shun",
  "concise_definition": "n. 住宿, 住所, 调和, 适应",
  "forms": {
    "plural": "accommodations"
  },
  "definitions": [
    {
      "pos": "noun",
      "explanation_en": "A place to stay or live, especially when provided temporarily for travelers, students, or workers.",
      "explanation_cn": "指为旅行者、学生或工人等临时提供的居住场所或住宿设施。",
      "example_en": "The university offers on-campus accommodation for international students.",
      "example_cn": "这所大学为国际学生提供校内住宿。"
    },
    {
      "pos": "noun",
      "explanation_en": "An adjustment or adaptation made to meet the needs or requirements of someone or something, often involving compromise.",
      "explanation_cn": "指为满足某人或某事物的需求而做出的调整或适应，通常涉及妥协。",
      "example_en": "The employer made reasonable accommodations for the employee's disability.",
      "example_cn": "雇主为该员工的残疾提供了合理的适应性安排。"
    },
    {
      "pos": "noun",
      "explanation_en": "The act of reconciling differences or reaching a mutual understanding between conflicting parties.",
      "explanation_cn": "指调和分歧或在对立各方之间达成共识的行为。",
      "example_en": "After months of negotiation, both sides reached an accommodation on the terms of the treaty.",
      "example_cn": "经过数月的谈判，双方就条约条款达成了妥协。"
    }
  ],
  "comparison": [
    {
      "word_to_compare": "lodging",
      "analysis": "“Lodging”（住宿）更具体地指提供睡觉和休息的物理空间，常用于旅游或短期居住场景，语义范围较窄。而 “accommodation” 不仅包括住宿，还可指为满足需求所做的各种适应性安排，语义更广。"
    },
    {
      "word_to_compare": "adjustment",
      "analysis": "“Adjustment”（调整）泛指任何改变以适应新情况，可以是技术、心理或行为层面的，不特指社会或制度性妥协。而 “accommodation” 在表示适应时，常隐含双方互动与让步，更具社会性和协商性。"
    },
    {
      "word_to_compare": "settlement",
      "analysis": "“Settlement”（和解/解决）强调冲突的最终解决，通常带有法律或正式协议的含义，结果往往是确定的。而 “accommodation” 更强调过程中的妥协与共存，不一定彻底解决问题，而是允许差异长期并存。"
    }
  ]
}