{
  "word": "accomplishing",
  "pronunciation": "uh·kum·plish·ing",
  "concise_definition": "v. 完成, 实现, 达成",
  "forms": {
    "base_form": "accomplish",
    "third_person_singular": "accomplishes",
    "past_tense": "accomplished",
    "past_participle": "accomplished",
    "present_participle": "accomplishing"
  },
  "definitions": [
    {
      "pos": "verb",
      "explanation_en": "To successfully complete or achieve something, especially something difficult, challenging, or requiring effort, skill, or determination.",
      "explanation_cn": "指成功地完成或实现某事，尤其是那些困难、具有挑战性或需要努力、技能或决心的事情。",
      "example_en": "Accomplishing this project on time required weeks of overtime and teamwork.",
      "example_cn": "按时完成这个项目需要数周的加班和团队协作。"
    },
    {
      "pos": "verb",
      "explanation_en": "To bring about a result or outcome through deliberate action, often implying a sense of fulfillment or mastery.",
      "explanation_cn": "指通过有意识的行动促成某种结果或成效，常暗示一种成就感或掌控感。",
      "example_en": "She accomplished her goal of running a marathon after two years of training.",
      "example_cn": "经过两年的训练，她实现了跑完马拉松的目标。"
    }
  ],
  "comparison": [
    {
      "word_to_compare": "achieving",
      "analysis": "“Achieving” (达成) 通常用于目标、成就或理想等抽象结果，强调结果的达成，常与“目标”（goal, target）搭配。而 “accomplishing” 更强调完成一个具体任务或过程，带有更强的行动感和努力痕迹，常用于描述复杂或耗时的项目。"
    },
    {
      "word_to_compare": "completing",
      "analysis": "“Completing” (完成) 侧重于按步骤或计划结束某项工作，强调的是“结束”这一动作，不必然包含难度或成就意义。例如“完成作业”（complete homework）。“Accomplishing” 则隐含了克服困难、取得实质性成果的意味，语义更重。"
    },
    {
      "word_to_compare": "attaining",
      "analysis": "“Attaining” (获得) 多用于抽象的、高层次的目标，如权力、地位、知识或境界，常带有正式或庄重的语气。它强调“达到”某个终点，但不强调过程中的努力。而 “accomplishing” 更强调通过主动作为实现目标，过程感更强。"
    }
  ]
}