{
  "word": "accompany",
  "pronunciation": "uh·kum·pahy",
  "concise_definition": "v. 陪伴, 伴随, 为…伴奏",
  "forms": {
    "third_person_singular": "accompanies",
    "past_tense": "accompanied",
    "past_participle": "accompanied",
    "present_participle": "accompanying"
  },
  "definitions": [
    {
      "pos": "verb",
      "explanation_en": "To go with someone or something as a companion or in association, often providing support or being present alongside.",
      "explanation_cn": "指作为同伴或伴随者与某人或某物一同行动，通常提供支持或在场相伴。",
      "example_en": "She accompanied her friend to the hospital during the surgery.",
      "example_cn": "她在手术期间陪同朋友去了医院。"
    },
    {
      "pos": "verb",
      "explanation_en": "To exist or occur at the same time as something else, often in a related or complementary way.",
      "explanation_cn": "指与另一事物同时发生或存在，通常具有关联性或互补性。",
      "example_en": "The rise in temperatures is accompanied by increased humidity.",
      "example_cn": "气温上升伴随着湿度的增加。"
    },
    {
      "pos": "verb",
      "explanation_en": "To play a musical instrument in support of a singer or soloist, providing harmonic or rhythmic backing.",
      "explanation_cn": "指用乐器为歌手或独奏者伴奏，提供和声或节奏支持。",
      "example_en": "The pianist accompanied the violinist beautifully during the concert.",
      "example_cn": "钢琴家在音乐会上为小提琴手伴奏得非常优美。"
    }
  ],
  "comparison": [
    {
      "word_to_compare": "go with",
      "analysis": "“Go with” 是一个更口语化、非正式的表达，常用于日常对话中表示“和…一起走”或“搭配”，但缺乏 “accompany” 所蕴含的正式性、支持性或情感上的陪伴意味。例如：I’ll go with you to the store（我陪你去商店）语气随意；而 “I’ll accompany you to the store” 更显关切与郑重。"
    },
    {
      "word_to_compare": "attend",
      "analysis": "“Attend” (出席、参加) 强调参与某个事件或活动，如参加会议、上课，但不必然意味着与某人同行或持续相伴。例如：She attended the meeting（她出席了会议）并不说明她是否与谁同行。而 “accompany” 强调的是人与人之间的伴随关系。"
    },
    {
      "word_to_compare": "coexist",
      "analysis": "“Coexist” (共存) 指两个或多个事物在相同空间或时间中和平共处，通常不涉及主动的陪伴或互动，更偏向客观状态。例如：Two species coexist in the same forest。而 “accompany” 暗示一种主动的、有意识的伴随行为，常带有情感或功能上的联系。"
    }
  ]
}