{
  "word": "accompanying",
  "pronunciation": "uh·kum·pahy·ning",
  "concise_definition": "adj. 伴随的, 附带的",
  "forms": {
    "base_form": "accompany",
    "adverb_form": "accompanyingly",
    "noun_form": "accompaniment"
  },
  "definitions": [
    {
      "pos": "adjective",
      "explanation_en": "Present or occurring at the same time as something else, typically in a supportive or connected role.",
      "explanation_cn": "与某事物同时发生或存在，通常起支持性或关联性作用。",
      "example_en": "The accompanying music enhanced the emotional impact of the film.",
      "example_cn": "伴随的音乐增强了这部电影的情感感染力。"
    },
    {
      "pos": "adjective",
      "explanation_en": "Provided as a supplementary or additional element to a main item, often in a formal or structured context.",
      "explanation_cn": "作为主要项目的补充或附加部分提供，常用于正式或结构化的语境中。",
      "example_en": "Please find the accompanying documents for your visa application.",
      "example_cn": "请查收您签证申请的附带文件。"
    }
  ],
  "comparison": [
    {
      "word_to_compare": "concurrent",
      "analysis": "“Concurrent”（同时发生的）强调多个事件在时间上完全重叠，但不一定存在功能或逻辑上的关联。而 “accompanying” 更强调伴随关系中的依附性或支持性，通常有一个主次之分。"
    },
    {
      "word_to_compare": "supplementary",
      "analysis": "“Supplementary”（补充的）侧重于为某事物增加额外内容以完善或增强，但不一定与之同时发生。而 “accompanying” 不仅表示附加，还隐含了时间或情境上的同步性，常用于描述与主项紧密绑定的配套内容。"
    },
    {
      "word_to_compare": "attendant",
      "analysis": "“Attendant”（伴随的）与 “accompanying” 意义接近，但更常用于描述不可避免的后果或附属状态，常带中性或负面含义（如事故的 attendant damage）。而 “accompanying” 更中性，可指积极的配合（如音乐伴奏），适用范围更广。"
    }
  ]
}