{
  "word": "accomplice",
  "pronunciation": "uh·komp·lais",
  "concise_definition": "n. 共犯, 帮凶",
  "forms": {
    "plural": "accomplices"
  },
  "definitions": [
    {
      "pos": "noun",
      "explanation_en": "A person who helps or participates in the commission of a crime, often knowingly and willingly, though not necessarily the primary perpetrator.",
      "explanation_cn": "指明知且自愿地协助或参与犯罪行为的人，尽管不一定是主要实施者。",
      "example_en": "The bank robber was arrested along with his accomplice, who drove the getaway car.",
      "example_cn": "银行劫匪与其同伙一同被捕，后者负责驾驶逃逸车辆。"
    },
    {
      "pos": "noun",
      "explanation_en": "Someone who aids or supports another in an unethical, illegal, or dishonest act, even if not legally classified as a criminal.",
      "explanation_cn": "指在不道德、非法或不诚实的行为中协助或支持他人的人，即使在法律上不被定为罪犯。",
      "example_en": "Her silence during the fraud was seen as that of an accomplice to the deception.",
      "example_cn": "她在欺诈事件中的沉默被视为对欺骗行为的共谋。"
    }
  ],
  "comparison": [
    {
      "word_to_compare": "partner",
      "analysis": "“Partner”（伙伴）通常指在合法或中性语境下共同合作的人，如商业伙伴或生活伴侣，不带有负面或违法含义。而 “accomplice” 明确指向参与非法或不道德行为，具有强烈的负面道德和法律色彩。"
    },
    {
      "word_to_compare": "accessory",
      "analysis": "“Accessory”（从犯）是法律术语，指在犯罪发生前或发生时提供协助但未直接实施犯罪的人，其法律责任通常轻于主犯。而 “accomplice” 更广泛地用于日常语言，可指任何程度的协助者，不一定严格区分法律角色。在法律语境中，两者有时可互换，但 “accomplice” 更强调主动参与。"
    },
    {
      "word_to_compare": "collaborator",
      "analysis": "“Collaborator”（合作者）通常指与他人合作完成某事，中性或正面语境下用于学术、艺术或商业领域；但在特定语境（如战争时期与敌方合作）中可含贬义。与 “accomplice” 相比，后者几乎总是用于非法或道德败坏的行为，语义更负面、更具体。"
    }
  ]
}