{
  "word": "accordance",
  "pronunciation": "uhk·uhrd·uhns",
  "concise_definition": "n. 一致, 符合, 遵从",
  "forms": {
    "plural": "accordances"
  },
  "definitions": [
    {
      "pos": "noun",
      "explanation_en": "A state of agreement or harmony with a rule, standard, law, or expectation; the act of conforming to something established.",
      "explanation_cn": "指与某项规则、标准、法律或期望保持一致或和谐的状态；遵循既定规范的行为。",
      "example_en": "The new policy was implemented in accordance with federal regulations.",
      "example_cn": "这项新政策是根据联邦法规实施的。"
    },
    {
      "pos": "noun",
      "explanation_en": "A mutual agreement or consensus, often used in formal or legal contexts to denote alignment of will or intention.",
      "explanation_cn": "指在正式或法律语境中，各方意愿或意图达成的一致或共识。",
      "example_en": "The two parties reached an accord in accordance with their shared goals.",
      "example_cn": "双方根据共同目标达成了协议。"
    }
  ],
  "comparison": [
    {
      "word_to_compare": "compliance",
      "analysis": "“Compliance” (遵守) 更强调被动地服从规则、法律或权威的要求，常带有强制性或义务性色彩，如企业合规审查。而 “accordance” 更中性，侧重于主动或自然地与某标准保持一致，不一定涉及强制。"
    },
    {
      "word_to_compare": "conformity",
      "analysis": "“Conformity” (从众/一致) 常用于社会或行为层面，指个体调整自身以符合群体规范或期望，有时隐含缺乏独立性。而 “accordance” 更多用于客观标准或正式体系的匹配，不带有心理或社会压力的含义。"
    },
    {
      "word_to_compare": "agreement",
      "analysis": "“Agreement” (协议/一致) 是一个更广泛、更通用的词，可指人与人之间达成的共识或合同条款。而 “accordance” 通常不指人与人之间的协议，而是指某事物与外部标准、规则之间的关系，语义更偏向‘符合’而非‘协商’。"
    }
  ]
}