{
  "word": "accountant",
  "pronunciation": "uhk·ount·uhnt",
  "concise_definition": "n. 会计师, 会计人员",
  "forms": {
    "plural": "accountants"
  },
  "definitions": [
    {
      "pos": "noun",
      "explanation_en": "A professional who prepares and examines financial records, ensures accuracy and compliance with laws and regulations, and provides advice on financial matters such as taxes and budgets.",
      "explanation_cn": "指专门从事财务记录的编制与审查、确保其准确性及符合法律法规，并就税务、预算等财务事项提供专业建议的专业人员。",
      "example_en": "The company hired a certified public accountant to audit its annual financial statements.",
      "example_cn": "公司聘请了一名注册会计师来审计其年度财务报表。"
    },
    {
      "pos": "noun",
      "explanation_en": "A person responsible for managing the financial transactions and records of an organization, including tracking income, expenses, assets, and liabilities.",
      "explanation_cn": "指负责管理组织财务交易与记录的人员，包括追踪收入、支出、资产和负债。",
      "example_en": "As the office accountant, she handled payroll, invoicing, and monthly reconciliations.",
      "example_cn": "作为办公室会计，她负责工资发放、开票和月度对账。"
    }
  ],
  "comparison": [
    {
      "word_to_compare": "bookkeeper",
      "analysis": "“Bookkeeper”（记账员）主要负责日常财务交易的记录，如录入发票、付款和银行对账，工作更偏向操作性和事务性。而 “accountant”（会计师）则在此基础上进行分析、编制财务报表、提供税务筹划和战略建议，职责更宏观、更具专业判断性。"
    },
    {
      "word_to_compare": "auditor",
      "analysis": "“Auditor”（审计师）通常是独立第三方，负责对企业的财务报表进行客观审查，以确认其真实性和合规性。而 “accountant” 通常是企业内部或受雇于企业的人员，负责编制这些报表。审计师检查会计师的工作成果，两者是监督与被监督的关系。"
    },
    {
      "word_to_compare": "financial analyst",
      "analysis": "“Financial analyst”（财务分析师）侧重于通过财务数据预测未来趋势、评估投资价值或支持商业决策，工作更偏向战略分析和市场预测。而 “accountant” 更关注历史数据的准确记录与合规报告，强调规范性而非前瞻性。"
    }
  ]
}