{
  "word": "accompanied",
  "pronunciation": "uh·kum·pahy·nd",
  "concise_definition": "v. 伴随, 陪同, 与…同时发生",
  "forms": {
    "base_form": "accompany",
    "third_person_singular": "accompanies",
    "past_tense": "accompanied",
    "past_participle": "accompanied",
    "present_participle": "accompanying"
  },
  "definitions": [
    {
      "pos": "verb",
      "explanation_en": "To go with someone or something as a companion or associate, often providing support, company, or presence.",
      "explanation_cn": "指与某人或某物同行，作为同伴或关联者，通常提供陪伴、支持或存在感。",
      "example_en": "She was accompanied by her bodyguard when she entered the building.",
      "example_cn": "她进入大楼时由保镖陪同。"
    },
    {
      "pos": "verb",
      "explanation_en": "To occur or exist at the same time as something else, often in a related or supportive way.",
      "explanation_cn": "指与另一事物同时发生，通常以相关或辅助的方式出现。",
      "example_en": "The concert was accompanied by a stunning light show.",
      "example_cn": "这场音乐会伴随着一场令人惊叹的灯光秀。"
    },
    {
      "pos": "verb",
      "explanation_en": "To provide musical support for a soloist or performance, especially in classical or theatrical contexts.",
      "explanation_cn": "指为独奏者或表演提供音乐伴奏，尤其在古典或戏剧性语境中。",
      "example_en": "The pianist accompanied the soprano with delicate arpeggios.",
      "example_cn": "钢琴家以轻柔的琶音为女高音伴奏。"
    }
  ],
  "comparison": [
    {
      "word_to_compare": "attend",
      "analysis": "“Attend” (出席、参加) 强调参与某个事件或活动，通常指有目的性地到场，如参加会议、上课。而 “accompanied” 强调的是伴随关系，不一定是主动参与，而是作为随行者存在。例如：他出席了会议（attended the meeting），但他是被秘书陪同去的（was accompanied by his secretary）。"
    },
    {
      "word_to_compare": "join",
      "analysis": "“Join” (加入) 指从外部进入一个群体、活动或过程，成为其中一员，强调身份或归属的转变。而 “accompanied” 不改变主体的身份，仅表示物理或时间上的并行存在。例如：他加入了乐队（joined the band），但他是被朋友陪同去试音的（was accompanied by his friend）。"
    },
    {
      "word_to_compare": "accompanying",
      "analysis": "“Accompanying” 是 “accompany” 的现在分词或形容词形式，用于描述伴随状态（如 accompanying music）。而 “accompanied” 是过去式或过去分词，强调已完成的伴随动作。在语义上，两者共享核心含义，但时态和语法功能不同：'accompanied' 描述事件已发生，'accompanying' 描述持续或修饰性伴随。"
    }
  ]
}