{
  "word": "accountable",
  "pronunciation": "uh·koun·tuh·buhl",
  "concise_definition": "adj. 负有责任的, 应说明理由的, 应承担责任的",
  "forms": {
    "adverb": "accountably",
    "noun": "accountability"
  },
  "definitions": [
    {
      "pos": "adjective",
      "explanation_en": "Obligated to explain or justify one's actions, decisions, or performance to others, especially those in authority or affected by the outcome; implies a duty to answer for consequences.",
      "explanation_cn": "有义务向他人（尤其是上级或受其行为影响的人）解释、说明自己的行为、决策或表现；意味着必须对后果承担责任。",
      "example_en": "The manager is accountable for the team's failure to meet the deadline.",
      "example_cn": "经理应对团队未能按时完成任务负责。"
    },
    {
      "pos": "adjective",
      "explanation_en": "Subject to scrutiny or evaluation by a higher authority or system, often in professional, institutional, or public contexts, ensuring transparency and responsibility.",
      "explanation_cn": "在专业、机构或公共环境中，需接受上级或制度的审查与评估，以确保透明度和责任感。",
      "example_en": "Public officials must be accountable to the citizens they serve.",
      "example_cn": "公职人员必须对其服务的公民负责。"
    }
  ],
  "comparison": [
    {
      "word_to_compare": "responsible",
      "analysis": "“Responsible” (有责任的) 强调承担某项任务或职责的义务，侧重于“被赋予的角色”或“应完成的工作”；而 “accountable” 更强调“事后被追责”或“必须交代结果”，带有更强的问责性和后果导向。一个人可以是 responsible（负责做事），但未必是 accountable（需对结果负责）。"
    },
    {
      "word_to_compare": "answerable",
      "analysis": "“Answerable” (需作答的) 与 “accountable” 意义接近，常可互换，但 “answerable” 更侧重于“需要回应质疑”或“接受质询”，语气较温和；而 “accountable” 更正式、更制度化，常用于法律、管理或公共治理语境，隐含惩罚或处分的可能性。"
    },
    {
      "word_to_compare": "liable",
      "analysis": "“Liable” (有法律责任的) 通常用于法律语境，指因过失或违法行为而可能被追究法律责任或赔偿义务，强调法律后果；而 “accountable” 范围更广，涵盖道德、职业、行政等非法律层面的责任，不一定涉及法律诉讼。"
    }
  ]
}