{
  "word": "accommodating",
  "pronunciation": "uh·kum·uh·day·ting",
  "concise_definition": "adj. 乐于助人的, 体谅的, 适应的",
  "forms": {
    "comparative": "more accommodating",
    "superlative": "most accommodating"
  },
  "definitions": [
    {
      "pos": "adjective",
      "explanation_en": "Willing to adjust or adapt to the needs, preferences, or requests of others; showing a helpful and flexible attitude.",
      "explanation_cn": "愿意根据他人的需求、偏好或请求进行调整；表现出乐于助人和灵活的态度。",
      "example_en": "The hotel staff were extremely accommodating, even rearranging our room to accommodate our late arrival.",
      "example_cn": "酒店员工非常体贴，甚至为我们推迟到达重新安排了房间。"
    },
    {
      "pos": "adjective",
      "explanation_en": "Capable of providing sufficient space, resources, or adjustments to suit a particular need or situation.",
      "explanation_cn": "有能力提供足够的空间、资源或调整以适应特定需求或情况。",
      "example_en": "This conference room is accommodating enough for up to 50 participants.",
      "example_cn": "这个会议室足以容纳多达50名与会者。"
    }
  ],
  "comparison": [
    {
      "word_to_compare": "helpful",
      "analysis": "“Helpful” (乐于助人的) 强调主动提供帮助或支持，但不一定涉及调整或妥协。而 “accommodating” 更强调为了适应他人而改变自己的行为或安排，带有更强的灵活性和包容性。"
    },
    {
      "word_to_compare": "flexible",
      "analysis": "“Flexible” (灵活的) 侧重于适应变化的能力，常用于制度、计划或态度，但不必然包含善意或体贴的意图。而 “accommodating” 不仅指灵活，还隐含了愿意为他人着想、主动配合的积极情感色彩。"
    },
    {
      "word_to_compare": "considerate",
      "analysis": "“Considerate” (体贴的) 指在行为中考虑到他人的感受和需求，强调情感上的关怀。而 “accommodating” 更侧重于实际行动上的调整和配合，可能不涉及深层情感，仅表现为外在的顺从或便利。"
    }
  ]
}