{
  "word": "accordingly",
  "pronunciation": "uhk·wer·duh·lee",
  "concise_definition": "adv. 因此, 从而, 照着, 按照",
  "forms": {
    "none": "无变化形式"
  },
  "definitions": [
    {
      "pos": "adverb",
      "explanation_en": "In a manner that is appropriate or consistent with something previously stated or implied; as a logical consequence.",
      "explanation_cn": "以与之前所述或暗示的内容相一致或恰当的方式；作为逻辑上的结果。",
      "example_en": "The weather forecast predicted heavy rain, and accordingly, we brought umbrellas.",
      "example_cn": "天气预报预测有大雨，因此我们带了雨伞。"
    },
    {
      "pos": "adverb",
      "explanation_en": "In accordance with a rule, instruction, or direction; as directed or required.",
      "explanation_cn": "依照某项规则、指示或要求；按指示或要求行事。",
      "example_en": "The contract states that payments are due on the first of each month; accordingly, please transfer the funds by then.",
      "example_cn": "合同规定付款应在每月第一天到期；因此，请在此前转账。"
    }
  ],
  "comparison": [
    {
      "word_to_compare": "therefore",
      "analysis": "“Therefore” (因此) 更直接地表示因果关系，强调前因导致后果，常用于逻辑推理或论证中，语气更正式、更强调结论。而 “accordingly” 更侧重于行为或措施与先前情况的对应关系，不一定强调因果，而是强调‘按此行事’。"
    },
    {
      "word_to_compare": "thus",
      "analysis": "“Thus” (因此，这样) 与 “accordingly” 在表示结果时有重叠，但 “thus” 更常用于书面语或学术语境，且可指方式（如 ‘Do it thus’），而 “accordingly” 几乎只用于表示‘相应地’，强调与前文的匹配性。"
    },
    {
      "word_to_compare": "consequently",
      "analysis": "“Consequently” (因此，结果) 与 “therefore” 类似，明确表达因果关系，语气强烈，常用于正式写作。而 “accordingly” 更温和，强调的是‘根据情况调整行为’，不必然表示直接的因果，而是‘相应地’采取行动。"
    }
  ]
}