{
  "word": "accountability",
  "pronunciation": "uh·kawnt·uh·bil·uh·tee",
  "concise_definition": "n. 责任, 可问责性, 问责制",
  "forms": {
    "adjective": "accountable"
  },
  "definitions": [
    {
      "pos": "noun",
      "explanation_en": "The obligation of an individual or organization to account for its activities, accept responsibility for them, and disclose the results in a transparent manner, especially when entrusted with power or resources.",
      "explanation_cn": "指个人或组织对其行为负有说明义务，必须承担责任并以透明方式公开结果，尤其在被赋予权力或资源时。",
      "example_en": "Government officials must demonstrate accountability to the public for how tax money is spent.",
      "example_cn": "政府官员必须向公众说明税款的使用情况，展现其问责性。"
    },
    {
      "pos": "noun",
      "explanation_en": "A system or culture in which individuals are held responsible for their actions and decisions, often through formal mechanisms such as audits, evaluations, or reporting requirements.",
      "explanation_cn": "指一种制度或文化，其中个人因其行为和决策而被追责，通常通过审计、评估或报告等正式机制实现。",
      "example_en": "The new policy emphasizes accountability in education by requiring standardized test results to be publicly reported.",
      "example_cn": "新政策通过要求公开标准化考试成绩，强化了教育领域的问责制。"
    }
  ],
  "comparison": [
    {
      "word_to_compare": "responsibility",
      "analysis": "“Responsibility” (责任) 是一个更广泛、更通用的词，泛指应尽的义务或分内之事，可以是道德、情感或法律层面的。而 “accountability” 更强调“被要求解释和承担后果”的外部监督机制，是责任的可追溯性和可追责性层面。"
    },
    {
      "word_to_compare": "liability",
      "analysis": "“Liability” (法律责任/义务) 通常指因违反法律或合同而可能承担的法律后果或赔偿义务，具有更强的法律强制性和负面含义。而 “accountability” 更侧重于道德、管理或制度层面的主动说明与担责，不一定涉及法律惩罚。"
    },
    {
      "word_to_compare": "answerability",
      "analysis": "“Answerability” (可解释性) 与 “accountability” 非常接近，都强调“必须作出解释”，但 “answerability” 更侧重于“回应质询”的过程，而 “accountability” 包含了“接受后果”的完整链条，语义范围更广、更制度化。"
    }
  ]
}