{
  "word": "accords",
  "pronunciation": "uh·kawrdz",
  "concise_definition": "n. 协议, 一致, 调和",
  "forms": {
    "singular": "accord"
  },
  "definitions": [
    {
      "pos": "noun",
      "explanation_en": "A formal agreement or treaty between two or more parties, often reached after negotiation and intended to resolve differences or establish mutual understanding.",
      "explanation_cn": "指两个或多个主体经过协商后达成的正式协议或条约，旨在解决分歧或建立相互理解。",
      "example_en": "The two countries signed an accord to reduce carbon emissions.",
      "example_cn": "两国签署了一项减少碳排放的协议。"
    },
    {
      "pos": "noun",
      "explanation_en": "Harmony or agreement between opinions, actions, or interests; a state of consistency or alignment.",
      "explanation_cn": "指意见、行为或利益之间的和谐或一致；一种协调或一致的状态。",
      "example_en": "There is a general accord among experts that climate change is accelerating.",
      "example_cn": "专家们普遍一致认为气候变化正在加速。"
    },
    {
      "pos": "noun",
      "explanation_en": "A musical harmony or combination of notes played simultaneously that sounds pleasing or resolved.",
      "explanation_cn": "指同时演奏的多个音符所形成的悦耳或已解决的和声。",
      "example_en": "The final chord of the symphony was a perfect accord that left the audience in silence.",
      "example_cn": "交响乐的最后一个和弦是完美的和声，令观众屏息静默。"
    }
  ],
  "comparison": [
    {
      "word_to_compare": "agreement",
      "analysis": "“Agreement”（协议/一致）是更通用的词，适用于任何类型的共识或约定，无论是口头的、非正式的还是法律性的。而 “accord” 更常用于正式、官方或国际层面的协议，带有更强的仪式性和法律约束力。"
    },
    {
      "word_to_compare": "compact",
      "analysis": "“Compact”（契约/协定）通常指双方之间明确、书面且具有约束力的协议，常用于法律或政治语境，语义上比 “accord” 更强调契约的严密性。而 “accord” 更侧重于达成共识的过程和结果，不一定需要书面形式。"
    },
    {
      "word_to_compare": "harmony",
      "analysis": "“Harmony”（和谐）强调的是协调、融洽的状态，多用于音乐、人际关系或抽象理念层面，不必然涉及正式协议。而 “accord” 在表示‘一致’时，通常隐含某种经过协商或正式确认的共识，更具结构性和目的性。"
    }
  ]
}