{
  "word": "accounted",
  "pronunciation": "uhk·ownt·id",
  "concise_definition": "v. 被解释为, 被视为, 被计入, 被认为是（account 的过去式和过去分词）",
  "forms": {
    "base_form": "account",
    "third_person_singular": "accounts",
    "present_participle": "accounting",
    "past_tense": "accounted",
    "past_participle": "accounted"
  },
  "definitions": [
    {
      "pos": "verb",
      "explanation_en": "To be regarded or classified as something, especially in a specific context or for a particular purpose; often used in passive constructions like 'is accounted' or 'was accounted'.",
      "explanation_cn": "在特定语境或目的下被视作、归类为某种事物，常用于被动语态，如 'is accounted' 或 'was accounted'。",
      "example_en": "He is accounted one of the greatest scientists of the 20th century.",
      "example_cn": "他被公认为20世纪最伟大的科学家之一。"
    },
    {
      "pos": "verb",
      "explanation_en": "To provide a reason or explanation for something, especially in terms of cause, responsibility, or justification; often used with 'for'.",
      "explanation_cn": "为某事提供理由或解释，尤其涉及原因、责任或正当性时，常与 'for' 连用。",
      "example_en": "The delay was accounted for by heavy traffic and bad weather.",
      "example_cn": "延误是由交通拥堵和恶劣天气造成的。"
    },
    {
      "pos": "verb",
      "explanation_en": "To be included or counted as part of a total, especially in financial or statistical contexts.",
      "explanation_cn": "在财务或统计语境中，被纳入总数或被计算在内。",
      "example_en": "All expenses must be accounted for in the annual budget.",
      "example_cn": "所有开支都必须计入年度预算中。"
    }
  ],
  "comparison": [
    {
      "word_to_compare": "considered",
      "analysis": "“Considered” (被认为) 更强调主观判断或意见，常用于表达个人或群体的看法，语气较中性。而 “accounted” 更常用于正式语境，带有权威性或共识性判断，如被广泛认可为某种身份或地位。"
    },
    {
      "word_to_compare": "explained",
      "analysis": "“Explained” (解释) 强调主动提供因果逻辑或详细说明，通常由说话者发起。而 “accounted for” 是被动或客观地说明原因，常用于描述事件发生的原因，不强调解释者的意图。"
    },
    {
      "word_to_compare": "included",
      "analysis": "“Included” (包括) 是一个纯粹的统计或列举动作，仅表示某物属于某个集合。而 “accounted” 在财务或统计语境中不仅表示被纳入，还隐含了被记录、追踪或负责的含义，具有更强的管理或责任属性。"
    }
  ]
}