{
  "word": "accordion",
  "pronunciation": "uh·kohr·dee·uhn",
  "concise_definition": "n. 手风琴, 可折叠的东西",
  "forms": {
    "plural": "accordions"
  },
  "definitions": [
    {
      "pos": "noun",
      "explanation_en": "A musical instrument with a bellows and buttons or keys on both ends, played by expanding and compressing the bellows while pressing keys to produce sound through metal reeds.",
      "explanation_cn": "一种乐器，两端装有按钮或键盘，中间为风箱，通过拉动或压缩风箱并按压键钮，使金属簧片振动发声。",
      "example_en": "She played a lively folk tune on her accordion at the street festival.",
      "example_cn": "她在街头音乐节上用双手风琴演奏了一首欢快的民间曲调。"
    },
    {
      "pos": "noun",
      "explanation_en": "A structure or object that can be folded or expanded like the bellows of an accordion, often used to describe furniture, files, or architectural designs with pleated or telescoping features.",
      "explanation_cn": "指一种可折叠或伸展的结构或物体，其形态类似手风琴的风箱，常用于描述具有褶皱或伸缩结构的家具、文件夹或建筑设计。",
      "example_en": "The accordion-style filing cabinet saves space by sliding into a narrow alcove.",
      "example_cn": "这种手风琴式文件柜可通过滑入狭窄壁龛来节省空间。"
    }
  ],
  "comparison": [
    {
      "word_to_compare": "harmonium",
      "analysis": "“Harmonium”（手摇风琴）是一种使用脚踏风箱和键盘的管风琴类乐器，通常用于宗教音乐，声音更持续稳定；而 “accordion” 由双手操作，更便携，音色更灵活多变，常用于民间和流行音乐。两者虽都靠风箱发声，但结构和演奏方式不同。"
    },
    {
      "word_to_compare": "concertina",
      "analysis": "“Concertina”（折 accordion）也是一种便携式风箱乐器，但其按键排列方式与手风琴不同，通常为六角形，音域较窄，音色更清脆。它没有手风琴的低音和高音键盘分区，结构更紧凑，多用于英国民谣。"
    },
    {
      "word_to_compare": "file_folder",
      "analysis": "“File folder”（文件夹）是用于收纳纸张的普通工具，而 “accordion folder” 是一种具有多个褶皱隔层、可伸缩的文件夹，其名称来源于其折叠结构类似手风琴风箱，强调的是形态上的类比，而非功能上的音乐属性。"
    }
  ]
}