{
  "word": "accomplish",
  "pronunciation": "uh·kum·plish",
  "concise_definition": "v. 完成, 实现, 达成",
  "forms": {
    "third_person_singular": "accomplishes",
    "past_tense": "accomplished",
    "past_participle": "accomplished",
    "present_participle": "accomplishing"
  },
  "definitions": [
    {
      "pos": "verb",
      "explanation_en": "To successfully complete a task, goal, or objective, especially one that requires effort, skill, or determination.",
      "explanation_cn": "指成功完成一项需要努力、技能或决心的任务、目标或目的。",
      "example_en": "She accomplished her goal of running a marathon despite the injury.",
      "example_cn": "尽管受伤，她还是完成了跑完马拉松的目标。"
    },
    {
      "pos": "verb",
      "explanation_en": "To bring about or achieve a result, often one that is significant or meaningful, through sustained effort or action.",
      "explanation_cn": "指通过持续的努力或行动促成或实现某种重要或有意义的结果。",
      "example_en": "The team accomplished a major breakthrough in renewable energy technology.",
      "example_cn": "该团队在可再生能源技术上取得了重大突破。"
    }
  ],
  "comparison": [
    {
      "word_to_compare": "complete",
      "analysis": "“Complete” (完成) 强调按计划或要求将某事做完，侧重于过程的终结，不必然包含难度或成就的含义。例如“完成作业”。“Accomplish” 则隐含克服困难、实现目标的成就感，更强调结果的价值和努力的成果。"
    },
    {
      "word_to_compare": "achieve",
      "analysis": "“Achieve” (达成) 与 “accomplish” 非常接近，常可互换，但 “achieve” 更常用于抽象目标（如成就、地位、荣誉），如 achieve success；而 “accomplish” 更常用于具体任务或行动，如 accomplish a project。两者都强调成功，但 “accomplish” 更具行动导向。"
    },
    {
      "word_to_compare": "fulfill",
      "analysis": "“Fulfill” (履行/实现) 侧重于满足期望、义务或承诺，常用于责任、诺言或潜能的实现，如 fulfill a promise 或 fulfill one's potential。而 “accomplish” 更中性，强调通过行动达成目标，不一定涉及道德或契约义务。"
    }
  ]
}