{
  "word": "accomplishments",
  "pronunciation": "uh·kum·plish·muhnts",
  "concise_definition": "n. 成就, 功绩, 完成的事",
  "forms": {
    "singular": "accomplishment"
  },
  "definitions": [
    {
      "pos": "noun",
      "explanation_en": "A thing that has been successfully completed or achieved, especially through effort, skill, or perseverance; often used to highlight notable successes in personal, professional, or academic contexts.",
      "explanation_cn": "指通过努力、技能或毅力成功完成或实现的事情，常用于强调个人、职业或学术领域中的显著成就。",
      "example_en": "Graduating with honors was one of her greatest accomplishments.",
      "example_cn": "以优异成绩毕业是她最大的成就之一。"
    },
    {
      "pos": "noun",
      "explanation_en": "The state or fact of having fulfilled a goal, task, or responsibility; can refer to both tangible outcomes and intangible personal growth.",
      "explanation_cn": "指完成某个目标、任务或责任的状态或事实；可指有形的成果，也可指无形的个人成长。",
      "example_en": "His accomplishments in leadership and teamwork were praised by the entire organization.",
      "example_cn": "他在领导力和团队合作方面的成就受到了整个组织的赞扬。"
    }
  ],
  "comparison": [
    {
      "word_to_compare": "achievement",
      "analysis": "“Achievement”（成就）与 “accomplishment” 非常接近，常可互换，但 “achievement” 更强调通过克服困难或挑战而达成的目标，常带有更强的正式感和荣誉感，多用于官方或重大成就（如科学突破、奥运奖牌）；而 “accomplishment” 更广泛，可涵盖日常或个人层面的成功，语气更温和、更生活化。"
    },
    {
      "word_to_compare": "success",
      "analysis": "“Success”（成功）是一个更宽泛的词，指达到预期目标或获得良好结果的状态，不一定需要具体的行为或过程。它可以是瞬间的（如一次考试通过），也可以是整体的（如事业成功）。而 “accomplishment” 强调的是具体的、可识别的、通过努力完成的事项，更具行动导向和可衡量性。"
    },
    {
      "word_to_compare": "feat",
      "analysis": "“Feat”（壮举）通常指非凡的、令人惊叹的、需要极大勇气或力量才能完成的事，常带有英雄主义色彩（如登山登顶、拯救生命）。它比 “accomplishment” 更具戏剧性和稀有性，适用范围更窄，多用于极端或罕见的成就。"
    }
  ]
}