{
  "word": "accomplishment",
  "pronunciation": "uh·kum·plish·muhnt",
  "concise_definition": "n. 成就, 完成, 成功",
  "forms": {
    "plural": "accomplishments"
  },
  "definitions": [
    {
      "pos": "noun",
      "explanation_en": "The successful completion of a task, goal, or project, especially one that requires effort, skill, or perseverance.",
      "explanation_cn": "指成功完成某项需要努力、技能或毅力的任务、目标或项目。",
      "example_en": "Graduating with honors was one of her greatest accomplishments.",
      "example_cn": "以优异成绩毕业是她最大的成就之一。"
    },
    {
      "pos": "noun",
      "explanation_en": "A notable achievement or feat that brings recognition, pride, or personal satisfaction, often reflecting one's abilities or character.",
      "explanation_cn": "指一项引人注目的成就或壮举，能带来认可、自豪感或个人满足感，通常反映一个人的能力或品格。",
      "example_en": "His accomplishment in climbing Mount Everest inspired many young athletes.",
      "example_cn": "他登顶珠穆朗玛峰的成就激励了许多年轻运动员。"
    }
  ],
  "comparison": [
    {
      "word_to_compare": "achievement",
      "analysis": "“Achievement” (成就) 与 “accomplishment” 非常接近，常可互换，但 “achievement” 更强调结果的显著性和社会认可度，常用于正式语境（如奖项、头衔）；而 “accomplishment” 更侧重于过程的努力与完成感，涵盖范围更广，包括日常或个人目标的达成。"
    },
    {
      "word_to_compare": "success",
      "analysis": "“Success” (成功) 是一个更宽泛的词，指达到预期目标或获得良好结果的状态，不一定涉及具体行动或努力过程。而 “accomplishment” 强调通过主动作为完成某事，具有更强的行动导向和具体性。例如，赢得比赛是 accomplishment，而拥有幸福生活是 success。"
    },
    {
      "word_to_compare": "feat",
      "analysis": "“Feat” (壮举) 通常指极其困难、非凡或需要超常勇气/能力的成就，带有惊叹色彩，多用于极端或罕见的案例（如救援行动、科学突破）。而 “accomplishment” 更中性，适用于从日常任务到重大里程碑的广泛情境。"
    }
  ]
}