{
  "word": "accountancy",
  "pronunciation": "uhk·ount·an·see",
  "concise_definition": "n. 会计学, 会计工作",
  "forms": {
    "plural": "accountancies"
  },
  "definitions": [
    {
      "pos": "noun",
      "explanation_en": "The profession or practice of maintaining and auditing financial records, including the preparation of financial statements, tax returns, and other reports required by law or for business decision-making.",
      "explanation_cn": "指维护和审计财务记录的专业或实践，包括编制财务报表、纳税申报表以及其他法律要求或商业决策所需的报告。",
      "example_en": "She pursued a career in accountancy after graduating with a degree in finance.",
      "example_cn": "她毕业后获得金融学位，便投身于会计行业。"
    },
    {
      "pos": "noun",
      "explanation_en": "The system or principles governing the recording, classification, and summarization of financial transactions in a business or organization.",
      "explanation_cn": "指在企业或组织中对财务交易进行记录、分类和汇总所依据的体系或原则。",
      "example_en": "The company's accountancy practices follow international financial reporting standards.",
      "example_cn": "该公司的会计实务遵循国际财务报告准则。"
    }
  ],
  "comparison": [
    {
      "word_to_compare": "accounting",
      "analysis": "“Accounting”（会计）是更常用、更口语化的术语，泛指具体的会计操作和流程，如记账、编制报表等；而 “accountancy” 更侧重于会计作为一门专业学科或职业的整体体系，常用于正式语境，如职业资格（chartered accountancy）或学术领域。两者常可互换，但 “accountancy” 更具专业性和抽象性。"
    },
    {
      "word_to_compare": "bookkeeping",
      "analysis": "“Bookkeeping”（记账）是会计的基础环节，仅指系统性地记录日常财务交易，如收入、支出、应收账款等，属于操作性工作；而 “accountancy” 包含记账，还涵盖分析、审计、税务筹划和财务战略等更高层次的职能，是更全面的专业领域。"
    },
    {
      "word_to_compare": "finance",
      "analysis": "“Finance”（金融）关注资金的筹集、投资、管理和分配，侧重于宏观决策和资本运作；而 “accountancy” 专注于财务信息的准确记录、报告与合规，是金融活动的数据基础。简言之，finance 是关于钱怎么用，accountancy 是关于钱怎么记。"
    }
  ]
}