{
  "word": "accompanies",
  "pronunciation": "uhk·uhm·pahynz",
  "concise_definition": "v. 伴随, 陪同, 与…同时发生",
  "forms": {
    "third_person_singular": "accompanies",
    "past_tense": "accompanied",
    "past_participle": "accompanied",
    "present_participle": "accompanying"
  },
  "definitions": [
    {
      "pos": "verb",
      "explanation_en": "To go or be present with someone or something else, often in a supportive or connected role.",
      "explanation_cn": "指与某人或某物一同出现或同行，通常扮演支持性或关联性的角色。",
      "example_en": "A sense of unease accompanies her whenever she enters the old house.",
      "example_cn": "每当她走进那栋老房子时，总会有一种不安感伴随左右。"
    },
    {
      "pos": "verb",
      "explanation_en": "To occur at the same time as something else, often in a related or complementary way.",
      "explanation_cn": "指与另一事物同时发生，通常以相关或互补的方式出现。",
      "example_en": "The thunderstorm was accompanied by heavy rain and strong winds.",
      "example_cn": "这场雷暴伴随着大雨和强风。"
    },
    {
      "pos": "verb",
      "explanation_en": "To provide musical support or background for a performer or performance.",
      "explanation_cn": "指为表演者或表演提供音乐伴奏。",
      "example_en": "The pianist accompanies the singer with delicate arpeggios.",
      "example_cn": "钢琴家以轻柔的琶音为歌手伴奏。"
    }
  ],
  "comparison": [
    {
      "word_to_compare": "accompany",
      "analysis": "“Accompanies” 是动词 “accompany” 的第三人称单数形式，其核心含义与原形一致。在分析时，需注意其语法形态变化，但语义和用法完全一致，仅在句子主语为单数第三人称时使用。"
    },
    {
      "word_to_compare": "follow",
      "analysis": "“Follow” (跟随) 强调先后顺序，即一个事物在另一个之后出现或移动，具有时间或空间上的从属关系。而 “accompanies” 强调的是同时性，两者并行发生，没有先后之分。例如：‘The dog follows its owner’（狗跟着主人走）vs. ‘Music accompanies the dance’（音乐伴随舞蹈）。"
    },
    {
      "word_to_compare": "accompanying",
      "analysis": "“Accompanying” 是 “accompany” 的现在分词或形容词形式，常用于修饰名词，如 ‘accompanying circumstances’（伴随情况）。而 ‘accompanies’ 是动词的谓语形式，用于陈述动作。两者词性不同，但语义核心一致：都表示‘伴随’。"
    },
    {
      "word_to_compare": "coincide",
      "analysis": "“Coincide” (巧合/同时发生) 强调两个或多个事件偶然地在同一时间发生，通常带有意外或非预期的意味。而 “accompanies” 更强调一种常态性、功能性或结构性的伴随关系，不一定是偶然的。例如：‘The two events coincide by chance’（两个事件偶然同时发生）vs. ‘The lighting accompanies the mood of the scene’（灯光配合场景氛围）。"
    }
  ]
}