{
  "word": "accolades",
  "pronunciation": "ak·kuh·leyd",
  "concise_definition": "n. 荣誉, 赞扬, 奖项",
  "forms": {
    "singular": "accolade"
  },
  "definitions": [
    {
      "pos": "noun",
      "explanation_en": "Public praise, awards, or honors given to someone in recognition of their achievements, often in a formal or ceremonial context.",
      "explanation_cn": "为表彰某人的成就而给予的公开赞扬、奖项或荣誉，通常在正式或仪式性场合颁发。",
      "example_en": "The actor received numerous accolades for his groundbreaking performance in the film.",
      "example_cn": "这位演员因在电影中开创性的表演获得了众多荣誉。"
    },
    {
      "pos": "noun",
      "explanation_en": "A mark of distinction or esteem conferred by peers, critics, or institutions, symbolizing excellence in a particular field.",
      "explanation_cn": "由同行、评论家或机构授予的荣誉标志，象征着在某一领域中的卓越成就。",
      "example_en": "Her research has earned her accolades from scientific communities around the world.",
      "example_cn": "她的研究赢得了全球科学界的赞誉。"
    }
  ],
  "comparison": [
    {
      "word_to_compare": "praise",
      "analysis": "“Praise”（赞扬）是泛指对人或行为的正面评价，语气较日常、口语化，可以是口头或简短的肯定，不一定伴随正式奖励。而 “accolades” 更强调系统性、公开性、仪式性的高度认可，通常指奖项、头衔等具体形式的荣誉。"
    },
    {
      "word_to_compare": "awards",
      "analysis": "“Awards”（奖项）特指由组织或机构颁发的有形奖品或头衔，如奖杯、证书等，是 “accolades” 的一种具体形式。但 “accolades” 的范围更广，可包括口头赞誉、媒体盛赞等非实物性荣誉，因此 “awards” 是 “accolades” 的子集。"
    },
    {
      "word_to_compare": "honor",
      "analysis": "“Honor”（荣誉）含义广泛，可指道德上的尊敬、社会地位的提升或国家授予的称号，强调内在价值和尊严。而 “accolades” 更侧重于外部表达的、公众可见的赞美与认可，常用于艺术、体育、学术等竞争性领域，更具表现性和社会性。"
    }
  ]
}