{
  "word": "accountants",
  "pronunciation": "uhk·kawnt·uhnts",
  "concise_definition": "n. 会计师, 审计师",
  "forms": {
    "singular": "accountant"
  },
  "definitions": [
    {
      "pos": "noun",
      "explanation_en": "A professional who is trained and qualified to record, classify, summarize, and interpret financial transactions for individuals, businesses, or organizations, often to ensure compliance with legal and tax requirements.",
      "explanation_cn": "指经过专业训练并取得资格的人员，负责记录、分类、汇总和解释个人、企业或组织的财务交易，通常以确保符合法律和税务要求。",
      "example_en": "The company hired two certified public accountants to audit its annual financial statements.",
      "example_cn": "该公司聘请了两名注册会计师来审计其年度财务报表。"
    },
    {
      "pos": "noun",
      "explanation_en": "A person responsible for managing financial records and providing advice on tax planning, budgeting, and financial strategy, often acting as a trusted advisor to clients.",
      "explanation_cn": "指负责管理财务记录，并就税务筹划、预算编制和财务战略提供建议的人，通常作为客户的可信赖顾问。",
      "example_en": "Her accountant helped her minimize her tax liability through strategic deductions and retirement contributions.",
      "example_cn": "她的会计师通过策略性扣除和退休金缴纳帮助她降低了纳税负担。"
    }
  ],
  "comparison": [
    {
      "word_to_compare": "auditors",
      "analysis": "“Auditors”（审计师）通常指独立第三方，专门审查和验证财务报表的准确性与合规性，强调客观性和外部监督。而 “accountants” 更侧重于日常财务记录的编制与管理，可能是企业内部人员，职责更广泛，包括记账、报税和咨询。"
    },
    {
      "word_to_compare": "bookkeepers",
      "analysis": "“Bookkeepers”（记账员）主要负责基础的财务数据录入和日常账目记录，如收支登记、发票处理等，工作内容较机械、重复。而 “accountants” 在此基础上进行分析、编制报表、提供财务建议，职责更高级、更具战略性。"
    },
    {
      "word_to_compare": "financial advisors",
      "analysis": "“Financial advisors”（财务顾问）侧重于为客户提供投资、资产配置、退休规划等综合性财富管理建议，关注的是长期财务目标的实现。而 “accountants” 更专注于合规性、税务和会计记录，虽然有时也提供咨询，但其核心是财务数据的准确性和法律遵从性。"
    }
  ]
}