{
  "word": "accomplished",
  "pronunciation": "uh·kum·plisht",
  "concise_definition": "adj. 有成就的, 技艺高超的, 完成的",
  "forms": {
    "comparative": "more accomplished",
    "superlative": "most accomplished"
  },
  "definitions": [
    {
      "pos": "adjective",
      "explanation_en": "Having achieved a high level of skill, knowledge, or success in a particular field, often through dedicated effort and experience.",
      "explanation_cn": "在某一领域通过不懈努力和丰富经验达到了高水平的技能、知识或成就。",
      "example_en": "She is an accomplished pianist who has performed at Carnegie Hall.",
      "example_cn": "她是一位技艺高超的钢琴家，曾在卡内基音乐厅演出。"
    },
    {
      "pos": "adjective",
      "explanation_en": "Having successfully completed a task, goal, or objective, especially one that is difficult or significant.",
      "explanation_cn": "成功完成了某项任务、目标或计划，尤其是那些具有挑战性或重要意义的事项。",
      "example_en": "The team accomplished their mission to summit the mountain before the storm arrived.",
      "example_cn": "团队在风暴来临前成功完成了登顶这座山峰的任务。"
    },
    {
      "pos": "adjective",
      "explanation_en": "Referring to someone who is refined, cultured, and well-rounded in manners or intellectual pursuits.",
      "explanation_cn": "形容一个人举止优雅、有教养，在智力或文化修养方面全面发展。",
      "example_en": "He is an accomplished gentleman with a deep appreciation for literature and the arts.",
      "example_cn": "他是一位修养深厚、对文学与艺术有深刻鉴赏力的绅士。"
    }
  ],
  "comparison": [
    {
      "word_to_compare": "skilled",
      "analysis": "“Skilled”（有技能的）仅强调具备某种技术能力，不涉及成就高低或广泛认可。而 “accomplished” 不仅包含技能，还隐含了卓越、受尊重的成就，语义更重、层次更高。"
    },
    {
      "word_to_compare": "successful",
      "analysis": "“Successful”（成功的）侧重于结果的达成，如获得财富、地位或认可，但不一定体现个人能力或技艺的精湛。而 “accomplished” 更强调通过长期努力所达到的内在造诣，即使未获外界赞誉，仍可被称为 accomplished。"
    },
    {
      "word_to_compare": "completed",
      "analysis": "“Completed”（完成的）是中性词，仅表示某事已结束，无褒贬或能力评价。而 “accomplished” 作为形容词时，带有积极评价，暗示完成的是值得称道的、有难度的任务，语义更丰富。"
    }
  ]
}