{
  "word": "accreditation",
  "pronunciation": "uhk·red·uh·tey·shuhn",
  "concise_definition": "n. 认证, 认可, 授权",
  "forms": {
    "plural": "accreditations"
  },
  "definitions": [
    {
      "pos": "noun",
      "explanation_en": "The official recognition or authorization granted by an authoritative body to an institution, program, or individual, confirming that they meet established standards of quality, competence, or compliance.",
      "explanation_cn": "由权威机构授予某个机构、项目或个人的正式认可或授权，以确认其符合既定的质量、能力或合规标准。",
      "example_en": "The university received accreditation from the national education board after a rigorous review process.",
      "example_cn": "这所大学在经过严格的审查程序后，获得了国家教育委员会的认证。"
    },
    {
      "pos": "noun",
      "explanation_en": "The process or system by which professional qualifications, educational programs, or services are evaluated and officially approved to ensure public trust and safety.",
      "explanation_cn": "对专业资格、教育项目或服务进行评估并正式批准的过程或体系，旨在确保公众信任与安全。",
      "example_en": "Accreditation of medical training programs is essential to ensure that doctors are properly qualified.",
      "example_cn": "对医学培训项目的认证对于确保医生具备适当资质至关重要。"
    }
  ],
  "comparison": [
    {
      "word_to_compare": "certification",
      "analysis": "“Certification”（证书/认证）通常指个人通过考试或完成特定课程后获得的书面证明，强调个体能力的确认；而 “accreditation” 更侧重于对机构、项目或体系的整体认可，是更高层级的权威背书。例如，一个医生可能持有执业证书（certification），而其所在医学院则拥有认证（accreditation）。"
    },
    {
      "word_to_compare": "approval",
      "analysis": "“Approval”（批准）是一个更宽泛、非正式的词，泛指任何形式的同意或认可，不一定需要权威机构或标准体系支持；而 “accreditation” 是制度化、标准化的正式认可，通常伴随持续监督和评估机制，具有更强的法律或专业效力。"
    },
    {
      "word_to_compare": "authorization",
      "analysis": "“Authorization”（授权）强调赋予某人或某机构执行某项行动的权力，常用于行政或法律语境；而 “accreditation” 更侧重于对质量、标准和专业性的验证，其目的不仅是允许行为，更是保证其符合行业规范。例如，政府可授权一家公司运营服务，但只有经过认证，该服务才被公认为符合专业标准。"
    }
  ]
}