{
  "word": "accredited",
  "pronunciation": "uhk·red·uh·tuhd",
  "concise_definition": "adj. 认可的, 授权的, 认证的",
  "forms": {
    "base_form": "accredit",
    "comparative": "more accredited",
    "superlative": "most accredited"
  },
  "definitions": [
    {
      "pos": "adjective",
      "explanation_en": "Officially recognized or authorized by an authoritative body as meeting established standards of quality, competence, or legitimacy, especially in education, healthcare, or professional services.",
      "explanation_cn": "由权威机构正式认可或授权，表明其符合既定的质量、能力或合法性标准，尤指教育、医疗或专业服务领域。",
      "example_en": "The university is accredited by the national education board, ensuring its degrees are widely accepted.",
      "example_cn": "这所大学获得了国家教育委员会的认证，确保其学位被广泛认可。"
    },
    {
      "pos": "adjective",
      "explanation_en": "Having received formal approval or endorsement, often implying trustworthiness and adherence to professional or regulatory norms.",
      "explanation_cn": "已获得正式批准或背书，通常意味着值得信赖并遵守专业或监管规范。",
      "example_en": "Only accredited financial advisors are allowed to offer tax planning services in this jurisdiction.",
      "example_cn": "只有获得认证的财务顾问才有资格在本地区提供税务规划服务。"
    }
  ],
  "comparison": [
    {
      "word_to_compare": "approved",
      "analysis": "“Approved” (批准的) 指某事物已被授权或同意，但不一定涉及正式标准或权威机构的系统性评估。它更宽泛，可用于日常情境（如“approved by the manager”）。而 “accredited” 强调经过专业机构依据明确标准的正式认证，具有更强的权威性和规范性。"
    },
    {
      "word_to_compare": "certified",
      "analysis": "“Certified” (有证书的) 通常指个人或产品通过测试或检查后获得书面证明，强调“证明文件”的存在。而 “accredited” 更侧重于机构或体系本身被授权作为认证主体，是更高层级的认可。例如：一个实验室可能被“accredited”来颁发“certified”报告。"
    },
    {
      "word_to_compare": "authorized",
      "analysis": "“Authorized” (被授权的) 指拥有法律或官方赋予的权力去做某事，但不一定涉及质量或标准的评估。例如，某人被授权签字，但不意味着其机构是“accredited”的。而 “accredited” 隐含了对能力、合规性和专业性的持续监督与评估。"
    }
  ]
}