{
  "word": "accusing",
  "pronunciation": "uhk·yooh·zing",
  "concise_definition": "adj. 指控的, 谴责的; v. 指控, 谴责 (accuse 的现在分词)",
  "forms": {
    "base_form": "accuse",
    "third_person_singular": "accuses",
    "past_tense": "accused",
    "past_participle": "accused",
    "present_participle": "accusing"
  },
  "definitions": [
    {
      "pos": "adjective",
      "explanation_en": "Describing someone who is making a charge or allegation against another person, often implying blame or responsibility for wrongdoing.",
      "explanation_cn": "形容某人正在对他人提出指控或控告，通常暗示其被指责负有不当行为的责任。",
      "example_en": "The accusing tone of her voice made everyone feel defensive.",
      "example_cn": "她语气中的指责意味让每个人都感到防御性。"
    },
    {
      "pos": "verb",
      "explanation_en": "To charge someone with a fault or offense, especially in a formal or public context; to assert that someone is responsible for something wrong or illegal.",
      "explanation_cn": "在正式或公开场合中指控某人犯有错误或罪行；断言某人应对某种错误或违法行为负责。",
      "example_en": "He was accusing his colleague of stealing confidential data.",
      "example_cn": "他指控同事窃取了机密数据。"
    },
    {
      "pos": "verb",
      "explanation_en": "To express blame or criticism toward someone, even if not in a legal setting, often with emotional intensity.",
      "explanation_cn": "即使在非法律语境下，也以强烈的情感表达对某人的责备或批评。",
      "example_en": "She kept accusing him of not caring about the family.",
      "example_cn": "她不断指责他不在乎家庭。"
    }
  ],
  "comparison": [
    {
      "word_to_compare": "alleging",
      "analysis": "“Alleging” (声称) 更中性，常用于法律或正式语境中，表示‘提出未经证实的指控’，强调的是‘声称’而非‘断定’。而 ‘accusing’ 更具情感色彩，通常隐含更强的责备或定罪倾向，语气更直接、更具攻击性。"
    },
    {
      "word_to_compare": "blaming",
      "analysis": "“Blaming” (归咎) 更侧重于将责任归于某人，常用于日常对话，语气较温和，不一定涉及正式指控。而 ‘accusing’ 通常意味着更明确、更严重的指控，可能涉及道德、法律或纪律层面的过失。"
    },
    {
      "word_to_compare": "condemning",
      "analysis": "“Condemning” (谴责) 强调道德或价值层面的严厉否定，常用于对行为、制度或思想的全面否定，语气更庄严、更抽象。而 ‘accusing’ 更具体，指向某人对某项具体行为的责任，更具个人性和针对性。"
    }
  ]
}