{
  "word": "accustomed",
  "pronunciation": "uh·kchuh·muhzd",
  "concise_definition": "adj. 习惯的, 习以为常的",
  "forms": {
    "comparative": "more accustomed",
    "superlative": "most accustomed"
  },
  "definitions": [
    {
      "pos": "adjective",
      "explanation_en": "Familiar with something through frequent experience or long-term exposure, to the point of being comfortable or unbothered by it.",
      "explanation_cn": "由于频繁经历或长期接触而对某事物感到熟悉，甚至对此习以为常、不再感到不适或惊讶。",
      "example_en": "She is accustomed to waking up at 5 a.m. after years of working night shifts.",
      "example_cn": "经过多年的夜班工作，她已经习惯了早上五点起床。"
    },
    {
      "pos": "adjective",
      "explanation_en": "Used in the structure 'accustomed to + noun/gerund' to indicate a habitual state or regular practice, often implying resistance to change.",
      "explanation_cn": "常用于 'accustomed to + 名词/动名词' 结构，表示一种习惯性状态或常规做法，通常隐含对改变的抗拒。",
      "example_en": "He is not accustomed to such loud environments and finds concerts overwhelming.",
      "example_cn": "他不习惯如此嘈杂的环境，觉得音乐会令人不堪重负。"
    }
  ],
  "comparison": [
    {
      "word_to_compare": "habituated",
      "analysis": "“Habituated” (已形成习惯的) 与 “accustomed” 意义高度相近，但更偏向心理学或生理学语境，强调通过重复行为形成的自动反应，常用于描述动物或成瘾行为。而 “accustomed” 更通用，适用于日常生活的各种习惯性适应。"
    },
    {
      "word_to_compare": "used",
      "analysis": "“Used to” 是口语中更常见的表达方式，与 “accustomed to” 可互换，但语气更随意、非正式。例如 “I’m used to the noise.” 与 “I’m accustomed to the noise.” 意思相同，但后者更书面、正式，且隐含更强的适应过程。"
    },
    {
      "word_to_compare": "familiar",
      "analysis": "“Familiar” (熟悉的) 强调对某事物有认知或了解，但不一定涉及情感或行为上的适应。例如，你可能熟悉一种新软件的功能，但尚未习惯使用它。而 “accustomed” 暗示了长期接触后的行为适应和心理舒适感。"
    }
  ]
}