{
  "word": "accusations",
  "pronunciation": "ak·yoo·zay·shuhnz",
  "concise_definition": "n. 指控, 控告, 谴责",
  "forms": {
    "singular": "accusation"
  },
  "definitions": [
    {
      "pos": "noun",
      "explanation_en": "A formal or serious claim that someone has done something wrong or illegal, often made in a public or legal context.",
      "explanation_cn": "指正式或严肃地声称某人做了错误或违法的事情，通常在公共或法律语境中提出。",
      "example_en": "The politician faced serious accusations of corruption during the election campaign.",
      "example_cn": "这位政治家在竞选期间面临严重的腐败指控。"
    },
    {
      "pos": "noun",
      "explanation_en": "An expression of blame or criticism directed at someone, whether justified or not, often implying moral or ethical wrongdoing.",
      "explanation_cn": "指向某人表达责备或批评，无论是否合理，通常暗示道德或伦理上的过失。",
      "example_en": "Her silence was interpreted as an accusation of negligence by the team.",
      "example_cn": "她的沉默被团队解读为对疏忽的指责。"
    }
  ],
  "comparison": [
    {
      "word_to_compare": "allegation",
      "analysis": "“Allegation”（指控/断言）通常指尚未被证实的声明，带有更强的法律或程序性色彩，强调其未经验证的状态。而 “accusation” 更常用于日常或情感语境，语气更直接、更具攻击性，不一定局限于法律程序。"
    },
    {
      "word_to_compare": "charge",
      "analysis": "“Charge”（控罪）是法律术语，特指由官方（如检察官）正式提出的刑事指控，具有法律效力。而 “accusation” 可以是非正式的、个人的或舆论性的，不一定进入司法程序。"
    },
    {
      "word_to_compare": "criticism",
      "analysis": "“Criticism”（批评）泛指对行为、观点或表现的负面评价，范围更广，不一定涉及道德或法律过错。而 “accusation” 通常隐含更严重的责任归属，带有指责他人有罪或不当行为的意味。"
    }
  ]
}