{
  "word": "accuses",
  "pronunciation": "uh·kyooz·iz",
  "concise_definition": "v. 指控, 谴责, 控告",
  "forms": {
    "base_form": "accuse",
    "third_person_singular": "accuses",
    "past_tense": "accused",
    "past_participle": "accused",
    "present_participle": "accusing"
  },
  "definitions": [
    {
      "pos": "verb",
      "explanation_en": "To charge someone with a fault, crime, or wrongdoing, often in a formal or public context, implying blame or responsibility.",
      "explanation_cn": "指在正式或公开场合指控某人犯有错误、罪行或不当行为，暗示其应承担责任或受到责备。",
      "example_en": "The prosecutor accuses the defendant of embezzling company funds.",
      "example_cn": "检察官指控被告挪用公司资金。"
    },
    {
      "pos": "verb",
      "explanation_en": "To blame someone for a problem, mistake, or undesirable outcome, even if not legally formalized.",
      "explanation_cn": "指将问题、错误或不良后果归咎于某人，即使未形成法律程序。",
      "example_en": "She accuses her colleague of causing the project delay.",
      "example_cn": "她指责同事导致了项目延误。"
    }
  ],
  "comparison": [
    {
      "word_to_compare": "alleges",
      "analysis": "“Alleges” (声称) 通常用于法律或正式语境，强调一种未经证实的指控，带有中立性，暗示证据尚不充分。而 “accuses” 更直接、更强烈，通常表达明确的责备，语气更具对抗性。"
    },
    {
      "word_to_compare": "blames",
      "analysis": "“Blames” (责怪) 更口语化，常用于日常语境，表达对某人造成问题的主观归因，不一定涉及严重过失或法律后果。而 “accuses” 更正式，常指向具体罪行或严重不当行为，具有更强的道德或法律意味。"
    },
    {
      "word_to_compare": "charges",
      "analysis": "“Charges” (控告) 是法律术语，特指由官方（如检察官）正式提出刑事指控，具有法律效力。而 “accuses” 可用于非正式场合，不一定经过法律程序，范围更广。"
    }
  ]
}