{
  "word": "accumulation",
  "pronunciation": "uhk·yoo·myuh·lay·shuhn",
  "concise_definition": "n. 积累, 聚集, 积聚",
  "forms": {
    "plural": "accumulations"
  },
  "definitions": [
    {
      "pos": "noun",
      "explanation_en": "The process of gradually gathering or increasing something over time, often in a continuous or cumulative manner, especially when referring to abstract or tangible quantities.",
      "explanation_cn": "指随着时间推移逐渐收集或增加某物的过程，通常以连续或累积的方式进行，尤其用于指抽象或具体的数量。",
      "example_en": "The accumulation of debt over several years led to financial ruin.",
      "example_cn": "多年来的债务积累最终导致了财务破产。"
    },
    {
      "pos": "noun",
      "explanation_en": "A collection or mass of things that have been gathered together, often in a heap or layer, whether physical (like snow) or abstract (like knowledge or experience).",
      "explanation_cn": "指被聚集在一起的大量事物，无论是物理上的（如积雪）还是抽象的（如知识或经验），常表现为堆积或层叠的状态。",
      "example_en": "The accumulation of dust on the shelves revealed how long the room had been unused.",
      "example_cn": "书架上积聚的灰尘表明这个房间已很久未使用了。"
    },
    {
      "pos": "noun",
      "explanation_en": "In finance or economics, the buildup of assets, resources, or capital over a period, often as a result of reinvestment or savings.",
      "explanation_cn": "在金融或经济学中，指在一段时间内由于再投资或储蓄而导致的资产、资源或资本的积累。",
      "example_en": "Her wealth was the result of careful accumulation of savings and smart investments.",
      "example_cn": "她的财富是谨慎储蓄和明智投资积累的结果。"
    }
  ],
  "comparison": [
    {
      "word_to_compare": "collection",
      "analysis": "“Collection” (收集物) 强调有意识地、有选择性地聚集物品或信息，通常具有组织性或目的性，如收藏品或数据集。而 “accumulation” 更强调无意识、自然或持续的过程，不一定有明确的筛选或整理。"
    },
    {
      "word_to_compare": "buildup",
      "analysis": "“Buildup” (积聚) 与 “accumulation” 非常接近，常可互换，但 “buildup” 更常用于描述负面或潜在危险的逐渐增加，如压力、污垢或敌意。而 “accumulation” 更中性，可用于任何类型的增加，包括积极的如知识或财富。"
    },
    {
      "word_to_compare": "aggregation",
      "analysis": "“Aggregation” (聚合) 是一个更技术性或学术性的术语，常用于数据、统计或系统分析中，指将多个独立元素合并为一个整体。它强调结构上的组合，而 “accumulation” 更侧重于时间维度上的逐步增加。"
    }
  ]
}