{
  "word": "accusation",
  "pronunciation": "ak·yoo·zuh·shun",
  "concise_definition": "n. 指控, 控告, 谴责",
  "forms": {
    "plural": "accusations"
  },
  "definitions": [
    {
      "pos": "noun",
      "explanation_en": "A formal or serious claim that someone has done something wrong or illegal, often made in a legal, public, or confrontational context.",
      "explanation_cn": "指正式或严肃地声称某人做了错误或违法的事情，通常在法律、公开或对抗性语境中提出。",
      "example_en": "The politician faced multiple accusations of corruption during the election campaign.",
      "example_cn": "这位政治家在竞选期间面临多项腐败指控。"
    },
    {
      "pos": "noun",
      "explanation_en": "An expression of blame or criticism directed at someone, whether justified or not, often implying moral or personal fault.",
      "explanation_cn": "指对某人表达的责备或批评，无论是否合理，通常暗示其存在道德或个人过失。",
      "example_en": "Her silence was interpreted as an accusation of dishonesty.",
      "example_cn": "她的沉默被解读为对她不诚实的指责。"
    }
  ],
  "comparison": [
    {
      "word_to_compare": "charge",
      "analysis": "“Charge”（指控）通常用于法律语境，指官方正式提出的刑事或民事控告，具有程序性和权威性。而 “accusation” 更广泛，可以是非正式的、情绪化的指责，不一定经过法律程序。"
    },
    {
      "word_to_compare": "allegation",
      "analysis": "“Allegation”（指控/断言）强调尚未被证实的说法，常用于法律或新闻报道中，带有中立、谨慎的语气，暗示有待调查。而 “accusation” 更具攻击性和情感色彩，通常已带有明确的责备意图。"
    },
    {
      "word_to_compare": "criticism",
      "analysis": "“Criticism”（批评）泛指对行为、观点或表现的负面评价，不一定涉及道德或法律过错，可以是建设性的。而 “accusation” 通常指向具体的不当行为，带有更强的道德谴责或罪责归因。"
    }
  ]
}