{
  "word": "accurately",
  "pronunciation": "ak·kyoo·ruh·tlee",
  "concise_definition": "adv. 准确地, 精确地, 正确地",
  "forms": {
    "adjective": "accurate",
    "noun": "accuracy",
    "comparative": "more accurately",
    "superlative": "most accurately"
  },
  "definitions": [
    {
      "pos": "adverb",
      "explanation_en": "In a way that is free from error, mistake, or distortion; precisely and correctly according to facts, measurements, or standards.",
      "explanation_cn": "以无错误、无偏差的方式；根据事实、测量或标准，精确且正确地进行。",
      "example_en": "The scientist accurately recorded the temperature changes over 24 hours.",
      "example_cn": "科学家准确记录了24小时内的温度变化。"
    },
    {
      "pos": "adverb",
      "explanation_en": "With careful attention to detail, ensuring fidelity to the original or intended form, especially in reproduction, translation, or performance.",
      "explanation_cn": "注重细节，确保在复制、翻译或表演中忠实于原始或预期形式。",
      "example_en": "She accurately translated the ancient text, preserving its original nuance.",
      "example_cn": "她准确地翻译了这段古文，保留了其原有的细微含义。"
    },
    {
      "pos": "adverb",
      "explanation_en": "In a manner that reflects true representation or alignment with reality, often used to emphasize reliability or trustworthiness.",
      "explanation_cn": "以真实反映或与现实一致的方式，常用于强调可靠性或可信度。",
      "example_en": "The documentary accurately portrays the struggles of rural communities.",
      "example_cn": "这部纪录片真实地展现了农村社区的困境。"
    }
  ],
  "comparison": [
    {
      "word_to_compare": "precisely",
      "analysis": "“Precisely”（精确地）强调数值、时间或位置上的高度精确，常用于数学、科学或技术语境，侧重于数字或度量的准确性。而 “accurately” 更广泛，涵盖事实、描述、行为或表达的正确性，不一定涉及数字。"
    },
    {
      "word_to_compare": "correctly",
      "analysis": "“Correctly”（正确地）侧重于符合规则、标准或期望，常用于判断对错（如语法、答案、程序）。而 “accurately” 更强调与真实情况或原始信息的一致性，即使规则本身有误，仍可说某事“accurately”反映现实。"
    },
    {
      "word_to_compare": "faithfully",
      "analysis": "“Faithfully”（忠实地）强调忠诚、忠实于原意或承诺，常用于艺术再现、承诺履行或情感表达，带有主观情感色彩。而 “accurately” 更客观，关注的是信息或表现与事实之间的客观吻合度，不涉及情感忠诚。"
    }
  ]
}