{
  "word": "accused",
  "pronunciation": "uh·khyo·zd",
  "concise_definition": "v. 指控, 控告; adj. 被指控的",
  "forms": {
    "base_form": "accuse",
    "third_person_singular": "accuses",
    "past_tense": "accused",
    "past_participle": "accused",
    "present_participle": "accusing"
  },
  "definitions": [
    {
      "pos": "verb",
      "explanation_en": "To charge someone with a crime or wrongdoing, typically in a formal or legal context, asserting that they are responsible for an offense.",
      "explanation_cn": "在正式或法律语境中，指控某人犯有罪行或不当行为，断言其应对某一过失负责。",
      "example_en": "The former CEO was accused of embezzling company funds.",
      "example_cn": "这位前首席执行官被指控挪用公司资金。"
    },
    {
      "pos": "verb",
      "explanation_en": "To blame or hold someone responsible for a fault, mistake, or undesirable outcome, even if not legally formalized.",
      "explanation_cn": "指责或认为某人应对某一错误、过失或不良后果负责，即使未进入正式法律程序。",
      "example_en": "She accused him of neglecting his responsibilities as a father.",
      "example_cn": "她指责他忽视了作为父亲的责任。"
    },
    {
      "pos": "adjective",
      "explanation_en": "Describing a person who has been formally charged with a crime or offense but has not yet been convicted.",
      "explanation_cn": "指已被正式指控犯有罪行或违法行为，但尚未被定罪的人。",
      "example_en": "The accused appeared in court wearing a suit and looking calm.",
      "example_cn": "被指控者身穿西装出庭，神情平静。"
    }
  ],
  "comparison": [
    {
      "word_to_compare": "charged",
      "analysis": "“Charged” (被起诉) 是法律术语，特指由官方（如检察官）正式提出刑事指控，具有明确的法律程序含义。而 “accused” 可用于非正式场合，泛指任何指责行为，不一定经过法律程序。"
    },
    {
      "word_to_compare": "blamed",
      "analysis": "“Blamed” (归咎于) 更强调主观上将责任归于某人，常用于日常语境，语气较轻，不一定涉及严重过失或法律后果。而 “accused” 通常暗示更严重的指控，可能涉及道德或法律上的严重责任。"
    },
    {
      "word_to_compare": "alleged",
      "analysis": "“Alleged” (所谓的/被声称的) 强调指控尚未被证实，常用于修饰名词（如 alleged criminal），表达中立或谨慎态度。而 “accused” 可作动词或形容词，直接指涉被指控者本人，语气更具体、更指向个人。"
    }
  ]
}