{
  "word": "accumulated",
  "pronunciation": "uh·kum·yuh·ley·tuhd",
  "concise_definition": "adj. 累积的, 积累的; v. 累积（accumulate 的过去分词和过去式）",
  "forms": {
    "base_form": "accumulate",
    "third_person_singular": "accumulates",
    "past_tense": "accumulated",
    "past_participle": "accumulated",
    "present_participle": "accumulating"
  },
  "definitions": [
    {
      "pos": "adjective",
      "explanation_en": "Describing something that has been gathered or collected over time, often in increasing amounts, resulting in a large total.",
      "explanation_cn": "指某物在一段时间内逐渐聚集或收集而成，通常数量不断增加，最终形成较大的总量。",
      "example_en": "The accumulated debt of the company reached $50 million.",
      "example_cn": "该公司的累积债务达到了五千万美元。"
    },
    {
      "pos": "verb",
      "explanation_en": "To gather or collect something gradually over time, especially in increasing quantities or amounts.",
      "explanation_cn": "指在一段时间内逐渐聚集或收集某物，尤指数量或金额不断增加。",
      "example_en": "Over the years, she accumulated a vast collection of rare books.",
      "example_cn": "多年来，她积累了一大批珍贵的藏书。"
    },
    {
      "pos": "verb",
      "explanation_en": "To increase gradually by successive additions, often referring to abstract concepts like wealth, knowledge, or responsibility.",
      "explanation_cn": "指通过连续的添加而逐渐增加，常用于财富、知识或责任等抽象概念。",
      "example_en": "His experience accumulated with each project he completed.",
      "example_cn": "他通过完成每一个项目，经验不断积累。"
    }
  ],
  "comparison": [
    {
      "word_to_compare": "gather",
      "analysis": "“Gather”（收集）强调将分散的物品或信息集中起来，动作通常较短促、有目的性，不一定涉及时间积累。而 “accumulate” 更强调随着时间推移、持续不断地增加，常带有量变到质变的意味。"
    },
    {
      "word_to_compare": "amass",
      "analysis": "“Amass”（大量聚集）与 “accumulate” 意义相近，但语气更强，常用于财富、权力或军队等具有显著规模或影响力的积累，带有更强烈的主观意图或野心色彩。而 “accumulate” 更中性，可用于日常或客观语境。"
    },
    {
      "word_to_compare": "build up",
      "analysis": "“Build up”（逐步建立）强调通过持续努力或逐步添加而形成某种结构或状态，常用于抽象事物如信任、实力或耐力。它更侧重过程的主动性，而 “accumulate” 更侧重结果的被动叠加，不强调努力过程。"
    }
  ]
}