{
  "word": "acer",
  "pronunciation": "ay·ser",
  "concise_definition": "n. 枫树",
  "forms": {
    "plural": "acers"
  },
  "definitions": [
    {
      "pos": "noun",
      "explanation_en": "A genus of deciduous trees and shrubs known for their distinctive palmate leaves and winged seeds, commonly found in temperate regions and valued for their ornamental beauty and timber.",
      "explanation_cn": "一种落叶乔木或灌木的属，以其掌状复叶和具翅的种子为特征，广泛分布于温带地区，因其观赏价值和木材而备受重视。",
      "example_en": "The maple tree, or acer, turns brilliant red in autumn, making it a favorite in landscape design.",
      "example_cn": "枫树（即 Acer）在秋季会变成鲜艳的红色，因此成为园林设计中的热门选择。"
    }
  ],
  "comparison": [
    {
      "word_to_compare": "maple",
      "analysis": "“Maple” 是 “acer” 的常用俗名，特指枫树属中最具代表性的几种树种（如糖枫、红枫）。而 “acer” 是植物学上的正式属名，涵盖超过 120 种枫树及其近缘种。因此，“acer” 是科学术语，而 “maple” 是日常用语。"
    },
    {
      "word_to_compare": "oak",
      "analysis": "“Oak”（橡树）属于 Quercus 属，与 Acer 属在植物分类上完全不同。橡树以坚硬的木材和橡果为特征，多为常绿或半常绿，而 Acer 多为落叶，叶片呈掌状，秋季色彩鲜艳。两者在形态、生态和用途上均有显著差异。"
    },
    {
      "word_to_compare": "birch",
      "analysis": "“Birch”（桦树）属于 Betula 属，树皮常呈白色或银灰色并剥落，叶片为单叶、边缘有锯齿，与 Acer 的掌状复叶明显不同。虽然两者都是温带观赏树种，但 Acer 更强调秋季叶色变化，而 Birch 更突出树皮的视觉美感。"
    }
  ]
}