{
  "word": "aces",
  "pronunciation": "ey·siz",
  "concise_definition": "n. 艾斯（扑克牌中的A）, 顶尖人物, 优秀者, 发球得分",
  "forms": {
    "singular": "ace"
  },
  "definitions": [
    {
      "pos": "noun",
      "explanation_en": "The highest-ranking card in a suit in playing cards, typically marked with a single symbol (e.g., ♠️) and often considered lucky or powerful.",
      "explanation_cn": "扑克牌中花色中点数最高的牌，通常用一个符号（如♠️）表示，常被视为幸运或强大的牌。",
      "example_en": "He drew an ace of spades and immediately won the hand.",
      "example_cn": "他抽到了一张黑桃A，立刻赢了这一局。"
    },
    {
      "pos": "noun",
      "explanation_en": "A person who is exceptionally skilled or outstanding in a particular field, often used informally to praise excellence.",
      "explanation_cn": "指在某一领域中极为出色或卓越的人，常用于非正式场合赞美某人的高超能力。",
      "example_en": "She's an ace pilot—she can land any plane under any conditions.",
      "example_cn": "她是个顶尖飞行员——任何条件下她都能安全着陆。"
    },
    {
      "pos": "noun",
      "explanation_en": "In tennis or volleyball, a serve that the opponent fails to touch, resulting in an immediate point.",
      "explanation_cn": "在网球或排球中，发球后对方未能触到球，从而直接得分。",
      "example_en": "He hit three aces in the first set and took an early lead.",
      "example_cn": "他在第一盘发出了三个ACE球，取得了领先优势。"
    }
  ],
  "comparison": [
    {
      "word_to_compare": "expert",
      "analysis": "“Expert”（专家）强调通过系统学习或长期实践获得的专业知识和技能，是客观的资质认定；而 “ace” 更侧重于在具体表现中展现出的卓越、惊艳或压倒性能力，带有更强的主观赞誉和口语色彩。"
    },
    {
      "word_to_compare": "champion",
      "analysis": "“Champion”（冠军）通常指在正式竞赛中赢得最高荣誉的人，强调结果和头衔；而 “ace” 可用于未参赛但能力超群的人，更强调个人能力的顶尖水平，不一定与比赛结果挂钩。"
    },
    {
      "word_to_compare": "genius",
      "analysis": "“Genius”（天才）指具有非凡智力或创造力的个体，常带有与生俱来的天赋意味；而 “ace” 更多用于描述在特定技能或任务中表现极为出色的人，不必然涉及智力或创造力，更贴近实际表现。"
    }
  ]
}