{
  "word": "aches",
  "pronunciation": "āks",
  "concise_definition": "n. 疼痛, 酸痛; v. (ache 的第三人称单数形式) 痛, 酸痛",
  "forms": {
    "singular": "ache",
    "base_form": "ache",
    "past_tense": "ached",
    "past_participle": "ached",
    "present_participle": "aching"
  },
  "definitions": [
    {
      "pos": "noun",
      "explanation_en": "A continuous, dull, often persistent pain, typically felt in a specific part of the body, such as the head, back, or muscles.",
      "explanation_cn": "一种持续、钝痛且常常持久的疼痛，通常出现在身体的特定部位，如头部、背部或肌肉。",
      "example_en": "She woke up with a terrible ache in her lower back after sleeping in an awkward position.",
      "example_cn": "她因睡姿不当，醒来时腰部剧烈酸痛。"
    },
    {
      "pos": "noun",
      "explanation_en": "A deep emotional longing or yearning, often used metaphorically to describe a strong desire or sense of loss.",
      "explanation_cn": "一种深切的情感渴望或思念，常用于隐喻，形容强烈的愿望或失落感。",
      "example_en": "He felt an ache for the days when they were all together again.",
      "example_cn": "他心中涌起对那段大家团聚时光的深深怀念。"
    },
    {
      "pos": "verb",
      "explanation_en": "To experience a continuous, dull pain in a part of the body.",
      "explanation_cn": "指身体某部位持续感到钝痛。",
      "example_en": "His knees ache whenever it rains.",
      "example_cn": "每当下雨，他的膝盖就会疼。"
    }
  ],
  "comparison": [
    {
      "word_to_compare": "pain",
      "analysis": "“Pain” (疼痛) 是一个更广泛、更通用的词，涵盖从锐痛到钝痛的所有类型，可指急性或慢性、生理或心理的痛苦。而 “ache” 特指持续、缓慢、钝性的疼痛，通常不剧烈但持久，语义范围更窄、更具体。"
    },
    {
      "word_to_compare": "throb",
      "analysis": "“Throb” (搏动性疼痛) 描述的是有节奏、跳动式的疼痛，常伴随心跳或血管搏动，如偏头痛或受伤后的脉动痛。而 “ache” 是持续性的钝痛，没有明显的节律性，更偏向于沉重、弥漫的感觉。"
    },
    {
      "word_to_compare": "sore",
      "analysis": "“Sore” (酸痛) 常用于描述因过度使用、运动或摩擦引起的局部肌肉或组织的触痛，强调触碰时的敏感性。而 “ache” 更侧重于自发的、非触碰性的持续不适感，范围更广，可包括内脏或情绪上的疼痛。"
    }
  ]
}