{
  "word": "aching",
  "pronunciation": "ay·ching",
  "concise_definition": "adj. 疼痛的, 痛苦的; v. (ache 的现在分词) 痛苦, 疼痛",
  "forms": {
    "base_form": "ache",
    "third_person_singular": "aches",
    "past_tense": "ached",
    "past_participle": "ached",
    "present_participle": "aching"
  },
  "definitions": [
    {
      "pos": "adjective",
      "explanation_en": "Feeling or characterized by persistent, dull, or continuous pain, often emotional or physical, that is not sharp but deeply felt.",
      "explanation_cn": "感到或表现出持续、钝重或长期的疼痛，常指身体或情感上一种不尖锐但深刻持久的痛感。",
      "example_en": "She had an aching back after hours of standing at the counter.",
      "example_cn": "她在柜台站了几个小时后，背部隐隐作痛。"
    },
    {
      "pos": "adjective",
      "explanation_en": "Expressing a deep, longing desire or emotional yearning, often tinged with sadness or nostalgia.",
      "explanation_cn": "表达一种深切的渴望或情感上的向往，常带有悲伤或怀旧的情绪。",
      "example_en": "He gave her an aching look, remembering the days they had lost.",
      "example_cn": "他望着她，眼神中充满哀伤，回忆起他们失去的时光。"
    },
    {
      "pos": "verb",
      "explanation_en": "To experience a continuous, dull, or throbbing pain, typically in a part of the body.",
      "explanation_cn": "指身体某部位持续感到钝痛或搏动性疼痛。",
      "example_en": "My knees ache when it rains.",
      "example_cn": "一下雨，我的膝盖就疼。"
    }
  ],
  "comparison": [
    {
      "word_to_compare": "painful",
      "analysis": "“Painful” (疼痛的) 是一个更通用的形容词，泛指任何程度的疼痛，包括锐痛、剧痛或不适。而 “aching” 特指一种持续、缓慢、钝重的痛感，更强调疼痛的性质而非强度。"
    },
    {
      "word_to_compare": "throbbing",
      "analysis": "“Throbbing” (搏动性疼痛的) 描述的是有节奏、跳动般的疼痛，常与脉搏同步，多用于描述炎症或受伤部位。而 “aching” 更偏向于一种静态的、弥漫性的不适，没有明显的节律性。"
    },
    {
      "word_to_compare": "yearning",
      "analysis": "“Yearning” (渴望) 是一个名词或动词，专指强烈的情感渴望，常用于抽象层面。而 “aching” 作为形容词时，可修饰情感，如 “aching heart”，它通过身体疼痛的隐喻来表达情感上的痛苦，更具象、更富感染力。"
    }
  ]
}