{
  "word": "achieve",
  "pronunciation": "uh·cheev",
  "concise_definition": "v. 实现, 达成, 获得",
  "forms": {
    "third_person_singular": "achieves",
    "past_tense": "achieved",
    "past_participle": "achieved",
    "present_participle": "achieving"
  },
  "definitions": [
    {
      "pos": "verb",
      "explanation_en": "To successfully bring about or attain a goal, result, or desired outcome through effort, skill, or determination.",
      "explanation_cn": "指通过努力、技能或决心成功实现某个目标、结果或期望的成果。",
      "example_en": "She achieved her dream of becoming a professional dancer after years of rigorous training.",
      "example_cn": "经过多年的严格训练，她实现了成为专业舞者的梦想。"
    },
    {
      "pos": "verb",
      "explanation_en": "To accomplish something significant or challenging, often against obstacles or expectations.",
      "explanation_cn": "指完成某项重要或具有挑战性的事情，通常是在克服障碍或违背预期的情况下。",
      "example_en": "The team achieved a historic victory by winning the championship despite being underdogs.",
      "example_cn": "尽管是弱旅，这支队伍仍赢得了冠军，创造了历史性的胜利。"
    }
  ],
  "comparison": [
    {
      "word_to_compare": "attain",
      "analysis": "“Attain” (获得) 与 “achieve” 非常接近，常用于正式语境，强调通过持续努力达到一个较高或抽象的目标（如成就、地位、年龄）。它更侧重于“抵达终点”，而 “achieve” 更强调“完成过程”并带有成就感。"
    },
    {
      "word_to_compare": "accomplish",
      "analysis": "“Accomplish” (完成) 通常指完成一项具体任务或计划，强调的是“执行完毕”而非“突破性成果”。它更中性，不必然包含重大意义或难度。而 “achieve” 常用于具有里程碑意义或需要克服困难的目标。"
    },
    {
      "word_to_compare": "realize",
      "analysis": "“Realize” (实现/意识到) 可以指将想法或计划变为现实，但更常用于“意识到”某种事实或可能性。当用于“实现目标”时，它带有更多主观或心理层面的意味，如“终于明白如何做到”，而 “achieve” 更客观、结果导向。"
    }
  ]
}