{
  "word": "achieving",
  "pronunciation": "uh·chee·uh·ving",
  "concise_definition": "v. 实现, 达成, 获得",
  "forms": {
    "base_form": "achieve",
    "third_person_singular": "achieves",
    "past_tense": "achieved",
    "past_participle": "achieved",
    "present_participle": "achieving"
  },
  "definitions": [
    {
      "pos": "verb",
      "explanation_en": "To successfully bring about or attain a goal, result, or desired outcome through effort, skill, or determination.",
      "explanation_cn": "指通过努力、技能或决心成功实现某个目标、结果或期望的成果。",
      "example_en": "She is achieving her dream of becoming a professional musician.",
      "example_cn": "她正在实现成为职业音乐家的梦想。"
    },
    {
      "pos": "verb",
      "explanation_en": "To accomplish something significant or challenging, often after a long period of hard work or persistence.",
      "explanation_cn": "指在长期努力或坚持之后完成某项重要或具有挑战性的成就。",
      "example_en": "The team achieved a historic victory by winning the championship after 30 years.",
      "example_cn": "这支队伍经过三十年的努力，终于赢得了冠军，创造了历史性的胜利。"
    },
    {
      "pos": "verb",
      "explanation_en": "To reach a particular level of performance, standard, or condition, especially in academic, professional, or personal contexts.",
      "explanation_cn": "指在学术、职业或个人情境中达到某种特定的水平、标准或状态。",
      "example_en": "He achieved a high score on the standardized test.",
      "example_cn": "他在标准化考试中取得了高分。"
    }
  ],
  "comparison": [
    {
      "word_to_compare": "attain",
      "analysis": "“Attain” (获得/达成) 与 “achieve” 非常接近，常用于正式语境，强调通过努力达到一个抽象或高级的目标（如权力、地位、知识）。它更侧重于“抵达终点”，而 “achieve” 更强调过程中的成功与成果的实现，适用范围更广，包括具体任务和抽象目标。"
    },
    {
      "word_to_compare": "accomplish",
      "analysis": "“Accomplish” (完成) 强调完成一项具体的任务或计划，通常带有明确的步骤和可衡量的结果。它更侧重于“执行完毕”，而 “achieve” 更强调结果的价值或意义，常用于具有里程碑意义的成就。例如：accomplish a task（完成任务），achieve a dream（实现梦想）。"
    },
    {
      "word_to_compare": "realize",
      "analysis": "“Realize” (实现/意识到) 有两个主要含义：一是指将想法或计划变为现实（与 achieve 近义），二是指“意识到”某种事实。当用于“实现”时，它更偏向于主观愿望的成真，常带有情感色彩；而 “achieve” 更中性、更强调客观努力的结果。例如：realize a vision（实现愿景） vs. achieve a target（达成目标）。"
    }
  ]
}