{
  "word": "achilles",
  "pronunciation": "uh·kil·eez",
  "concise_definition": "n. 阿喀琉斯（希腊神话英雄）；致命弱点",
  "forms": {
    "plural": "achilleses"
  },
  "definitions": [
    {
      "pos": "noun",
      "explanation_en": "In Greek mythology, Achilles was a hero of the Trojan War, known for his strength and courage, but vulnerable only at his heel, which led to his death when struck there.",
      "explanation_cn": "在希腊神话中，阿喀琉斯是特洛伊战争中的英雄，以力量和勇气著称，但唯独脚踵是其唯一弱点，最终因被射中脚踵而身亡。",
      "example_en": "According to legend, Achilles' mother dipped him in the River Styx to make him invulnerable, but held him by the heel, leaving it unprotected.",
      "example_cn": "据传说，阿喀琉斯的母亲曾将他浸入冥河斯提克斯水中以使其刀枪不入，但因手持其脚踵，导致该处未被浸润而成为致命弱点。"
    },
    {
      "pos": "noun",
      "explanation_en": "A metaphorical term for a person's only vulnerable point or critical weakness, despite overall strength or success.",
      "explanation_cn": "比喻某人或某事物表面上强大无懈可击，却存在一个关键性的致命弱点。",
      "example_en": "For the tech giant, its reliance on a single supplier is its Achilles' heel.",
      "example_cn": "对于这家科技巨头而言，其对单一供应商的依赖就是它的致命弱点。"
    }
  ],
  "comparison": [
    {
      "word_to_compare": "weakness",
      "analysis": "“Weakness”（弱点）是通用词，泛指任何不足或缺陷，可应用于身体、性格、系统等各个方面，语义中性且广泛。而 “Achilles’ heel” 是一个文化典故引申的隐喻，特指“唯一致命的弱点”，带有强烈的故事性和戏剧性，强调‘看似完美却因一点疏漏而崩溃’的反差。"
    },
    {
      "word_to_compare": "vulnerability",
      "analysis": "“Vulnerability”（脆弱性）是学术或技术语境中常用的术语，指易受攻击或伤害的状态，常用于网络安全、心理学或军事领域，强调客观状态而非故事性。而 “Achilles’ heel” 更具文学色彩，常用于日常表达和媒体评论中，带有叙事性和情感冲击力。"
    },
    {
      "word_to_compare": "flaw",
      "analysis": "“Flaw”（缺陷）通常指某物内在的瑕疵或不完美，可能是结构性的、道德性的或设计上的，不一定导致毁灭性后果。而 “Achilles’ heel” 特指会导致彻底失败或毁灭的唯一关键缺陷，其后果是灾难性的，语义强度远高于 “flaw”。"
    }
  ]
}