{
  "word": "achievements",
  "pronunciation": "uh·chee·uhv·muhnts",
  "concise_definition": "n. 成就, 功绩, 达成的目标",
  "forms": {
    "singular": "achievement"
  },
  "definitions": [
    {
      "pos": "noun",
      "explanation_en": "A thing done successfully, typically by effort, courage, or skill, that is considered noteworthy or significant.",
      "explanation_cn": "指通过努力、勇气或技能成功完成的、值得称道或具有重要意义的事情。",
      "example_en": "Winning the Nobel Prize was the greatest achievement of her scientific career.",
      "example_cn": "获得诺贝尔奖是她科学生涯中最伟大的成就。"
    },
    {
      "pos": "noun",
      "explanation_en": "A measurable result or milestone reached in a particular field, such as education, sports, or professional life.",
      "explanation_cn": "指在某一领域（如教育、体育或职业）中达成的可衡量的成果或里程碑。",
      "example_en": "His academic achievements include three published papers and a university medal.",
      "example_cn": "他的学术成就包括三篇发表的论文和一枚大学奖章。"
    },
    {
      "pos": "noun",
      "explanation_en": "An accomplishment that reflects personal growth, overcoming challenges, or fulfilling a long-term goal.",
      "explanation_cn": "指反映个人成长、克服挑战或实现长期目标的成就。",
      "example_en": "Learning to speak five languages is a remarkable personal achievement.",
      "example_cn": "学会五种语言是一项了不起的个人成就。"
    }
  ],
  "comparison": [
    {
      "word_to_compare": "success",
      "analysis": "“Success” (成功) 是一个更宽泛的术语，指达到预期目标或获得良好结果的状态，可以是瞬间的、短暂的，也可以是整体性的。而 “achievement” 更强调通过努力完成的具体、可识别的成果，通常带有里程碑性质。"
    },
    {
      "word_to_compare": "accomplishment",
      "analysis": "“Accomplishment” 与 “achievement” 几乎可以互换，但 “accomplishment” 更常用于描述日常或个人层面的完成事项（如完成一项任务），语气较温和；而 “achievement” 更常用于正式语境，强调重大、值得骄傲的成果，带有更强的荣誉感。"
    },
    {
      "word_to_compare": "award",
      "analysis": "“Award” (奖项) 是外部授予的荣誉或奖品，是成就的外在认可形式，但本身不是成就。例如，获得金牌是成就，而金牌本身是奖项。一个成就可能带来多个奖项，但并非所有奖项都代表真正的成就。"
    }
  ]
}