{
  "word": "achievable",
  "pronunciation": "uhk·chee·uh·vuhb",
  "concise_definition": "adj. 可实现的, 可达成的, 可完成的",
  "forms": {
    "comparative": "more achievable",
    "superlative": "most achievable"
  },
  "definitions": [
    {
      "pos": "adjective",
      "explanation_en": "Capable of being accomplished or attained through effort, skill, or available resources; realistic and within reach.",
      "explanation_cn": "指通过努力、技能或现有资源能够完成或实现的；现实可行且在能力范围之内。",
      "example_en": "Setting achievable goals is essential for long-term motivation and success.",
      "example_cn": "设定可实现的目标对于长期的动力和成功至关重要。"
    },
    {
      "pos": "adjective",
      "explanation_en": "Describing a target, outcome, or task that is not overly ambitious or unrealistic, making it likely to be completed successfully.",
      "explanation_cn": "形容某个目标、结果或任务不过于雄心勃勃或不切实际，因而有较大可能成功完成。",
      "example_en": "The project’s timeline was adjusted to ensure all milestones were achievable.",
      "example_cn": "项目的时间表已调整，以确保所有里程碑都是可实现的。"
    }
  ],
  "comparison": [
    {
      "word_to_compare": "possible",
      "analysis": "“Possible”（可能的）指在逻辑或理论上可以发生，但不一定需要现实条件支持，范围更广；而 “achievable” 强调在现实约束（如时间、资源、能力）下实际可以达成，更具实践性。例如：‘It’s possible to fly to Mars’（理论上可能），但‘It’s achievable to finish this report by Friday’（现实可行）。"
    },
    {
      "word_to_compare": "attainable",
      "analysis": "“Attainable” 与 “achievable” 几乎同义，常可互换，但 “attainable” 更正式，多用于书面语或学术语境，强调通过持续努力最终获得某物（尤指抽象目标，如成就、地位）；而 “achievable” 更口语化，侧重任务或目标的可操作性和现实性。"
    },
    {
      "word_to_compare": "feasible",
      "analysis": "“Feasible”（可行的）侧重于技术、经济或操作上的可行性，常用于项目评估或规划中，强调方法或方案是否“能行得通”；而 “achievable” 更关注结果是否“能达成”，更偏向目标导向。例如：‘The plan is feasible’（方案技术上可行），‘The goal is achievable’（目标能实现）。"
    }
  ]
}