{
  "word": "achieved",
  "pronunciation": "uh·chee·vd",
  "concise_definition": "v. 实现, 完成, 获得, 达成",
  "forms": {
    "base_form": "achieve",
    "third_person_singular": "achieves",
    "past_tense": "achieved",
    "past_participle": "achieved",
    "present_participle": "achieving"
  },
  "definitions": [
    {
      "pos": "verb",
      "explanation_en": "To successfully bring about or attain a goal, result, or desired outcome through effort, skill, or determination.",
      "explanation_cn": "指通过努力、技能或决心成功实现某个目标、结果或期望的成果。",
      "example_en": "She achieved her dream of becoming a professional dancer after years of rigorous training.",
      "example_cn": "经过多年的严格训练，她实现了成为专业舞者的梦想。"
    },
    {
      "pos": "verb",
      "explanation_en": "To reach a high level of success, recognition, or accomplishment in a particular field or endeavor.",
      "explanation_cn": "指在某一领域或事业中取得显著的成功、声誉或成就。",
      "example_en": "He achieved widespread acclaim for his groundbreaking research in quantum physics.",
      "example_cn": "他因在量子物理领域的开创性研究而获得了广泛赞誉。"
    },
    {
      "pos": "verb",
      "explanation_en": "To accomplish something that was previously difficult, uncertain, or considered out of reach.",
      "explanation_cn": "指完成一件原本困难、不确定或被认为难以企及的事情。",
      "example_en": "The team achieved what many thought was impossible: landing a rover on Mars.",
      "example_cn": "这个团队完成了许多人认为不可能的事：将探测器成功登陆火星。"
    }
  ],
  "comparison": [
    {
      "word_to_compare": "attain",
      "analysis": "“Attain” (获得/达成) 与 “achieve” 非常接近，常用于正式语境，强调通过持续努力达到一个抽象或高级的目标（如地位、水平、理想）。但 “attain” 更侧重于“抵达终点”，而 “achieve” 更强调“过程中的成功”和“克服障碍”。"
    },
    {
      "word_to_compare": "accomplish",
      "analysis": "“Accomplish” (完成) 通常指完成一项具体任务或计划，强调“执行完毕”和“结果达成”，常用于日常或工作场景。而 “achieve” 更常用于描述具有重大意义、需要长期努力或象征性价值的成就，语义更庄重。"
    },
    {
      "word_to_compare": "realize",
      "analysis": "“Realize” (实现/意识到) 有两个含义：一是指将想法或计划变为现实（与 achieve 近义），二是指“意识到”某种事实。当用于“实现”时，它更侧重于主观愿望的成真，带有心理层面的满足感；而 “achieve” 更客观，强调外在成果的取得。"
    }
  ]
}