{
  "word": "achievement",
  "pronunciation": "uh·chee·vuh·muhnt",
  "concise_definition": "n. 成就, 功绩, 完成",
  "forms": {
    "plural": "achievements"
  },
  "definitions": [
    {
      "pos": "noun",
      "explanation_en": "A thing done successfully, especially by effort, courage, or skill; a notable accomplishment that demonstrates competence or progress.",
      "explanation_cn": "指通过努力、勇气或技能成功完成的事情；一种体现能力或进步的显著成就。",
      "example_en": "Graduating from university with honors was one of her greatest achievements.",
      "example_cn": "以优异成绩从大学毕业是她最大的成就之一。"
    },
    {
      "pos": "noun",
      "explanation_en": "The process or result of reaching a goal or fulfilling a purpose, often after sustained effort or overcoming challenges.",
      "explanation_cn": "指经过持续努力或克服挑战后达成目标或实现目的的过程或结果。",
      "example_en": "The construction of the bridge was a major engineering achievement.",
      "example_cn": "这座桥梁的建造是一项重大的工程成就。"
    }
  ],
  "comparison": [
    {
      "word_to_compare": "accomplishment",
      "analysis": "“Accomplishment”（完成）与 “achievement” 非常接近，常可互换，但 “accomplishment” 更强调任务或目标的完成过程，无论其难度或社会认可度；而 “achievement” 更常用于指具有重要意义、需要克服困难或体现卓越能力的成果，带有更强的荣誉感和正式性。"
    },
    {
      "word_to_compare": "success",
      "analysis": "“Success”（成功）是一个更宽泛的词，泛指达到期望的结果或目标，可以是短暂的、偶然的或非个人的（如一场演出成功）；而 “achievement” 更强调个人或团队通过努力获得的具体、可衡量的成果，通常与长期投入和技能相关。"
    },
    {
      "word_to_compare": "feat",
      "analysis": "“Feat”（壮举）通常指一项非凡、惊人或需要极大勇气或力量的行为，常带有传奇色彩（如登山登顶、拯救生命）；而 “achievement” 更广泛，涵盖从学业、职业到个人成长等日常但重要的成果，语气相对更平实和正式。"
    }
  ]
}