{
  "word": "achieves",
  "pronunciation": "uh·cheevz",
  "concise_definition": "v. 实现, 达成, 获得",
  "forms": {
    "base_form": "achieve",
    "third_person_singular": "achieves",
    "past_tense": "achieved",
    "past_participle": "achieved",
    "present_participle": "achieving"
  },
  "definitions": [
    {
      "pos": "verb",
      "explanation_en": "To successfully bring about a desired result, goal, or outcome through effort, skill, or determination.",
      "explanation_cn": "指通过努力、技能或决心成功实现期望的结果、目标或成就。",
      "example_en": "She achieved her dream of becoming a doctor after years of hard work.",
      "example_cn": "经过多年的努力，她实现了成为医生的梦想。"
    },
    {
      "pos": "verb",
      "explanation_en": "To attain or gain something valuable, especially through personal effort or merit, such as recognition, status, or a milestone.",
      "explanation_cn": "指通过个人努力或功绩获得某种有价值的事物，如认可、地位或重要里程碑。",
      "example_en": "He achieved widespread acclaim for his groundbreaking research.",
      "example_cn": "他因开创性的研究获得了广泛赞誉。"
    }
  ],
  "comparison": [
    {
      "word_to_compare": "attain",
      "analysis": "“Attain” (获得) 与 “achieve” 非常接近，常用于正式语境，强调通过持续努力达到一个较高或较难的目标，尤其适用于抽象目标（如权力、知识）。而 “achieve” 更广泛，可用于具体成果（如成绩、项目）和抽象目标，语气更常见于日常表达。"
    },
    {
      "word_to_compare": "accomplish",
      "analysis": "“Accomplish” (完成) 强调完成一项具体任务或计划，通常指按预定步骤完成某事，带有“圆满结束”的意味。而 “achieve” 更侧重于结果的达成，尤其是那些需要克服困难或长期奋斗的目标。"
    },
    {
      "word_to_compare": "obtain",
      "analysis": "“Obtain” (获得) 侧重于通过请求、购买或获取手段得到某物，不强调过程中的努力或成就，常用于物质或可获取的物品（如文件、许可）。而 “achieve” 强调的是通过能力、毅力实现的成果，具有更强的主动性与成就感。"
    }
  ]
}