{
  "word": "acidity",
  "pronunciation": "uh·sid·uh·tee",
  "concise_definition": "n. 酸性, 酸度, 酸味",
  "forms": {
    "plural": "acidities"
  },
  "definitions": [
    {
      "pos": "noun",
      "explanation_en": "The quality or state of being acidic, measured by the concentration of hydrogen ions in a substance; often expressed on the pH scale.",
      "explanation_cn": "指物质呈酸性的性质或状态，通常通过氢离子浓度来衡量，常用 pH 值表示。",
      "example_en": "The acidity of lemon juice makes it effective for cleaning kitchen surfaces.",
      "example_cn": "柠檬汁的酸性使其成为清洁厨房表面的有效材料。"
    },
    {
      "pos": "noun",
      "explanation_en": "A sharp, sour taste caused by the presence of acid, commonly found in foods and beverages.",
      "explanation_cn": "由酸性物质引起的尖锐、酸涩的口感，常见于食物和饮料中。",
      "example_en": "The wine had a pleasant acidity that balanced its sweetness.",
      "example_cn": "这款葡萄酒具有令人愉悦的酸度，平衡了其甜味。"
    },
    {
      "pos": "noun",
      "explanation_en": "A condition of excessive acid in the body, especially in the stomach, often causing discomfort or heartburn.",
      "explanation_cn": "指体内（尤其是胃中）酸过多的状态，常引起不适或胃灼热。",
      "example_en": "His diet high in spicy foods increased his acidity and led to frequent indigestion.",
      "example_cn": "他饮食中辛辣食物过多，导致胃酸过多，频繁出现消化不良。"
    }
  ],
  "comparison": [
    {
      "word_to_compare": "acidity",
      "analysis": "“Acidity” 专指酸性程度或酸的性质，是化学或生理学中的专业术语，强调可测量的酸度水平。而 “sourness”（酸味）更侧重于感官体验，是味觉上的主观感受，不一定与化学酸度完全对应。"
    },
    {
      "word_to_compare": "pH",
      "analysis": "“pH” 是衡量酸碱度的数值标度，是一个具体的量化指标（如 pH=3），而 “acidity” 是描述该指标所代表的性质或状态的抽象名词。可以说 pH 是测量 acidity 的工具，但 acidity 本身不是数字。"
    },
    {
      "word_to_compare": "corrosiveness",
      "analysis": "“Corrosiveness”（腐蚀性）指物质破坏其他材料（如金属、组织）的能力，虽然强酸通常具有腐蚀性，但并非所有酸性物质都具有强腐蚀性（如醋）。因此，acidity 是化学属性，corrosiveness 是物理/化学作用结果，二者相关但不等同。"
    }
  ]
}