{
  "word": "acid",
  "pronunciation": "as·id",
  "concise_definition": "n. 酸, 酸性物质; adj. 酸的, 尖刻的",
  "forms": {
    "plural": "acids"
  },
  "definitions": [
    {
      "pos": "noun",
      "explanation_en": "A chemical substance that typically has a sour taste, turns blue litmus paper red, and reacts with bases to form salts; characterized by a pH less than 7.",
      "explanation_cn": "一种化学物质，通常味道酸涩，能使蓝色石蕊试纸变红，并与碱反应生成盐；其pH值小于7。",
      "example_en": "Sulfuric acid is a highly corrosive substance used in industrial manufacturing.",
      "example_cn": "硫酸是一种具有强腐蚀性的物质，常用于工业制造。"
    },
    {
      "pos": "noun",
      "explanation_en": "A substance with a sharp, biting, or sarcastic quality, often used metaphorically to describe speech or tone.",
      "explanation_cn": "比喻性地指言语或语气尖锐、刻薄、讽刺的特质。",
      "example_en": "Her review was filled with acid criticism that left the author devastated.",
      "example_cn": "她的评论充满了尖刻的批评，让作者深受打击。"
    },
    {
      "pos": "adjective",
      "explanation_en": "Having a sharp, sour, or bitter taste or quality; often used to describe flavor or tone.",
      "explanation_cn": "具有尖锐、酸涩或苦味的特性；常用于描述味道或语气。",
      "example_en": "The lemonade had an acid tang that made her lips pucker.",
      "example_cn": "柠檬水有一股酸涩的滋味，让她嘴唇都皱了起来。"
    }
  ],
  "comparison": [
    {
      "word_to_compare": "sour",
      "analysis": "“Sour”（酸的）主要描述味觉上的酸味，常用于食物或饮料，如酸奶或柠檬，语气较温和，不具化学或比喻的攻击性。而 “acid” 不仅可指化学意义上的酸，还可用于形容语言或态度的尖锐刻薄，语义范围更广、更具批判性。"
    },
    {
      "word_to_compare": "corrosive",
      "analysis": "“Corrosive”（腐蚀性的）强调物质对材料或组织的破坏性化学作用，常用于描述物理或化学损害，如腐蚀金属。而 “acid” 是造成这种腐蚀的物质本身，是名词性主体，而 “corrosive” 是形容词性描述，侧重效果而非本质。"
    },
    {
      "word_to_compare": "bitter",
      "analysis": "“Bitter”（苦的）主要描述味觉或情感上的苦涩，如苦药或怨恨的情绪，与酸味不同。虽然两者都可形容负面语气，但 “bitter” 更强调长期积怨或痛苦，而 “acid” 更强调瞬间的尖锐与讽刺，更具攻击性和锋利感。"
    }
  ]
}