{
  "word": "acidic",
  "pronunciation": "uh·sid·ik",
  "concise_definition": "adj. 酸性的, 酸味的, 尖刻的",
  "forms": {
    "comparative": "more acidic",
    "superlative": "most acidic"
  },
  "definitions": [
    {
      "pos": "adjective",
      "explanation_en": "Having the properties of an acid; having a pH less than 7, tasting sour, and capable of turning blue litmus paper red.",
      "explanation_cn": "具有酸的特性；pH值低于7，味道酸涩，能使蓝色石蕊试纸变红。",
      "example_en": "Lemon juice is highly acidic and can erode tooth enamel over time.",
      "example_cn": "柠檬汁酸性很强，长期接触会腐蚀牙釉质。"
    },
    {
      "pos": "adjective",
      "explanation_en": "Characterized by a sharp, bitter, or harsh tone, often used to describe speech or behavior that is critical or sarcastic.",
      "explanation_cn": "形容语气尖锐、刻薄或刺耳，常用于描述具有批评性或讽刺性的言辞或行为。",
      "example_en": "Her acidic remarks during the meeting made everyone uncomfortable.",
      "example_cn": "她在会议中的尖酸言辞让所有人都感到不舒服。"
    },
    {
      "pos": "adjective",
      "explanation_en": "Relating to or containing acid, especially in a chemical or environmental context, such as acid rain or acidic soil.",
      "explanation_cn": "与酸相关或含有酸，尤其在化学或环境语境中，如酸雨或酸性土壤。",
      "example_en": "Acidic soil can prevent certain plants from absorbing essential nutrients.",
      "example_cn": "酸性土壤会阻碍某些植物吸收必需的营养物质。"
    }
  ],
  "comparison": [
    {
      "word_to_compare": "sour",
      "analysis": "“Sour”（酸的）主要描述味觉上的酸味，常用于食物或饮料，如酸奶或柠檬。它更偏向感官体验，不涉及化学性质。而 “acidic” 是科学术语，强调pH值和化学特性，适用范围更广，包括环境、工业和医学领域。"
    },
    {
      "word_to_compare": "corrosive",
      "analysis": "“Corrosive”（腐蚀性的）强调物质对金属、组织或材料的破坏性化学作用，是 “acidic” 的一种可能后果，但并非所有酸性物质都具有强腐蚀性。例如，醋是酸性的，但不具强腐蚀性；而浓硫酸既是酸性的，也是腐蚀性的。"
    },
    {
      "word_to_compare": "bitter",
      "analysis": "“Bitter”（苦的）描述的是另一种基本味觉，与酸味不同，常用于咖啡、苦瓜或讽刺性语言。虽然两者都可形容言辞尖锐，但 “bitter” 更强调怨恨或情感上的苦涩，而 “acidic” 更强调语言的锋利和攻击性，带有冷嘲热讽的意味。"
    }
  ]
}