{
  "word": "acknowledgment",
  "pronunciation": "uhk·nuh·lij·muhnt",
  "concise_definition": "n. 承认, 确认, 感谢",
  "forms": {
    "plural": "acknowledgments"
  },
  "definitions": [
    {
      "pos": "noun",
      "explanation_en": "The act of recognizing or accepting the existence, truth, or validity of something, often in a formal or public context.",
      "explanation_cn": "指正式或公开地承认某事物的存在、真实性或有效性。",
      "example_en": "The court issued an acknowledgment of the defendant's guilt.",
      "example_cn": "法院承认了被告的罪行。"
    },
    {
      "pos": "noun",
      "explanation_en": "A statement or gesture that expresses gratitude for someone's help, contribution, or presence.",
      "explanation_cn": "指通过言语或行为表达对他人帮助、贡献或在场的感谢。",
      "example_en": "She included an acknowledgment of her mentor's support in the preface of her book.",
      "example_cn": "她在书的前言中感谢了导师的支持。"
    },
    {
      "pos": "noun",
      "explanation_en": "The act of receiving and confirming receipt of something, such as a message, document, or payment.",
      "explanation_cn": "指接收并确认收到某物，如信息、文件或付款。",
      "example_en": "The sender requested an acknowledgment of receipt for the package.",
      "example_cn": "寄件人要求收到包裹后提供收据确认。"
    }
  ],
  "comparison": [
    {
      "word_to_compare": "admission",
      "analysis": "“Admission”（承认）通常带有被动或被迫的意味，常用于承认错误、罪责或不利事实，语义上更沉重；而 “acknowledgment” 更中性，可仅表示认知或确认，不必然包含责任或悔意。"
    },
    {
      "word_to_compare": "recognition",
      "analysis": "“Recognition”（认可）强调对价值、成就或身份的赏识与重视，常用于社会、学术或专业语境；而 “acknowledgment” 更侧重于对事实、存在或行为的确认，不一定包含赞赏。"
    },
    {
      "word_to_compare": "thanks",
      "analysis": "“Thanks”（感谢）是表达感激的直接用语，通常用于日常口语；而 “acknowledgment” 作为感谢的表达时，更正式、书面化，常用于学术著作、致谢部分，强调的是‘提及’而非‘情感表达’。"
    }
  ]
}