{
  "word": "acknowledged",
  "pronunciation": "ak·nol·ijd",
  "concise_definition": "adj. 已承认的, 已确认的, 已认可的",
  "forms": {
    "base_form": "acknowledge",
    "present_participle": "acknowledging",
    "past_tense": "acknowledged",
    "past_participle": "acknowledged"
  },
  "definitions": [
    {
      "pos": "adjective",
      "explanation_en": "Recognized or accepted as true, valid, or real; officially confirmed or admitted.",
      "explanation_cn": "被认定为真实、有效或实际存在的；已被正式确认或承认的。",
      "example_en": "The company has acknowledged receipt of your application.",
      "example_cn": "公司已确认收到您的申请。"
    },
    {
      "pos": "adjective",
      "explanation_en": "Expressing recognition of someone's presence, action, or contribution, often with gratitude or respect.",
      "explanation_cn": "表达对某人存在、行为或贡献的认可，常带有感激或尊重之意。",
      "example_en": "She gave an acknowledged nod to the audience after her performance.",
      "example_cn": "她在演出后向观众致以一个被认可的点头。"
    },
    {
      "pos": "adjective",
      "explanation_en": "Widely recognized or accepted as legitimate or authoritative in a particular context.",
      "explanation_cn": "在特定语境中被广泛认可为合法或权威的。",
      "example_en": "He is an acknowledged expert in quantum computing.",
      "example_cn": "他是量子计算领域公认的专家。"
    }
  ],
  "comparison": [
    {
      "word_to_compare": "recognized",
      "analysis": "“Recognized” (被承认的) 更侧重于被公众、机构或权威系统正式承认或接纳，常用于身份、资格或成就的官方确认。而 “acknowledged” 更强调主观或人际层面的承认，可能不具官方效力，但表示态度上的接受。"
    },
    {
      "word_to_compare": "admitted",
      "analysis": "“Admitted” (被承认的) 常带有被迫或 reluctantly 的意味，尤其用于承认错误、事实或责任，常含负面或尴尬语境。而 “acknowledged” 更中性，可表示礼貌、尊重或客观确认，不一定涉及错误或妥协。"
    },
    {
      "word_to_compare": "accepted",
      "analysis": "“Accepted” (被接受的) 强调对某事物的认同或容忍，可能不涉及明确的声明，而只是行为或态度上的默认。而 “acknowledged” 通常包含明确的表达或动作，如书面回复、口头确认等，更具主动性。"
    }
  ]
}