{
  "word": "acknowledging",
  "pronunciation": "uhk·naw·lij·ing",
  "concise_definition": "v. 承认, 认可, 感谢",
  "forms": {
    "base_form": "acknowledge",
    "third_person_singular": "acknowledges",
    "past_tense": "acknowledged",
    "past_participle": "acknowledged",
    "present_participle": "acknowledging"
  },
  "definitions": [
    {
      "pos": "verb",
      "explanation_en": "To recognize or admit the existence, truth, or validity of something, often in response to evidence, a claim, or a situation.",
      "explanation_cn": "指承认某事物的存在、真实性或有效性，通常是对证据、主张或某种情况的回应。",
      "example_en": "The company is acknowledging the impact of climate change on its supply chain.",
      "example_cn": "该公司正在承认气候变化对其供应链的影响。"
    },
    {
      "pos": "verb",
      "explanation_en": "To express gratitude or appreciation for someone’s contribution, effort, or presence, often publicly or formally.",
      "explanation_cn": "指公开或正式地表达对某人贡献、努力或在场的感激之情。",
      "example_en": "She acknowledged her team’s hard work in the annual report.",
      "example_cn": "她在年度报告中感谢了团队的辛勤工作。"
    },
    {
      "pos": "verb",
      "explanation_en": "To respond to a greeting, signal, or communication, often with a nod, wave, or verbal reply, to indicate awareness.",
      "explanation_cn": "指对问候、信号或沟通做出回应，通常以点头、挥手或口头答复来表明已注意到。",
      "example_en": "He acknowledged the stranger’s wave with a polite smile.",
      "example_cn": "他以礼貌的微笑回应了陌生人的挥手。"
    }
  ],
  "comparison": [
    {
      "word_to_compare": "admit",
      "analysis": "“Admit” (承认) 通常带有被迫或不情愿的意味，常用于承认错误、罪责或不利事实，情感色彩较负面。而 “acknowledge” 更中性，可表示客观接受事实，不一定涉及责任或悔意。"
    },
    {
      "word_to_compare": "recognize",
      "analysis": "“Recognize” (认出/认可) 强调通过认知或理解来确认某事物的身份、价值或地位，常用于正式场合（如承认主权、资格）。而 “acknowledge” 更侧重于对外部信息或行为的回应，包含互动性，如致谢或回应问候。"
    },
    {
      "word_to_compare": "thank",
      "analysis": "“Thank” (感谢) 是一种直接表达感激的言语行为，通常仅用于正面情感的传达。而 “acknowledge” 的感谢含义更宽泛，可包含非语言的致意（如点头）或对贡献的正式提及，不一定包含强烈的情感色彩。"
    }
  ]
}