{
  "word": "acknowledges",
  "pronunciation": "ak·näj·ləjz",
  "concise_definition": "v. 承认, 认可, 致谢",
  "forms": {
    "base_form": "acknowledge",
    "third_person_singular": "acknowledges",
    "past_tense": "acknowledged",
    "past_participle": "acknowledged",
    "present_participle": "acknowledging"
  },
  "definitions": [
    {
      "pos": "verb",
      "explanation_en": "To recognize or admit the existence, truth, or validity of something, often in response to evidence or a claim.",
      "explanation_cn": "指承认某事物的存在、真实性或有效性，通常是对证据或主张的回应。",
      "example_en": "The company acknowledges that there were errors in its financial reporting.",
      "example_cn": "该公司承认其财务报告中存在错误。"
    },
    {
      "pos": "verb",
      "explanation_en": "To express gratitude or appreciation for someone's contribution, effort, or presence.",
      "explanation_cn": "指对某人的贡献、努力或在场表示感谢或赞赏。",
      "example_en": "She acknowledged her team's hard work in the project's success.",
      "example_cn": "她感谢团队在项目成功中的辛勤付出。"
    },
    {
      "pos": "verb",
      "explanation_en": "To respond to a greeting, signal, or communication, often with a gesture or word, to show awareness.",
      "explanation_cn": "指以手势或言语回应问候、信号或交流，以表明自己已注意到。",
      "example_en": "He acknowledged the crowd with a wave as he stepped onto the stage.",
      "example_cn": "他走上舞台时向观众挥手致意。"
    }
  ],
  "comparison": [
    {
      "word_to_compare": "admits",
      "analysis": "“Admits” (承认) 通常带有被动或被迫的意味，常用于承认错误、罪责或不利事实，语义上更严肃甚至带有负罪感。而 “acknowledges” 更中性，可仅表示客观认知，不必然包含责任或悔意。"
    },
    {
      "word_to_compare": "recognizes",
      "analysis": "“Recognizes” (认出/认可) 强调通过认知或判断确认某事物的身份、价值或地位，常用于制度性或正式场合（如承认主权、资格）。而 “acknowledges” 更侧重于对事实、行为或存在做出回应，语义范围更广，也更口语化。"
    },
    {
      "word_to_compare": "thanks",
      "analysis": "“Thanks” (感谢) 是直接表达感激之情，是情感的外显。而 “acknowledges” 在表示致谢时，更强调‘注意到’或‘提及’对方的贡献，可能不包含强烈情感，仅是礼貌性确认。例如：‘We acknowledge your support’ 不等于 ‘We thank you’，前者更正式、更克制。"
    }
  ]
}