{
  "word": "acknowledgement",
  "pronunciation": "uhk·naw·lij·muhnt",
  "concise_definition": "n. 承认, 确认, 感谢, 致谢",
  "forms": {
    "plural": "acknowledgements"
  },
  "definitions": [
    {
      "pos": "noun",
      "explanation_en": "The act of recognizing or accepting the existence, truth, or validity of something, often in a formal or public context.",
      "explanation_cn": "指承认或接受某事物的存在、真实性或有效性，常用于正式或公开场合。",
      "example_en": "The court issued an acknowledgement of the defendant's guilt.",
      "example_cn": "法院承认了被告的罪行。"
    },
    {
      "pos": "noun",
      "explanation_en": "A statement or gesture expressing gratitude for help, support, or contribution, especially in published works or formal communications.",
      "explanation_cn": "指在出版作品或正式交流中，为他人提供的帮助、支持或贡献而表达的感谢之意。",
      "example_en": "The author included an acknowledgement section to thank her mentors and funding agencies.",
      "example_cn": "作者在书中加入了致谢部分，以感谢她的导师和资助机构。"
    },
    {
      "pos": "noun",
      "explanation_en": "The act of receiving and confirming receipt of a message, document, or item, often with a signed or written confirmation.",
      "explanation_cn": "指接收并确认收到某条信息、文件或物品，通常通过签字或书面确认完成。",
      "example_en": "Please send an acknowledgement once you have received the contract.",
      "example_cn": "收到合同后请发送一份确认回执。"
    }
  ],
  "comparison": [
    {
      "word_to_compare": "recognition",
      "analysis": "“Recognition” (认可) 更侧重于对成就、身份或价值的公开承认与赞赏，常带有情感或荣誉色彩，如‘获得奖项的认可’。而 ‘acknowledgement’ 更中性，强调对事实、存在或接收行为的确认，不一定包含赞美。"
    },
    {
      "word_to_compare": "confirmation",
      "analysis": "“Confirmation” (确认) 通常指通过证据或正式程序验证某事的真实性或准确性，如‘身份确认’。它更强调逻辑或程序上的核实。而 ‘acknowledgement’ 可以仅是表示‘已收到’或‘已知悉’，无需验证内容真伪。"
    },
    {
      "word_to_compare": "thanks",
      "analysis": "“Thanks” (感谢) 是一种直接表达感激之情的用语，情感色彩强烈且口语化。而 ‘acknowledgement’ 在表达感谢时更正式、更含蓄，常用于书面语境，如学术著作或官方信函，其重点在于‘提及贡献’而非‘强烈感恩’。"
    }
  ]
}