{
  "word": "acknowledge",
  "pronunciation": "ak·naw·lij",
  "concise_definition": "v. 承认, 意识到, 感谢, 回应",
  "forms": {
    "third_person_singular": "acknowledges",
    "past_tense": "acknowledged",
    "past_participle": "acknowledged",
    "present_participle": "acknowledging"
  },
  "definitions": [
    {
      "pos": "verb",
      "explanation_en": "To admit or recognize the existence, truth, or validity of something, often reluctantly or after hesitation.",
      "explanation_cn": "指承认某事物的存在、真实性或有效性，通常带有勉强或犹豫的成分。",
      "example_en": "He finally acknowledged that he had made a mistake.",
      "example_cn": "他最终承认自己犯了一个错误。"
    },
    {
      "pos": "verb",
      "explanation_en": "To show recognition or appreciation of someone’s presence, action, or contribution, often through a gesture or response.",
      "explanation_cn": "指通过某种姿态或回应来表示对某人存在、行为或贡献的认可与感谢。",
      "example_en": "The speaker acknowledged the audience’s applause with a bow.",
      "example_cn": "演讲者向观众的掌声鞠躬致意。"
    },
    {
      "pos": "verb",
      "explanation_en": "To respond to a message, request, or communication, indicating that it has been received and understood.",
      "explanation_cn": "指对信息、请求或沟通做出回应，表明已收到并理解其内容。",
      "example_en": "Please acknowledge receipt of this email by replying.",
      "example_cn": "请通过回复确认收到此邮件。"
    }
  ],
  "comparison": [
    {
      "word_to_compare": "admit",
      "analysis": "“Admit” (承认) 通常带有负面或被迫的含义，常用于承认错误、罪责或不利事实，情感色彩更强烈。而 “acknowledge” 更中性，可仅表示客观认知，不一定涉及责任或悔意。"
    },
    {
      "word_to_compare": "recognize",
      "analysis": "“Recognize” (认出/认可) 更侧重于通过认知或判断确认某事物的身份、价值或地位，常用于正式场合（如承认国家、资格）。而 “acknowledge” 更强调对信息或行为的回应，范围更广，包括社交礼仪和沟通反馈。"
    },
    {
      "word_to_compare": "accept",
      "analysis": "“Accept” (接受) 指不仅认识到某事，还愿意认同、容纳或采取行动配合，隐含了态度上的转变。而 “acknowledge” 仅停留在认知或回应层面，不必然意味着认同或采纳。"
    }
  ]
}