{
  "word": "acl",
  "pronunciation": "ā·sē·el",
  "concise_definition": "n. 前交叉韧带（医学术语）",
  "forms": {
    "plural": "acl's"
  },
  "definitions": [
    {
      "pos": "noun",
      "explanation_en": "The anterior cruciate ligament, a key ligament in the human knee that connects the femur to the tibia and provides stability by preventing excessive forward movement of the tibia relative to the femur.",
      "explanation_cn": "人体膝关节中一条关键的韧带，连接股骨与胫骨，通过防止胫骨相对于股骨过度前移来提供关节稳定性。",
      "example_en": "She suffered an ACL tear during the soccer match and required surgery.",
      "example_cn": "她在足球比赛中前交叉韧带撕裂，需要接受手术。"
    }
  ],
  "comparison": [
    {
      "word_to_compare": "meniscus",
      "analysis": "“Meniscus”（半月板）是膝关节内的软骨结构，主要起缓冲和分散压力的作用，而 “ACL” 是韧带，主要功能是限制关节的异常运动。两者都易在运动中受伤，但解剖结构和生理功能不同。"
    },
    {
      "word_to_compare": "ligament",
      "analysis": "“Ligament”（韧带）是泛指连接骨骼与骨骼的结缔组织，而 “ACL” 是特指前交叉韧带，是韧带的一种具体类型。因此，ACL 是 ligament 的子类，具有更精确的医学含义。"
    },
    {
      "word_to_compare": "tendon",
      "analysis": "“Tendon”（肌腱）连接肌肉与骨骼，负责传递肌肉收缩产生的力量；而 “ACL” 连接的是两块骨骼，不涉及肌肉动力传递。两者虽同为结缔组织，但功能和附着点完全不同。"
    }
  ]
}