{
  "word": "aclu",
  "pronunciation": "ay·kloo",
  "concise_definition": "n. 美国民权自由联盟",
  "forms": {
    "full_name": "American Civil Liberties Union"
  },
  "definitions": [
    {
      "pos": "noun",
      "explanation_en": "A non-profit, non-partisan organization in the United States dedicated to defending and preserving the individual rights and liberties guaranteed by the U.S. Constitution and laws, including freedom of speech, religion, privacy, and equal protection under the law.",
      "explanation_cn": "美国一个非营利、非党派的组织，致力于捍卫和维护美国宪法和法律所保障的个人权利与自由，包括言论自由、宗教自由、隐私权以及法律下的平等保护。",
      "example_en": "The ACLU filed a lawsuit against the government for violating citizens' right to privacy.",
      "example_cn": "美国公民自由联盟就政府侵犯公民隐私权一事提起了诉讼。"
    }
  ],
  "comparison": [
    {
      "word_to_compare": "human_rights_org",
      "analysis": "“Human rights organization”（人权组织）是一个泛称，指任何致力于保护人权的团体，可能在国际、国家或地方层面运作，关注范围广泛，包括经济、社会、文化权利等。而 “ACLU” 是一个具体、美国专属的组织，其法律行动和宪法依据具有鲜明的美国司法体系特色，范围更聚焦于公民自由（civil liberties）而非广义人权。"
    },
    {
      "word_to_compare": "amnesty_international",
      "analysis": "“Amnesty International”（大赦国际）是一个全球性的人权组织，主要关注政治犯、酷刑、死刑和言论压制等议题，其工作方式包括调查、报告和公众倡导。而 ACLU 主要通过美国法院系统提起诉讼、游说立法和公众教育来实现目标，其影响力集中于美国国内法律框架内。"
    },
    {
      "word_to_compare": "civil_rights_group",
      "analysis": "“Civil rights group”（民权团体）通常指历史上为争取种族平等、投票权等而斗争的组织，如 NAACP（全国有色人种协进会）。虽然 ACLU 也参与民权案件，但其使命更广泛，涵盖所有宪法赋予的公民自由，不限于种族议题，且更依赖法律诉讼而非社会运动。"
    }
  ]
}