{
  "word": "acne",
  "pronunciation": "ak·ne",
  "concise_definition": "n. 痤疮, 青春痘",
  "forms": {
    "plural": "acnes"
  },
  "definitions": [
    {
      "pos": "noun",
      "explanation_en": "A common skin condition characterized by the inflammation of sebaceous glands, leading to the formation of pimples, blackheads, and sometimes cysts, typically occurring during adolescence but can affect adults as well.",
      "explanation_cn": "一种常见的皮肤状况，表现为皮脂腺发炎，导致粉刺、黑头，有时还会形成囊肿，通常发生在青春期，但也可能影响成年人。",
      "example_en": "She has been using a gentle cleanser to manage her acne.",
      "example_cn": "她一直在使用温和的洁面产品来控制自己的痤疮。"
    },
    {
      "pos": "noun",
      "explanation_en": "A medical term referring specifically to the chronic inflammatory disorder of the pilosebaceous units, often triggered by hormonal changes, excess oil production, or bacterial infection.",
      "explanation_cn": "医学术语，特指毛囊皮脂腺单位的慢性炎症性疾病，常由荷尔蒙变化、皮脂分泌过多或细菌感染引发。",
      "example_en": "Dermatologists often prescribe retinoids to treat moderate to severe acne.",
      "example_cn": "皮肤科医生常开具维甲酸类药物来治疗中重度痤疮。"
    }
  ],
  "comparison": [
    {
      "word_to_compare": "pimple",
      "analysis": "“Pimple”（丘疹）是痤疮的一种具体表现形式，通常指单个的小型、发红、有脓头的皮肤突起。而 “acne” 是一个总称，涵盖多种症状，包括粉刺、黑头、结节和囊肿。因此，pimple 是 acne 的子集，但 acne 不等于 pimple。"
    },
    {
      "word_to_compare": "blemish",
      "analysis": "“Blemish”（瑕疵）是一个更宽泛的术语，泛指皮肤上的任何不完美，如痘印、色斑、疤痕或轻微红肿。它不一定是炎症性的，也不一定由皮脂腺问题引起。而 “acne” 是一种特定的病理状态，具有明确的生理机制。"
    },
    {
      "word_to_compare": "blackhead",
      "analysis": "“Blackhead”（黑头）是痤疮的一种非炎症性表现，由毛囊口被油脂和角质堵塞后氧化变黑形成。它是 acne 的组成部分之一，但单独出现时并不构成完整的 acne 疾病。acne 包含黑头，但黑头不能代表全部 acne。"
    }
  ]
}