{
  "word": "acorn",
  "pronunciation": "ay·korn",
  "concise_definition": "n. 橡果, 橡实",
  "forms": {
    "plural": "acorns"
  },
  "definitions": [
    {
      "pos": "noun",
      "explanation_en": "The nut of an oak tree, typically enclosed in a cup-like structure called a cupule, and containing a single seed that can grow into a new oak tree.",
      "explanation_cn": "橡树的果实，通常包裹在一个称为壳斗的杯状结构中，内含一颗种子，可萌发长成新的橡树。",
      "example_en": "Squirrels gather acorns in the fall to store for winter food.",
      "example_cn": "松鼠在秋季收集橡果，作为冬季的食物储备。"
    },
    {
      "pos": "noun",
      "explanation_en": "A symbol of potential and growth, often used metaphorically to represent something small that has the capacity to become something large and strong over time.",
      "explanation_cn": "常被用作潜力与成长的象征，隐喻指看似微小的事物，却具备在未来成长为强大事物的潜能。",
      "example_en": "Every great leader was once an acorn—small, unassuming, but full of hidden potential.",
      "example_cn": "每一位伟大的领袖都曾是一颗橡果——渺小而低调，却蕴藏着无限潜能。"
    }
  ],
  "comparison": [
    {
      "word_to_compare": "nut",
      "analysis": "“Nut”（坚果）是一个广义词，泛指各种硬壳包裹的种子，如核桃、杏仁、榛子等。而 “acorn” 是特指橡树的果实，具有独特的杯状壳斗结构，属于坚果的一种，但具有植物学上的专指性。"
    },
    {
      "word_to_compare": "seed",
      "analysis": "“Seed”（种子）是植物繁殖的基本单位，泛指所有植物的繁殖体。而 “acorn” 是一种具体的、完整的果实，包含种子和保护性外壳（壳斗），因此它比 “seed” 更复杂、更具体，是种子的载体而非种子本身。"
    },
    {
      "word_to_compare": "chestnut",
      "analysis": "“Chestnut”（栗子）是另一种常见的可食用坚果，来自栗树，外壳有尖刺，通常多个种子包裹在一个球形外壳中。与 “acorn” 相比，栗子更大、味道更甜，且壳斗结构不同（刺状 vs. 杯状），在文化和饮食中也常被区别对待。"
    }
  ]
}