{
  "word": "acoustic",
  "pronunciation": "uh·kus·tik",
  "concise_definition": "adj. 听觉的, 声学的, 不插电的",
  "forms": {
    "comparative": "acoustic",
    "superlative": "acoustic"
  },
  "definitions": [
    {
      "pos": "adjective",
      "explanation_en": "Relating to the sense of hearing or to sound, especially in the context of physics or engineering, involving the properties and transmission of sound waves.",
      "explanation_cn": "与听觉或声音相关，尤其在物理或工程语境中，涉及声波的特性与传播。",
      "example_en": "The room was designed with acoustic panels to reduce echo.",
      "example_cn": "这个房间配备了吸音板，以减少回声。"
    },
    {
      "pos": "adjective",
      "explanation_en": "Produced or amplified without electronic means, especially referring to musical instruments that rely on natural resonance.",
      "explanation_cn": "指不使用电子设备而产生的声音，尤指依靠自然共鸣的乐器演奏。",
      "example_en": "She performed a beautiful acoustic version of the pop song.",
      "example_cn": "她用不插电的方式演绎了这首流行歌曲，非常动听。"
    },
    {
      "pos": "adjective",
      "explanation_en": "Of or relating to the science of sound, known as acoustics, which studies how sound is produced, transmitted, and received.",
      "explanation_cn": "与声学（研究声音的产生、传播与接收的科学）相关的。",
      "example_en": "The auditorium's acoustic design earned it international acclaim.",
      "example_cn": "这个礼堂的声学设计使其赢得了国际赞誉。"
    }
  ],
  "comparison": [
    {
      "word_to_compare": "auditory",
      "analysis": "“Auditory”（听觉的）专指与听觉感官直接相关的，强调生理或神经层面的听觉感知，如 auditory cortex（听觉皮层）。而 “acoustic” 更侧重于声音本身的物理属性或技术应用，范围更广，可涵盖设备、环境和乐器。"
    },
    {
      "word_to_compare": "electronic",
      "analysis": "“Electronic”（电子的）指依赖电力或电子设备运作的系统，与 “acoustic” 形成直接对比。例如，electronic guitar 使用拾音器放大声音，而 acoustic guitar 依靠琴身共鸣发声。两者常用于区分音乐风格或设备类型。"
    },
    {
      "word_to_compare": "sonic",
      "analysis": "“Sonic”（声波的）是更技术性的术语，泛指任何频率的声音，包括人耳听不见的超声波和次声波。而 “acoustic” 通常默认指人耳可听范围内的声音，且更常用于日常语境或艺术表达中。"
    }
  ]
}