{
  "word": "acquire",
  "pronunciation": "uh·kwahyhr",
  "concise_definition": "v. 获得, 取得, 学得, 收购",
  "forms": {
    "third_person_singular": "acquires",
    "past_tense": "acquired",
    "past_participle": "acquired",
    "present_participle": "acquiring"
  },
  "definitions": [
    {
      "pos": "verb",
      "explanation_en": "To gain possession or control of something, often through effort, purchase, or deliberate action, especially when it is not easily obtained.",
      "explanation_cn": "指通过努力、购买或有意识的行为获得某物的占有权或控制权，尤其当该物不易取得时。",
      "example_en": "She acquired a rare first edition of the novel after years of searching.",
      "example_cn": "经过多年的寻找，她终于获得了一本稀有的小说初版。"
    },
    {
      "pos": "verb",
      "explanation_en": "To learn or develop a skill, habit, or quality over time through experience or practice.",
      "explanation_cn": "指通过经验或练习逐渐习得某种技能、习惯或品质。",
      "example_en": "He acquired fluency in Spanish during his time living in Mexico.",
      "example_cn": "他在墨西哥生活期间掌握了流利的西班牙语。"
    },
    {
      "pos": "verb",
      "explanation_en": "To take over or purchase a company, asset, or business entity, typically in a formal or commercial context.",
      "explanation_cn": "指在正式或商业背景下接管或购买一家公司、资产或商业实体。",
      "example_en": "The tech giant acquired a startup specializing in artificial intelligence.",
      "example_cn": "这家科技巨头收购了一家专注于人工智能的初创公司。"
    }
  ],
  "comparison": [
    {
      "word_to_compare": "obtain",
      "analysis": "“Obtain” (获得) 强调成功得到某物，常用于较正式语境，但不强调获得的过程或方式，可能通过请求、运气或简单获取。而 “acquire” 更强调通过主动努力、策略或长期过程获得，尤其适用于技能、资产或复杂事物。"
    },
    {
      "word_to_compare": "gain",
      "analysis": "“Gain” (获得) 通常指获得某种抽象或有益的东西，如优势、信任、体重等，语气较中性，常用于结果导向的语境。而 “acquire” 更侧重于“占有”或“拥有”的过程，常用于具体物品、技能或企业并购，语义范围更广、更正式。"
    },
    {
      "word_to_compare": "buy",
      "analysis": "“Buy” (购买) 仅指用金钱交换商品或服务，是 “acquire” 的一种具体方式。而 “acquire” 的含义更广泛，可包括非金钱方式的获得，如学习技能、继承财产或并购公司。因此，“buy” 是 “acquire” 的子集。"
    }
  ]
}