{
  "word": "acquaintance",
  "pronunciation": "uh·kweyn·tuhns",
  "concise_definition": "n. 相识,  acquaintance, 朋友（泛泛之交）",
  "forms": {
    "plural": "acquaintances"
  },
  "definitions": [
    {
      "pos": "noun",
      "explanation_en": "A person one knows slightly, but who is not a close friend; a relationship based on casual or superficial interaction rather than deep personal connection.",
      "explanation_cn": "指与自己有一定了解但并非亲密朋友的人；这种关系建立在表面或随意的交往基础上，而非深厚的情感联系。",
      "example_en": "I met her at the conference; we're just acquaintances.",
      "example_cn": "我在会议上认识了她；我们只是泛泛之交。"
    },
    {
      "pos": "noun",
      "explanation_en": "The state of being familiar with someone or something through experience or exposure, without deep knowledge or intimacy.",
      "explanation_cn": "指通过经历或接触而对某人或某事物有所了解的状态，但并未达到深入了解或亲密的程度。",
      "example_en": "He has only a passing acquaintance with French literature.",
      "example_cn": "他对法国文学只有粗浅的了解。"
    }
  ],
  "comparison": [
    {
      "word_to_compare": "friend",
      "analysis": "“Friend”（朋友）指建立在信任、情感支持和共同经历基础上的亲密关系，通常有较深的互动和情感投入。而 “acquaintance” 仅表示认识，交往浅薄，缺乏情感纽带。"
    },
    {
      "word_to_compare": "colleague",
      "analysis": "“Colleague”（同事）特指在同一工作环境或组织中共同工作的人，关系基于职业角色，可能很熟络也可能很疏远。而 “acquaintance” 不限于工作场合，泛指任何非亲密的熟人，范围更广。"
    },
    {
      "word_to_compare": "contact",
      "analysis": "“Contact”（联系人）更强调信息或沟通的渠道，常用于商务或实用语境，如电话联系人。它不涉及任何情感或社交层面，仅表示可联络的对象。而 “acquaintance” 隐含一定的社交互动，尽管程度较浅。"
    }
  ]
}