{
  "word": "acquainted",
  "pronunciation": "uh·kweyn·tuhd",
  "concise_definition": "adj. 熟悉的, 了解的",
  "forms": {
    "base_form": "acquaint",
    "comparative": "more acquainted",
    "superlative": "most acquainted"
  },
  "definitions": [
    {
      "pos": "adjective",
      "explanation_en": "Having knowledge or familiarity with someone or something through experience or exposure, often implying a moderate or practical level of understanding rather than deep expertise.",
      "explanation_cn": "通过经验或接触而对某人或某事物有所了解或熟悉，通常指具备一定程度的实践性认知，而非深入的专业知识。",
      "example_en": "She is acquainted with the basic principles of quantum physics.",
      "example_cn": "她对量子物理学的基本原理有所了解。"
    },
    {
      "pos": "adjective",
      "explanation_en": "Used in the phrase 'be acquainted with' to indicate awareness or recognition of a situation, person, or concept, often in a formal or cautious context.",
      "explanation_cn": "常用于短语 'be acquainted with'，表示对某种情况、人物或概念有所知晓或认知，多用于正式或谨慎的语境中。",
      "example_en": "I am acquainted with the terms of the contract, though I haven't signed it yet.",
      "example_cn": "我了解这份合同的条款，尽管我尚未签署。"
    }
  ],
  "comparison": [
    {
      "word_to_compare": "familiar",
      "analysis": "“Familiar”（熟悉的）强调因经常接触而产生的自然认知，语气更口语化、更广泛，可用于日常事物（如熟悉一首歌、一个地方）。“Acquainted” 更正式，常用于描述对抽象概念、制度或人物的有限了解，隐含一种谨慎或非深入的关系。"
    },
    {
      "word_to_compare": "knowledgeable",
      "analysis": "“Knowledgeable”（有知识的）表示拥有系统、深入或专业的知识，程度远高于 “acquainted”。一个人可以 “acquainted with” 某主题，但只有经过学习或研究后才能被称为 “knowledgeable about” 它。"
    },
    {
      "word_to_compare": "aware",
      "analysis": "“Aware”（意识到）侧重于对某事的存在或发生有基本认知，不一定包含理解或经验。例如：He is aware of the rule（他知道有这条规则），但未必能解释它。而 “acquainted” 暗示了某种程度的接触或体验，认知更深一层。"
    }
  ]
}