{
  "word": "acquisition",
  "pronunciation": "ak·kwih·zish·uhn",
  "concise_definition": "n. 获得, 采购, 收购, 掌握",
  "forms": {
    "plural": "acquisitions"
  },
  "definitions": [
    {
      "pos": "noun",
      "explanation_en": "The act of obtaining or gaining possession of something, such as a skill, knowledge, or object, often through effort or learning.",
      "explanation_cn": "指通过努力或学习获得某物（如技能、知识或物品）的行为或过程。",
      "example_en": "The acquisition of fluent French took her five years of dedicated study.",
      "example_cn": "掌握流利的法语花了她五年时间的刻苦学习。"
    },
    {
      "pos": "noun",
      "explanation_en": "The act of purchasing or taking control of a company or asset by another entity, typically in a business context.",
      "explanation_cn": "指一个实体（通常是企业）通过购买或接管来获得另一家公司或资产的行为，常见于商业语境。",
      "example_en": "The tech giant's acquisition of the startup sparked widespread media attention.",
      "example_cn": "这家科技巨头对这家初创公司的收购引发了广泛关注。"
    },
    {
      "pos": "noun",
      "explanation_en": "The process of absorbing or integrating something new into an existing system, such as cultural elements or data.",
      "explanation_cn": "指将新事物（如文化元素或数据）吸收或整合进现有系统的过程。",
      "example_en": "The museum's latest acquisition includes rare artifacts from ancient Mesopotamia.",
      "example_cn": "博物馆最新收购的藏品包括来自古代美索不达米亚的稀有文物。"
    }
  ],
  "comparison": [
    {
      "word_to_compare": "purchase",
      "analysis": "“Purchase”（购买）特指通过支付金钱获得物品或服务，强调交易行为本身，范围较窄。而 “acquisition” 更广泛，可涵盖非金钱方式的获得（如学习技能、合并公司），并常带有战略或长期整合的含义。"
    },
    {
      "word_to_compare": "obtain",
      "analysis": "“Obtain”（获得）是一个通用词，泛指任何方式的取得，语气中性，不隐含过程或目的。而 “acquisition” 更正式，常用于专业语境，强调获得的过程、策略性或结果的重要性，尤其在商业或学术领域。"
    },
    {
      "word_to_compare": "collection",
      "analysis": "“Collection”（收藏/集合）指一组已获得物品的总和，强调结果的累积性，如邮票收藏。而 “acquisition” 指的是获得单个物品或能力的“行为”或“事件”，更关注动作本身而非最终集合。"
    }
  ]
}