{
  "word": "acquaintances",
  "pronunciation": "uh·kweyn·tuhns",
  "concise_definition": "n. 相识的人, 朋友（非亲密）",
  "forms": {
    "singular": "acquaintance"
  },
  "definitions": [
    {
      "pos": "noun",
      "explanation_en": "A person one knows slightly, but who is not a close friend; someone with whom one has a superficial or casual relationship, often through work, social events, or shared environments.",
      "explanation_cn": "指与自己有一定了解但关系不亲密的人；通常仅通过工作、社交活动或共同环境相识，交往较为表面或随意。",
      "example_en": "I saw several acquaintances from college at the reunion, but we didn't have much to say to each other.",
      "example_cn": "我在同学聚会上见到了几位大学时的熟人，但我们之间没什么可聊的。"
    },
    {
      "pos": "noun",
      "explanation_en": "The state of being familiar with someone or something, often used in the phrase 'have an acquaintance with' to indicate limited knowledge or exposure.",
      "explanation_cn": "指对某人或某事物有一定了解的状态，常用于短语 'have an acquaintance with'，表示有限的了解或接触。",
      "example_en": "She has an acquaintance with French literature but hasn't read any novels in depth.",
      "example_cn": "她对法国文学有些了解，但并未深入阅读过任何小说。"
    }
  ],
  "comparison": [
    {
      "word_to_compare": "friends",
      "analysis": "“Friends”（朋友）指关系亲密、情感深厚、彼此信任并经常互动的人，包含情感支持和私人交流。而 “acquaintances” 仅表示认识，缺乏情感纽带和深度联系，属于社交圈中的浅层关系。"
    },
    {
      "word_to_compare": "colleagues",
      "analysis": "“Colleagues”（同事）特指在同一工作单位或职业环境中共同工作的人，关系基于职业角色。虽然同事可能是 acquaintance，但 acquaintance 不限于职场，可以是任何场合的泛泛之交。"
    },
    {
      "word_to_compare": "contacts",
      "analysis": "“Contacts”（联系人）更偏向功能性，常用于商务或社交网络中指可联系的人，强调信息交换或资源利用，不包含任何个人情感色彩。而 “acquaintances” 虽然也较浅，但隐含一定的个人认知和社交互动，比 “contacts” 更具人情味。"
    }
  ]
}