{
  "word": "acquisitions",
  "pronunciation": "ak·kwih·zish·uhnz",
  "concise_definition": "n. 收购, 购得物, 获得",
  "forms": {
    "singular": "acquisition"
  },
  "definitions": [
    {
      "pos": "noun",
      "explanation_en": "The act of acquiring or gaining possession of something, especially a company, asset, or property, often through purchase or merger.",
      "explanation_cn": "指获得或取得某物的行为，尤指通过购买或合并来获取公司、资产或财产。",
      "example_en": "The tech giant made a major acquisition of a startup specializing in artificial intelligence.",
      "example_cn": "这家科技巨头收购了一家专注于人工智能的初创公司。"
    },
    {
      "pos": "noun",
      "explanation_en": "Something that has been acquired, especially a valuable addition to a collection, skill set, or organization.",
      "explanation_cn": "指通过获得而新增的事物，尤指对收藏品、技能组合或组织而言的宝贵补充。",
      "example_en": "Her fluency in three languages is a valuable acquisition for the international team.",
      "example_cn": "她精通三种语言，这对国际团队来说是一项宝贵的收获。"
    },
    {
      "pos": "noun",
      "explanation_en": "In accounting and finance, the process of recording and valuing newly obtained assets on a company's balance sheet.",
      "explanation_cn": "在会计和金融领域，指对公司新获得资产进行记录和估值的过程。",
      "example_en": "The company's financial report detailed the acquisitions made during the fiscal year.",
      "example_cn": "该公司财务报告详细列出了本财年所进行的各项收购。"
    }
  ],
  "comparison": [
    {
      "word_to_compare": "purchase",
      "analysis": "“Purchase”（购买）强调交易行为本身，即用货币换取商品或服务，侧重于支付和所有权转移的瞬间动作。而 “acquisition” 范围更广，不仅包括购买，还可涵盖合并、赠与或长期积累，常用于企业战略语境，带有更宏观、系统性的含义。"
    },
    {
      "word_to_compare": "collection",
      "analysis": "“Collection”（收藏品/集合）指一组已拥有并有意识整理的物品，强调的是已有物品的聚集和分类，如艺术品收藏。而 “acquisition” 关注的是获得这一动作或结果，不一定是系统性整理，更强调从无到有的新增过程。"
    },
    {
      "word_to_compare": "attainment",
      "analysis": "“Attainment”（成就/获得）通常用于抽象概念，如知识、地位或目标的达成，带有强烈的个人努力和成就色彩。而 “acquisition” 更常用于具体事物（如公司、技能、资产）的获取，中性且偏重客观结果，不一定包含主观努力。"
    }
  ]
}