{
  "word": "acre",
  "pronunciation": "ey·kər",
  "concise_definition": "n. 英亩（面积单位）",
  "forms": {
    "plural": "acres"
  },
  "definitions": [
    {
      "pos": "noun",
      "explanation_en": "A unit of land area used primarily in the United States and the United Kingdom, equal to 43,560 square feet or approximately 4,047 square meters.",
      "explanation_cn": "主要用于美国和英国的土地面积单位，等于43,560平方英尺或约4,047平方米。",
      "example_en": "The farm spans 50 acres of fertile farmland.",
      "example_cn": "这个农场占地50英亩的肥沃农田。"
    },
    {
      "pos": "noun",
      "explanation_en": "A figurative or idiomatic reference to a piece of land, often implying a significant or valuable area, even if not literally measured in acres.",
      "explanation_cn": "比喻性或习语性地指一块土地，常暗示其面积广阔或价值重要，即使并非实际以英亩计量。",
      "example_en": "They turned their backyard into an acre of flowers and vegetables.",
      "example_cn": "他们把后院变成了种满花草蔬菜的‘一英亩’天地。"
    }
  ],
  "comparison": [
    {
      "word_to_compare": "hectare",
      "analysis": "“Hectare”（公顷）是国际单位制中的土地面积单位，等于10,000平方米，常用于欧洲和全球农业统计。1公顷约等于2.47英亩，因此“acre”是英制单位，而“hectare”是公制单位，两者在国际语境中常需换算。"
    },
    {
      "word_to_compare": "square_foot",
      "analysis": "“Square foot”（平方英尺）是更小的面积单位，常用于室内空间或建筑测量。1英亩等于43,560平方英尺，因此“acre”适用于描述大块土地，如农田、森林或地产，而“square foot”用于更精细的尺度。"
    },
    {
      "word_to_compare": "plot",
      "analysis": "“Plot”（地块）是一个非量化的通用词，指一块被划分或指定的土地，可能用于建筑、种植或墓地。它不指定具体面积，而“acre”是精确的计量单位。例如，一个“plot”可能只有1/10英亩，也可能更大。"
    }
  ]
}