{
  "word": "acres",
  "pronunciation": "ay·kruhz",
  "concise_definition": "n. 英亩（土地面积单位）",
  "forms": {
    "singular": "acre"
  },
  "definitions": [
    {
      "pos": "noun",
      "explanation_en": "A unit of land area used primarily in the United States and the United Kingdom, equal to 43,560 square feet or approximately 4,047 square meters.",
      "explanation_cn": "主要用于美国和英国的土地面积单位，等于43,560平方英尺或约4,047平方米。",
      "example_en": "The farm spans 50 acres of fertile farmland.",
      "example_cn": "这个农场占地50英亩肥沃的农田。"
    },
    {
      "pos": "noun",
      "explanation_en": "A figurative or idiomatic reference to a large, often unspecified amount of land, used to emphasize spaciousness or abundance.",
      "explanation_cn": "用于比喻或习语中，指大量（通常未具体说明）的土地，以强调空间广阔或资源丰富。",
      "example_en": "They have acres of space in their backyard for gardening and entertaining.",
      "example_cn": "他们的后院有大片空间可用于园艺和招待客人。"
    }
  ],
  "comparison": [
    {
      "word_to_compare": "hectares",
      "analysis": "“Hectares”（公顷）是国际单位制中的土地面积单位，1公顷等于10,000平方米，约等于2.47英亩。它在大多数国家（除美国外）被广泛使用，尤其在农业和土地规划中。而 “acres” 是英制单位，更常见于英语国家，数值上更小，日常使用中更口语化。"
    },
    {
      "word_to_compare": "square_meters",
      "analysis": "“Square meters”（平方米）是公制基本面积单位，适用于小范围精确测量，如房间、建筑用地。而 “acres” 用于大范围土地，如农田、森林或地产，单位更大，更适合宏观描述。两者在尺度和使用语境上有明显差异。"
    },
    {
      "word_to_compare": "square_feet",
      "analysis": "“Square feet”（平方英尺）是英制中更小的面积单位，常用于房屋、室内空间的测量。1英亩等于43,560平方英尺，因此 “acres” 是 “square feet” 的上位单位，用于表达更大规模的土地面积，更具宏观性和实用性。"
    }
  ]
}