{
  "word": "across",
  "pronunciation": "uh·krɔs",
  "concise_definition": "prep. 横过, 穿过; adv. 横向, 对面, 跨越",
  "definitions": [
    {
      "pos": "preposition",
      "explanation_en": "Moving from one side to the other side of something, typically a surface, space, or barrier.",
      "explanation_cn": "指从某物的一侧移动到另一侧，通常涉及一个表面、空间或障碍物。",
      "example_en": "She walked across the street to buy some bread.",
      "example_cn": "她穿过街道去买面包。"
    },
    {
      "pos": "preposition",
      "explanation_en": "On the opposite side of something, indicating position rather than movement.",
      "explanation_cn": "表示位于某物的对面，强调位置而非移动。",
      "example_en": "The library is across the park from the post office.",
      "example_cn": "图书馆在邮局对面的公园那边。"
    },
    {
      "pos": "adverb",
      "explanation_en": "From one side to the other; extending or reaching over a space or distance.",
      "explanation_cn": "从一边到另一边；延伸或跨越一段空间或距离。",
      "example_en": "The bridge stretches across the river.",
      "example_cn": "这座桥横跨河流。"
    },
    {
      "pos": "adverb",
      "explanation_en": "In a transverse or horizontal direction; not lengthwise or vertical.",
      "explanation_cn": "呈横向或水平方向；非纵向或垂直方向。",
      "example_en": "She wore her hair across her forehead.",
      "example_cn": "她把头发梳在前额上。"
    },
    {
      "pos": "adverb",
      "explanation_en": "Throughout a group, area, or system; in every part or among all members.",
      "explanation_cn": "遍及一个群体、区域或系统；在所有部分或所有成员中。",
      "example_en": "The news spread across the country within hours.",
      "example_cn": "这则新闻在几小时内传遍全国。"
    }
  ],
  "comparison": [
    {
      "word_to_compare": "through",
      "analysis": "“Through” (穿过) 强调从内部穿过一个三维空间或物体，如穿过隧道、森林或人群，暗示被包围或渗透。“Across” 则强调从表面或边界的一侧到另一侧，通常不涉及内部空间，如过马路、跨河。"
    },
    {
      "word_to_compare": "over",
      "analysis": "“Over” (越过) 常用于表示在某物上方移动或跨越，尤其当存在高度差时，如飞过山丘、跳过水坑。“Across” 更强调水平方向的横穿，不一定有高度变化，如横穿房间、跨过街道。"
    },
    {
      "word_to_compare": "along",
      "analysis": "“Along” (沿着) 表示沿着某物的长度方向移动，如沿着河岸走、沿着道路行驶。“Across” 则是垂直于该方向，横穿其路径，如横穿马路、横跨河流。两者方向相反。"
    }
  ]
}
