{
  "word": "acrylic",
  "pronunciation": "uh·krih·lik",
  "concise_definition": "n. 丙烯酸, 丙烯酸树脂; adj. 丙烯酸的, 丙烯酸树脂的",
  "forms": {
    "plural": "acrylics"
  },
  "definitions": [
    {
      "pos": "noun",
      "explanation_en": "A synthetic polymer made from acrylic acid, commonly used in paints, adhesives, and transparent plastics such as plexiglass or acrylic sheets.",
      "explanation_cn": "一种由丙烯酸制成的合成聚合物，常用于油漆、胶粘剂以及透明塑料制品，如亚克力板或有机玻璃。",
      "example_en": "The artist used acrylic paints because they dry quickly and are water-soluble.",
      "example_cn": "这位艺术家使用丙烯颜料，因为它们干燥迅速且可溶于水。"
    },
    {
      "pos": "noun",
      "explanation_en": "A type of synthetic fiber made from acrylic polymers, often used in sweaters, blankets, and carpets as a wool substitute.",
      "explanation_cn": "一种由丙烯酸聚合物制成的合成纤维，常用于毛衣、毯子和地毯，作为羊毛的替代品。",
      "example_en": "Her cozy winter scarf is made of soft acrylic yarn.",
      "example_cn": "她的保暖冬围巾是由柔软的丙烯酸纱线制成的。"
    },
    {
      "pos": "adjective",
      "explanation_en": "Relating to or made from acrylic polymers, especially in the context of materials, paints, or plastics.",
      "explanation_cn": "与丙烯酸聚合物有关的或由其制成的，尤其用于描述材料、油漆或塑料。",
      "example_en": "The museum displayed a modern sculpture made of clear acrylic.",
      "example_cn": "博物馆展出了一件由透明亚克力制成的现代雕塑。"
    }
  ],
  "comparison": [
    {
      "word_to_compare": "plastic",
      "analysis": "“Plastic” (塑料) 是一个广义术语，泛指所有可塑性高分子材料，而 “acrylic” 是塑料的一种具体类型，具有更高的透明度、耐候性和硬度。并非所有塑料都是丙烯酸，但所有丙烯酸材料都属于塑料。"
    },
    {
      "word_to_compare": "polyester",
      "analysis": "“Polyester” (聚酯) 是另一种合成纤维或塑料，常用于纺织品和瓶子。与丙烯酸相比，聚酯更耐磨、抗皱，但透气性和柔软度较差。丙烯酸纤维更接近羊毛的手感，常用于仿毛制品，而聚酯更常用于运动服和工业材料。"
    },
    {
      "word_to_compare": "resin",
      "analysis": "“Resin” (树脂) 是一个更宽泛的术语，指天然或合成的粘稠物质，可作为塑料、涂料或胶粘剂的原料。丙烯酸是一种特定类型的合成树脂，但并非所有树脂都是丙烯酸。例如，环氧树脂和酚醛树脂与丙烯酸在化学结构和用途上均有显著差异。"
    }
  ]
}