{
  "word": "acted",
  "pronunciation": "ak·tud",
  "concise_definition": "v. 行动, 演出, 起作用, 担任角色",
  "forms": {
    "base_form": "act",
    "third_person_singular": "acts",
    "present_participle": "acting",
    "past_tense": "acted",
    "past_participle": "acted"
  },
  "definitions": [
    {
      "pos": "verb",
      "explanation_en": "To perform or carry out a specific action, often with intention or purpose, especially in response to a situation or stimulus.",
      "explanation_cn": "指有意识地执行或实施某一具体行为，通常是对某种情境或刺激作出的反应。",
      "example_en": "She acted quickly to save the child from the burning building.",
      "example_cn": "她迅速采取行动，从着火的大楼中救出了孩子。"
    },
    {
      "pos": "verb",
      "explanation_en": "To perform in a play, film, or other theatrical production by portraying a character.",
      "explanation_cn": "指在戏剧、电影或其他舞台表演中扮演某个角色进行演出。",
      "example_en": "He acted the role of Hamlet with great emotional depth.",
      "example_cn": "他以深刻的情感演绎了哈姆雷特这个角色。"
    },
    {
      "pos": "verb",
      "explanation_en": "To function or have an effect in a particular way, especially when referring to a substance, system, or mechanism.",
      "explanation_cn": "指（物质、系统或机制）以某种方式发挥作用或产生效果。",
      "example_en": "This medicine acts quickly to relieve pain.",
      "example_cn": "这种药物能迅速缓解疼痛。"
    },
    {
      "pos": "verb",
      "explanation_en": "To behave in a way that is not genuine, often to deceive or pretend to be something one is not.",
      "explanation_cn": "指表现得不真实，常用于欺骗或假装成并非真实的自己。",
      "example_en": "He's just acting tough to hide his fear.",
      "example_cn": "他只是装出一副强硬的样子来掩饰自己的恐惧。"
    }
  ],
  "comparison": [
    {
      "word_to_compare": "performed",
      "analysis": "“Performed”（表演/执行）更强调完成一项任务或艺术表现的正式性与技巧性，常用于音乐、舞蹈或仪式场合。而 “acted” 更侧重于角色扮演或行为的动机性，尤其在戏剧或伪装语境中更常用。"
    },
    {
      "word_to_compare": "reacted",
      "analysis": "“Reacted”（反应）强调对刺激或事件的被动或本能回应，通常是即时且无预谋的。而 “acted” 暗示了主动选择和意图，即使在情绪驱动下，也包含一定程度的决策过程。"
    },
    {
      "word_to_compare": "behaved",
      "analysis": "“Behaved”（行为/表现）通常指符合规范或社会期待的举止，带有道德或纪律色彩，如‘孩子表现得很好’。而 ‘acted’ 可以是中性、负面或表演性的，不一定符合规范，甚至可能刻意伪装。"
    }
  ]
}