{
  "word": "activists",
  "pronunciation": "ak·tuh·vists",
  "concise_definition": "n. 激进分子, 积极分子, 社会活动家",
  "forms": {
    "singular": "activist"
  },
  "definitions": [
    {
      "pos": "noun",
      "explanation_en": "A person who actively campaigns for political, social, or environmental change, often through organized efforts such as protests, petitions, or public awareness campaigns.",
      "explanation_cn": "指积极为政治、社会或环境变革而奔走的人，通常通过组织抗议、请愿或公众宣传运动等方式推动改变。",
      "example_en": "The activists staged a peaceful sit-in to demand climate action from the government.",
      "example_cn": "这些活动家举行和平静坐，要求政府采取气候行动。"
    },
    {
      "pos": "noun",
      "explanation_en": "Someone who is deeply committed to a cause and works persistently to influence public opinion or policy, often challenging established systems or norms.",
      "explanation_cn": "指对某一事业抱有坚定信念，并持续努力影响公众舆论或政策的人，通常挑战既有的制度或规范。",
      "example_en": "As a human rights activist, she has spent decades defending marginalized communities.",
      "example_cn": "作为一名人权活动家，她数十年来一直为边缘化群体争取权益。"
    }
  ],
  "comparison": [
    {
      "word_to_compare": "protesters",
      "analysis": "“Protesters”（抗议者）泛指参与抗议活动的人，其行为可能是一次性的、情绪化的或响应特定事件的，不一定有长期目标或组织性。而 “activists” 强调持续性、有组织地推动系统性变革，其行动通常超越单一事件，具有战略性和理念驱动。"
    },
    {
      "word_to_compare": "advocates",
      "analysis": "“Advocates”（倡导者）侧重于通过合法、理性的方式（如法律途径、政策建议、游说）为某项事业发声，强调表达与支持。而 “activists” 更倾向于采取直接行动，甚至对抗性手段，以迫使改变发生，行动色彩更强。"
    },
    {
      "word_to_compare": "campaigners",
      "analysis": "“Campaigners”（运动参与者）通常指参与特定短期目标运动的人，如选举或某项立法倡议，其活动范围和时间有限。而 “activists” 的目标往往更广泛、更持久，可能涉及多个议题和长期社会结构的变革，身份认同更深层。"
    }
  ]
}