{
  "word": "activity",
  "pronunciation": "ak·tiv·uh·tee",
  "concise_definition": "n. 活动, 行动, 事务, 生机",
  "forms": {
    "plural": "activities"
  },
  "definitions": [
    {
      "pos": "noun",
      "explanation_en": "A specific action or task that someone does, especially one that is planned or organized, often for a particular purpose such as recreation, work, or education.",
      "explanation_cn": "指某人所进行的特定行为或任务，通常是有计划或组织的，目的在于娱乐、工作或教育等特定目的。",
      "example_en": "The children participated in outdoor activities like hiking and swimming.",
      "example_cn": "孩子们参加了徒步旅行和游泳等户外活动。"
    },
    {
      "pos": "noun",
      "explanation_en": "The state of being active or the degree of physical or mental energy and movement, often referring to biological, economic, or social processes.",
      "explanation_cn": "指处于活跃状态的程度，或身体、心理、经济或社会过程中的活跃程度和能量表现。",
      "example_en": "There has been a surge in economic activity following the new policy.",
      "example_cn": "新政策实施后，经济活动大幅增加。"
    },
    {
      "pos": "noun",
      "explanation_en": "A particular field or area of interest or operation, especially in business or science, where work or progress is being made.",
      "explanation_cn": "指某一特定领域或运作范围，尤指商业或科学中正在进行工作或取得进展的领域。",
      "example_en": "Her main area of activity is renewable energy research.",
      "example_cn": "她的主要活动领域是可再生能源研究。"
    }
  ],
  "comparison": [
    {
      "word_to_compare": "action",
      "analysis": "“Action” (行动) 更强调瞬间的、具体的、有时是物理性的行为，常用于描述反应或决定的执行，如“take action”。而 “activity” 更广泛，可指持续性的、有组织的或重复性的行为集合，不一定具有即时结果。"
    },
    {
      "word_to_compare": "exercise",
      "analysis": "“Exercise” (锻炼/练习) 通常特指为增强体质、技能或训练而进行的有目的活动，如体育锻炼或脑力练习。而 “activity” 是更中性的术语，涵盖所有类型的行为，包括非锻炼性的社交、休闲或工作活动。"
    },
    {
      "word_to_compare": "task",
      "analysis": "“Task” (任务) 指一项具体的、有明确目标和界限的工作，通常带有责任或义务色彩，如“complete the task”。而 “activity” 更宽泛，可以是无明确目标的、自发的或持续性的行为，不一定有完成标准。"
    }
  ]
}