{
  "word": "activities",
  "pronunciation": "ak·tiv·uh·teez",
  "concise_definition": "n. 活动, 事务, 作业",
  "forms": {
    "singular": "activity"
  },
  "definitions": [
    {
      "pos": "noun",
      "explanation_en": "An action or task that a person or group engages in, often for a specific purpose such as work, recreation, or physical exercise.",
      "explanation_cn": "指个人或群体为实现特定目的（如工作、娱乐或体育锻炼）而进行的行动或事务。",
      "example_en": "The children participated in various outdoor activities during the summer camp.",
      "example_cn": "孩子们在夏令营期间参加了各种户外活动。"
    },
    {
      "pos": "noun",
      "explanation_en": "A range of operations or functions carried out by an organization, institution, or system, especially in a business or institutional context.",
      "explanation_cn": "指组织、机构或系统所执行的一系列运作或职能，尤其在商业或机构环境中使用。",
      "example_en": "The company's annual report details its financial and operational activities.",
      "example_cn": "该公司年度报告详细列出了其财务和运营活动。"
    },
    {
      "pos": "noun",
      "explanation_en": "A state of being busy or energetic; the level of movement, interaction, or engagement in a particular place or situation.",
      "explanation_cn": "指某种场所或情境中活跃、繁忙或互动的程度，强调动态和参与性。",
      "example_en": "The nightlife in the city center is known for its vibrant activities.",
      "example_cn": "市中心的夜生活以其热闹的活动而闻名。"
    }
  ],
  "comparison": [
    {
      "word_to_compare": "task",
      "analysis": "“Task”（任务）通常指一个具体的、有明确目标和界限的单一项工作，强调完成性；而 “activities” 更广泛，可以包含多个任务，甚至包括非结构化的行动，如休闲或社交行为。"
    },
    {
      "word_to_compare": "exercise",
      "analysis": "“Exercise”（锻炼/练习）特指为增强体能、技能或智力而进行的有目的的活动，常用于身体或认知训练；而 “activities” 是更上位的术语，可包含 exercise，但也可涵盖非锻炼性质的行为，如会议、旅行等。"
    },
    {
      "word_to_compare": "operations",
      "analysis": "“Operations”（运作）多用于正式或系统性语境，指组织内部持续、标准化的流程或程序，强调效率与结构；而 “activities” 更中性，可指任何行为，无论是否系统化，范围更广，也更常用于日常语境。"
    }
  ]
}