{
  "word": "activist",
  "pronunciation": "ak·tuh·vist",
  "concise_definition": "n. 激进分子, 积极分子, 社会活动家",
  "forms": {
    "plural": "activists"
  },
  "definitions": [
    {
      "pos": "noun",
      "explanation_en": "A person who campaigns for social, political, environmental, or other forms of change, often through direct action, protests, or public advocacy to raise awareness or influence policy.",
      "explanation_cn": "指为推动社会、政治、环境或其他方面的变革而积极行动的人，通常通过抗议、公开倡导或直接行动来提高公众意识或影响政策。",
      "example_en": "She is a climate activist who organizes weekly strikes to demand government action on carbon emissions.",
      "example_cn": "她是一位气候活动家，每周组织罢工，要求政府采取行动应对碳排放。"
    },
    {
      "pos": "noun",
      "explanation_en": "Someone who is passionately committed to a cause and works persistently to achieve justice, equality, or reform, often challenging established systems or norms.",
      "explanation_cn": "指对某一事业充满热情并坚持不懈地为实现正义、平等或改革而努力的人，通常挑战既有的制度或规范。",
      "example_en": "As a human rights activist, he spent decades fighting against racial segregation in his country.",
      "example_cn": "作为一名人权活动家，他数十年来一直致力于反对本国的种族隔离制度。"
    }
  ],
  "comparison": [
    {
      "word_to_compare": "advocate",
      "analysis": "“Advocate”（倡导者）侧重于通过法律、演讲或游说等方式为某项事业或群体发声，强调表达支持和提出建议，不一定采取直接行动。而 “activist” 更强调亲身参与、组织或参与抗议等实际行动，具有更强的对抗性和动员性。"
    },
    {
      "word_to_compare": "reformer",
      "analysis": "“Reformer”（改革者）通常指致力于通过制度性、系统性方式推动渐进式变革的人，如立法改革或政策调整，往往更注重程序和妥协。而 “activist” 更倾向于挑战现有体制，使用非传统甚至激进手段，目标更直接、更紧迫。"
    },
    {
      "word_to_compare": "campaigner",
      "analysis": "“Campaigner”（运动参与者）泛指参与某项有组织的宣传活动（如选举、公益募捐）的人，其目标通常较具体、时限明确。而 “activist” 的目标更广泛、更持久，常涉及根本性社会变革，其行动往往超越单一运动的范畴。"
    }
  ]
}