{
  "word": "acting",
  "pronunciation": "ak·ting",
  "concise_definition": "n. 演员的表演, 表演艺术; adj. 代理的, 临时的",
  "forms": {
    "noun": "acting",
    "adjective": "acting",
    "verb_base": "act",
    "third_person_singular": "acts",
    "past_tense": "acted",
    "past_participle": "acted",
    "present_participle": "acting"
  },
  "definitions": [
    {
      "pos": "noun",
      "explanation_en": "The art or practice of performing roles in theater, film, television, or other media by portraying characters through speech, movement, and emotion.",
      "explanation_cn": "指在戏剧、电影、电视或其他媒体中，通过语言、动作和情感来扮演角色的艺术或实践。",
      "example_en": "Her acting in the play earned her a standing ovation.",
      "example_cn": "她在该剧中的表演赢得了全场起立鼓掌。"
    },
    {
      "pos": "noun",
      "explanation_en": "The performance or behavior of someone who is not genuine, often intended to deceive or impress.",
      "explanation_cn": "指某人表现出来的非真实行为，常为欺骗或给人留下印象而故意为之。",
      "example_en": "His apology was just acting—he didn’t mean a word of it.",
      "example_cn": "他的道歉只是装样子——他一个字都不真心。"
    },
    {
      "pos": "adjective",
      "explanation_en": "Serving in a temporary or provisional capacity, especially in a position of authority, until a permanent replacement is appointed.",
      "explanation_cn": "指临时担任某一职位，尤其在权威职位上，直到正式任命人选为止。",
      "example_en": "The acting CEO will make decisions until the board hires a new leader.",
      "example_cn": "代理首席执行官将在董事会聘任新领导前做出决策。"
    }
  ],
  "comparison": [
    {
      "word_to_compare": "performance",
      "analysis": "“Performance”（表演）是一个更广泛的术语，泛指任何类型的表现，包括音乐演奏、体育竞技或公开演讲，而 “acting” 专指通过角色扮演来呈现虚构人物的表演艺术。所有 acting 都是 performance，但并非所有 performance 都是 acting。"
    },
    {
      "word_to_compare": "pretending",
      "analysis": "“Pretending”（假装）强调虚假或不真实的状态，通常带有贬义，指有意掩饰真实意图或情感；而 “acting” 在作为名词时，既可以是中性的艺术行为，也可以是贬义的伪装，语义范围更广，且在艺术语境中是褒义的。"
    },
    {
      "word_to_compare": "interim",
      "analysis": "“Interim”（临时的）是一个更正式、更通用的形容词，用于描述任何临时状态，如 interim manager、interim solution；而 “acting” 作为形容词时，特指在职位空缺期间代行职责，常用于组织或政府语境，语义更具体。"
    }
  ]
}