{
  "word": "active",
  "pronunciation": "ak·tiv",
  "concise_definition": "adj. 积极的, 活跃的, 在职的, 有效的",
  "forms": {
    "comparative": "more active",
    "superlative": "most active"
  },
  "definitions": [
    {
      "pos": "adjective",
      "explanation_en": "Engaged in physical or mental activity; not idle or passive; characterized by energy, movement, or participation.",
      "explanation_cn": "指参与身体或精神活动的；不懒惰或被动的；以精力、行动或参与为特征的。",
      "example_en": "She leads an active lifestyle, jogging every morning and practicing yoga regularly.",
      "example_cn": "她过着积极的生活方式，每天早晨慢跑并定期练习瑜伽。"
    },
    {
      "pos": "adjective",
      "explanation_en": "Currently functioning, operating, or in use; not dormant or inactive.",
      "explanation_cn": "指当前正在运行、操作或使用中的；非休眠或不活跃的。",
      "example_en": "The company has three active accounts with the bank.",
      "example_cn": "该公司在银行有三个活跃账户。"
    },
    {
      "pos": "adjective",
      "explanation_en": "Holding a position of responsibility or service; currently serving in a role (e.g., military, political).",
      "explanation_cn": "指担任责任或服务职务的；当前在任的（如军职、政职）。",
      "example_en": "The active president is traveling abroad to strengthen diplomatic ties.",
      "example_cn": "现任总统正在国外旅行，以加强外交关系。"
    },
    {
      "pos": "adjective",
      "explanation_en": "Showing enthusiasm, initiative, or engagement in a particular activity or cause.",
      "explanation_cn": "指在某项活动或事业中表现出热情、主动性或参与感的。",
      "example_en": "He is an active supporter of environmental conservation efforts.",
      "example_cn": "他是环境保护工作的积极支持者。"
    }
  ],
  "comparison": [
    {
      "word_to_compare": "dynamic",
      "analysis": "“Dynamic”（有活力的）强调充满能量、变化和推动力，常用于描述具有强烈影响力或不断变化的事物，如动态系统或动态领导风格。而 “active” 更侧重于实际参与或运作的状态，不一定包含变革性或创新性。"
    },
    {
      "word_to_compare": "energetic",
      "analysis": "“Energetic”（精力充沛的）强调拥有大量体力或精神能量，常用于形容人充满活力、不知疲倦。而 “active” 更关注行为是否发生，而非能量的多少。一个人可以很活跃（active）但不一定是精力充沛（energetic），比如机械运转。"
    },
    {
      "word_to_compare": "present",
      "analysis": "“Present”（在场的）仅表示物理或时间上的存在，不涉及参与或行动。例如，他出席了会议（present at the meeting），但可能全程沉默。而 “active” 意味着参与、互动或发挥作用，是更深层次的在场。"
    }
  ]
}