{
  "word": "actions",
  "pronunciation": "ak·shuhnz",
  "concise_definition": "n. 行动, 行为, 举动, (法律) 诉讼",
  "forms": {
    "singular": "action"
  },
  "definitions": [
    {
      "pos": "noun",
      "explanation_en": "A thing done; a deed or behavior, especially one that has a visible effect or consequence.",
      "explanation_cn": "指所做的事、行为或举动，尤指产生可见影响或后果的行为。",
      "example_en": "His actions spoke louder than his words.",
      "example_cn": "他的行动比言语更有说服力。"
    },
    {
      "pos": "noun",
      "explanation_en": "A process or series of steps taken to achieve a particular goal, often in a planned or organized manner.",
      "explanation_cn": "指为实现特定目标而采取的一系列步骤或措施，通常是有计划或有组织的。",
      "example_en": "The government took swift action to control the outbreak.",
      "example_cn": "政府迅速采取行动控制了疫情。"
    },
    {
      "pos": "noun",
      "explanation_en": "A legal proceeding or lawsuit brought before a court to enforce or protect a right.",
      "explanation_cn": "指在法院提起的法律程序或诉讼，旨在执行或保护某种权利。",
      "example_en": "She filed an action against the company for breach of contract.",
      "example_cn": "她因违约对公司提起了诉讼。"
    },
    {
      "pos": "noun",
      "explanation_en": "The state of being active or the capacity to produce an effect, especially in physics or mechanics.",
      "explanation_cn": "指处于活跃状态或产生影响的能力，尤用于物理或力学语境中。",
      "example_en": "The action of the pulley system made lifting the weight much easier.",
      "example_cn": "滑轮系统的运作使提升重物变得容易多了。"
    }
  ],
  "comparison": [
    {
      "word_to_compare": "behavior",
      "analysis": "“Behavior” (行为) 更侧重于个体在特定情境下表现出的模式或习惯，常用于心理学或社会学语境，强调内在动机或性格特征。而 “action” 更强调具体的、可观察的、一次性的行为事件，不必然反映长期模式。"
    },
    {
      "word_to_compare": "deed",
      "analysis": "“Deed” (行为/功绩) 通常带有道德或法律上的分量，常用于指重大或值得铭记的行为（如善行或罪行），语义更庄重。而 “action” 更中性、通用，可指任何大小的行为，包括日常琐事。"
    },
    {
      "word_to_compare": "movement",
      "analysis": "“Movement” (运动/运动）指物理位移或有组织的社会/政治活动，强调方向性、集体性或持续性。而 “action” 更强调个体或组织的直接干预或决定性行为，不一定具有持续性或集体性。"
    }
  ]
}