{
  "word": "actively",
  "pronunciation": "ak·tiv·lee",
  "concise_definition": "adv. 积极地, 主动地, 活跃地",
  "definitions": [
    {
      "pos": "adverb",
      "explanation_en": "In a way that involves energetic, purposeful, and deliberate action; not passive or idle.",
      "explanation_cn": "以充满活力、有目的且主动的方式行动；非被动或无所作为。",
      "example_en": "She is actively involved in community service projects.",
      "example_cn": "她积极参与社区服务项目。"
    },
    {
      "pos": "adverb",
      "explanation_en": "With consistent effort and engagement, often to achieve a specific goal or bring about change.",
      "explanation_cn": "以持续的努力和参与，通常是为了实现特定目标或促成改变。",
      "example_en": "The government is actively working to reduce carbon emissions.",
      "example_cn": "政府正在积极努力减少碳排放。"
    },
    {
      "pos": "adverb",
      "explanation_en": "In a manner that shows enthusiasm, initiative, or readiness to participate or respond.",
      "explanation_cn": "以表现出热情、主动性或积极参与和回应的态度。",
      "example_en": "He actively sought feedback from his colleagues to improve his performance.",
      "example_cn": "他主动向同事寻求反馈，以提升自己的表现。"
    }
  ],
  "comparison": [
    {
      "word_to_compare": "passively",
      "analysis": "“Passively”（被动地）指不主动参与、不采取行动，只是接受或顺应外界影响。与 “actively” 形成鲜明对比，后者强调主观能动性和有意识的参与。例如：他被动地接受安排 vs. 他积极地提出建议。"
    },
    {
      "word_to_compare": "enthusiastically",
      "analysis": "“Enthusiastically”（热情地）侧重于情感上的兴奋和喜爱，强调情绪的投入；而 “actively” 更强调行为上的实际参与和努力，即使没有强烈情绪也可能发生。例如：她热情地鼓掌 vs. 她积极组织活动。"
    },
    {
      "word_to_compare": "promptly",
      "analysis": "“Promptly”（迅速地）强调时间上的及时性，指动作发生得快；而 “actively” 强调的是行动的性质——是否主动、有意识。一个行动可以迅速但被动（如被催促后立刻执行），也可以主动但缓慢（如长期坚持改善健康）。"
    }
  ]
}
