{
  "word": "activate",
  "pronunciation": "ak·tiv·eyt",
  "concise_definition": "v. 激活, 启动, 使生效",
  "forms": {
    "third_person_singular": "activates",
    "past_tense": "activated",
    "past_participle": "activated",
    "present_participle": "activating"
  },
  "definitions": [
    {
      "pos": "verb",
      "explanation_en": "To cause something to become active, functional, or operational, especially a device, system, or process that was previously dormant or inactive.",
      "explanation_cn": "使某物（如设备、系统或过程）从休眠或非活动状态变为活跃、可运行或功能正常的状态。",
      "example_en": "You need to activate your new credit card before you can use it.",
      "example_cn": "在使用新信用卡之前，你需要先激活它。"
    },
    {
      "pos": "verb",
      "explanation_en": "To trigger or initiate a response, reaction, or process, often in a biological, chemical, or emotional context.",
      "explanation_cn": "触发或引发某种反应、过程，常用于生物、化学或情感语境中。",
      "example_en": "The smell of fresh bread activated her childhood memories.",
      "example_cn": "新鲜面包的香味唤起了她的童年回忆。"
    },
    {
      "pos": "verb",
      "explanation_en": "To make a legal or formal agreement, license, or condition effective by taking the required steps.",
      "explanation_cn": "通过采取必要步骤，使法律、正式协议、许可或条件生效。",
      "example_en": "The contract was activated upon signature by both parties.",
      "example_cn": "合同在双方签署后生效。"
    }
  ],
  "comparison": [
    {
      "word_to_compare": "start",
      "analysis": "“Start” (开始) 是一个通用词，泛指任何动作或过程的初始阶段，不强调从非活动到活动的转变。而 “activate” 更强调使原本被关闭、锁定或休眠的系统或机制进入工作状态，具有更强的技术性和功能性含义。"
    },
    {
      "word_to_compare": "enable",
      "analysis": "“Enable” (使能) 指提供能力、权限或条件，使某事成为可能，但不一定立即执行。例如：启用账户权限。而 “activate” 更强调实际触发或启动行为，是使功能从‘可使用’变为‘正在运行’的关键动作。"
    },
    {
      "word_to_compare": "trigger",
      "analysis": "“Trigger” (触发) 强调引发一个连锁反应或事件，常用于突发事件或自动机制，如触发警报。而 “activate” 更侧重于主动开启一个系统或功能，其结果是持续性的运行，而非一次性反应。"
    }
  ]
}