{
  "word": "activism",
  "pronunciation": "ak·tuh·viz·uhm",
  "concise_definition": "n. 激进主义, 积极行动, 社会运动",
  "forms": {
    "plural": "activisms"
  },
  "definitions": [
    {
      "pos": "noun",
      "explanation_en": "The policy or action of using direct, often confrontational methods to bring about political, social, or environmental change, typically through organized campaigns, protests, or public demonstrations.",
      "explanation_cn": "指通过直接、常具对抗性的方式推动政治、社会或环境变革的政策或行动，通常表现为有组织的运动、抗议或公开示威。",
      "example_en": "Her activism in the civil rights movement helped pass landmark legislation in the 1960s.",
      "example_cn": "她在民权运动中的积极行动促成了20世纪60年代具有里程碑意义的立法通过。"
    },
    {
      "pos": "noun",
      "explanation_en": "A sustained effort by individuals or groups to raise awareness, influence public opinion, or pressure institutions to address a specific cause or injustice.",
      "explanation_cn": "指个人或团体为提高公众意识、影响舆论或施压机构以解决某一特定议题或不公现象而进行的持续性努力。",
      "example_en": "Climate activism has gained momentum among young people worldwide.",
      "example_cn": "全球年轻人对气候行动的参与正日益增强。"
    }
  ],
  "comparison": [
    {
      "word_to_compare": "protest",
      "analysis": "“Protest” (抗议) 指具体的抗议行为或事件，如集会、游行或标语展示，是 activism 的一种表现形式，但 activism 更广泛，包含长期策略、教育、立法倡导等非对抗性行动。"
    },
    {
      "word_to_compare": "advocacy",
      "analysis": "“Advocacy” (倡导) 强调通过合法、制度化渠道（如游说、政策建议、法律诉讼）为某项事业发声，通常更温和、理性；而 “activism” 更倾向于动员大众、制造舆论压力，有时包含非暴力抵抗甚至违法行动。"
    },
    {
      "word_to_compare": "campaign",
      "analysis": "“Campaign” (运动/活动) 是一个有目标、有计划的短期或中期行动集合，可以是政治、商业或社会性质的；activism 是一种意识形态驱动的持续性实践，campaign 可能是 activism 的工具之一，但并非所有 campaign 都属于 activism。"
    }
  ]
}