{
  "word": "actor",
  "pronunciation": "ak·tuhr",
  "concise_definition": "n. 演员, 行动者, 促成者",
  "forms": {
    "plural": "actors",
    "female_form": "actress"
  },
  "definitions": [
    {
      "pos": "noun",
      "explanation_en": "A person who performs in theatrical productions, films, television shows, or other forms of entertainment by portraying characters and conveying emotions through speech, movement, and expression.",
      "explanation_cn": "指在戏剧、电影、电视节目或其他娱乐形式中通过语言、动作和表情扮演角色、传达情感的人。",
      "example_en": "Leonardo DiCaprio is a renowned actor known for his intense performances.",
      "example_cn": "莱昂纳多·迪卡普里奥是一位以深刻表演著称的著名演员。"
    },
    {
      "pos": "noun",
      "explanation_en": "A person or entity that takes action or plays a role in a particular situation, often influencing outcomes, especially in politics, business, or social contexts.",
      "explanation_cn": "指在特定情境中采取行动或发挥重要作用的人或实体，尤其在政治、商业或社会语境中影响结果者。",
      "example_en": "The United Nations is a key actor in global peacekeeping efforts.",
      "example_cn": "联合国是全球维和行动中的关键行动者。"
    }
  ],
  "comparison": [
    {
      "word_to_compare": "performer",
      "analysis": "“Performer”（表演者）是一个更广泛的术语，泛指任何在舞台上或公众面前进行表演的人，包括歌手、舞者、杂技演员等。而 “actor” 专指通过扮演角色来叙述故事的表演者，强调角色塑造和叙事功能。"
    },
    {
      "word_to_compare": "agent",
      "analysis": "“Agent”（代理人/中介）指代表他人行动或处理事务的人，常用于法律、商业或政治语境，强调代理关系和利益代表。而 “actor” 强调的是主动参与和影响事件本身，不一定是代表他人，而是作为主体发挥作用。"
    },
    {
      "word_to_compare": "star",
      "analysis": "“Star”（明星）通常指因知名度和受欢迎程度而备受关注的演员，带有强烈的公众形象和商业价值色彩。而 “actor” 是一个中性、专业的术语，不必然包含名气或商业成功，仅描述职业身份。"
    }
  ]
}