{
  "word": "actors",
  "pronunciation": "ak·tuhrz",
  "concise_definition": "n. 演员, 行动者, 参与者",
  "forms": {
    "singular": "actor"
  },
  "definitions": [
    {
      "pos": "noun",
      "explanation_en": "A person who performs in theatrical, film, television, or other dramatic productions, portraying characters and conveying stories through performance.",
      "explanation_cn": "指在戏剧、电影、电视或其他戏剧性表演中扮演角色、通过表演传达故事的人。",
      "example_en": "Meryl Streep is one of the most acclaimed actors of her generation.",
      "example_cn": "梅丽尔·斯特里普是她这一代最受赞誉的演员之一。"
    },
    {
      "pos": "noun",
      "explanation_en": "A person or entity that takes part in an event, process, or system, especially one who influences or initiates action.",
      "explanation_cn": "指参与某一事件、过程或系统的人或实体，尤指那些影响或发起行动者。",
      "example_en": "The government is not the only actor in international climate negotiations.",
      "example_cn": "政府并非国际气候谈判中唯一的参与者。"
    }
  ],
  "comparison": [
    {
      "word_to_compare": "performer",
      "analysis": "“Performer”（表演者）是一个更广泛的术语，泛指任何在舞台上或公开场合进行表演的人，包括舞蹈家、魔术师、歌手等，而 “actor” 专指通过扮演角色来叙述故事的表演者，强调角色塑造和叙事功能。"
    },
    {
      "word_to_compare": "participant",
      "analysis": "“Participant”（参与者）强调某人参与某项活动或过程，但不一定是主导或有意识地影响结果，常用于中性或非戏剧性语境（如会议、实验）。而 “actor” 在非字面意义上暗示了主动性、影响力甚至责任，常用于政治、社会或系统分析中。"
    },
    {
      "word_to_compare": "role-player",
      "analysis": "“Role-player”（角色扮演者）通常指在模拟、游戏或心理训练中临时扮演某个角色的人，其行为具有临时性、实验性或非职业性。而 “actor” 是职业性、持续性的角色呈现者，其表演具有艺术性和公众传播性。"
    }
  ]
}