{
  "word": "actress",
  "pronunciation": "ak·tress",
  "concise_definition": "n. 女演员",
  "forms": {
    "plural": "actresses"
  },
  "definitions": [
    {
      "pos": "noun",
      "explanation_en": "A woman who performs in theater, film, television, or other dramatic productions, portraying characters through speech, movement, and emotion.",
      "explanation_cn": "指在戏剧、电影、电视或其他表演艺术形式中，通过语言、动作和情感扮演角色的女性表演者。",
      "example_en": "She won an Academy Award for her outstanding performance as an actress in the historical drama.",
      "example_cn": "她因在历史剧中的出色表演而赢得了一座奥斯卡奖。"
    },
    {
      "pos": "noun",
      "explanation_en": "A female performer who specializes in dramatic roles, often recognized for her ability to embody diverse personalities and emotional depths.",
      "explanation_cn": "指专门从事戏剧性角色表演的女性演员，常因其能够生动呈现多样性格与情感深度而受到认可。",
      "example_en": "The young actress transformed herself completely for the role of a war survivor.",
      "example_cn": "这位年轻女演员为饰演一名战争幸存者彻底改变了自己。"
    }
  ],
  "comparison": [
    {
      "word_to_compare": "actor",
      "analysis": "“Actor”（演员）是性别中立的术语，如今广泛用于指代任何性别的表演者，尤其在专业语境中。而 “actress” 专指女性演员，带有传统性别区分色彩。随着语言趋向性别平等，许多行业已用 “actor” 统称，使 “actress” 显得过时或冗余。"
    },
    {
      "word_to_compare": "performer",
      "analysis": "“Performer”（表演者）范围更广，涵盖所有类型的舞台或现场表演者，如舞蹈家、魔术师、歌手等，不限于戏剧或影视角色扮演。而 “actress” 专指通过扮演虚构人物进行叙事性表演的女性，语义更具体。"
    },
    {
      "word_to_compare": "star",
      "analysis": "“Star”（明星）强调知名度和公众影响力，常指在影视或娱乐业中具有极高人气的演员，无论性别。而 “actress” 仅描述职业身份，不必然包含名气。一位女演员可能技艺精湛却默默无闻，而一位明星未必是专业演员。"
    }
  ]
}