{
  "word": "actresses",
  "pronunciation": "ak·tress·iz",
  "concise_definition": "n. 女演员（actress 的复数形式）",
  "forms": {
    "singular": "actress"
  },
  "definitions": [
    {
      "pos": "noun",
      "explanation_en": "A woman who performs in theater, film, television, or other dramatic productions, typically portraying characters in scripted narratives.",
      "explanation_cn": "指在戏剧、电影、电视或其他戏剧性表演中扮演角色的女性演员，通常在有剧本的叙事中演绎人物。",
      "example_en": "The award ceremony honored several talented actresses for their outstanding performances.",
      "example_cn": "颁奖典礼表彰了多位才华横溢的女演员，以肯定她们卓越的表演。"
    },
    {
      "pos": "noun",
      "explanation_en": "A female performer whose profession centers on embodying emotional or dramatic roles, often gaining public recognition for their artistry.",
      "explanation_cn": "指以扮演情感化或戏剧性角色为职业的女性表演者，常因其艺术造诣而获得公众认可。",
      "example_en": "Many young girls aspire to become famous actresses like Meryl Streep.",
      "example_cn": "许多小女孩都渴望成为像梅丽尔·斯特里普那样著名的女演员。"
    }
  ],
  "comparison": [
    {
      "word_to_compare": "actor",
      "analysis": "“Actor”（演员）是性别中立的术语，可指任何性别的表演者，尤其在当代语境中广泛用于指代女性演员。而 “actress” 专指女性演员，带有传统性别区分色彩，部分人认为其使用可能强化性别刻板印象，因此在专业领域逐渐被 “actor” 取代。"
    },
    {
      "word_to_compare": "performer",
      "analysis": "“Performer”（表演者）范围更广，涵盖所有类型的表演艺术，如舞蹈、杂技、音乐剧等，不限于戏剧或影视中的角色扮演。而 “actress” 专指在叙事性作品中扮演角色的女性，语义更具体、更聚焦于戏剧表演。"
    },
    {
      "word_to_compare": "star",
      "analysis": "“Star”（明星）强调知名度和公众影响力，常用于指那些因出色表演或个人魅力而广受欢迎的演员，无论性别。而 “actress” 是职业身份的描述，不必然包含名气。一位女演员可能技艺精湛但并非明星，而一位明星也可能主要靠综艺或社交媒体走红，未必是专业演员。"
    }
  ]
}