{
  "word": "actual",
  "pronunciation": "ak·tchoo·uhl",
  "concise_definition": "adj. 真实的, 实际的, 现实的",
  "forms": {
    "comparative": "more actual",
    "superlative": "most actual"
  },
  "definitions": [
    {
      "pos": "adjective",
      "explanation_en": "Existing in fact or reality, as opposed to being imaginary, theoretical, or potential; emphasizing truth or real existence.",
      "explanation_cn": "指真实存在或发生的，而非想象的、理论的或潜在的；强调事物的真实性和现实性。",
      "example_en": "The actual cost of the project was much higher than the estimated budget.",
      "example_cn": "这个项目的实际成本远高于预算估计。"
    },
    {
      "pos": "adjective",
      "explanation_en": "Referring to the real or current state of something, especially when contrasting with what is expected, planned, or reported.",
      "explanation_cn": "指某事物的真实或当前状态，尤其用于与预期、计划或报告的情况形成对比。",
      "example_en": "The actual winner of the election was not the candidate who appeared to be leading in the polls.",
      "example_cn": "选举的实际获胜者并不是民调中看似领先的候选人。"
    },
    {
      "pos": "adjective",
      "explanation_en": "Used to emphasize that something is exactly as stated, often to correct a misconception or clarify a misunderstanding.",
      "explanation_cn": "用于强调某事确实如所述，常用于纠正误解或澄清错误认知。",
      "example_en": "I didn't say I would leave tomorrow—I said I might leave the actual day after tomorrow.",
      "example_cn": "我没说我明天走——我说的是可能后天走。"
    }
  ],
  "comparison": [
    {
      "word_to_compare": "real",
      "analysis": "“Real” (真实的) 强调事物不是虚假、伪造或幻觉的，常用于与“假的”相对。而 “actual” 更侧重于与“预期、计划或理论”之间的对比，强调事实状态。例如：a real diamond（真钻石） vs. the actual size (实际尺寸)。"
    },
    {
      "word_to_compare": "true",
      "analysis": "“True” (真实的) 通常用于判断陈述、信念或信息的正确性，强调与事实相符。而 “actual” 更关注事物的客观存在或具体实现，不涉及真假判断，而是强调“非假设”。例如：a true statement（正确的陈述） vs. the actual outcome（实际结果）。"
    },
    {
      "word_to_compare": "current",
      "analysis": "“Current” (当前的) 指正在发生或最新的状态，强调时间上的“现在时”。而 “actual” 强调的是“真实发生”而非“名义上”或“计划中”的状态，不一定与时间相关。例如：the current president（现任总统） vs. the actual leader（实际掌权者，可能非官方头衔）。"
    }
  ]
}