{
  "word": "actually",
  "pronunciation": "ak·choo·uh·lee",
  "concise_definition": "adv. 实际上, 事实上, 真正地",
  "forms": {
    "none": "无变形"
  },
  "definitions": [
    {
      "pos": "adverb",
      "explanation_en": "Used to emphasize that something is true or real, especially when it contrasts with what was previously thought, said, or expected.",
      "explanation_cn": "用于强调某事是真实或实际的，尤其当它与之前所认为、所说或预期的情况相矛盾时。",
      "example_en": "I thought the meeting was at 3 p.m., but actually it's at 4.",
      "example_cn": "我以为会议是下午三点，但实际上是在四点。"
    },
    {
      "pos": "adverb",
      "explanation_en": "Used to introduce a fact or detail that adds emphasis, clarification, or a slight correction to a previous statement.",
      "explanation_cn": "用于引出一个事实或细节，以加强语气、澄清内容或轻微修正前文的表述。",
      "example_en": "She's actually a brilliant scientist, not just a teacher.",
      "example_cn": "她实际上是一位杰出的科学家，而不仅仅是一名教师。"
    },
    {
      "pos": "adverb",
      "explanation_en": "Used in casual conversation to signal a shift in topic or to introduce a surprising or unexpected point.",
      "explanation_cn": "用于口语中，表示话题转换，或引出一个令人惊讶或出乎意料的观点。",
      "example_en": "Actually, I was thinking we could go to the beach this weekend.",
      "example_cn": "其实，我在想我们这个周末可以去海滩。"
    }
  ],
  "comparison": [
    {
      "word_to_compare": "really",
      "analysis": "“Really” (真的) 更常用于加强语气或表达情感强度，如 ‘I really like it’，侧重主观感受；而 “actually” 更强调事实与预期之间的对比或修正，具有认知上的转折意味。"
    },
    {
      "word_to_compare": "in fact",
      "analysis": "“In fact” (事实上) 与 “actually” 在许多语境中可互换，但 “in fact” 更正式，常用于书面语或逻辑论证中，语气更强烈，用于明确反驳或纠正；而 “actually” 更口语化，语气更柔和，常用于日常对话中的轻微修正。"
    },
    {
      "word_to_compare": "truly",
      "analysis": "“Truly” (真正地) 强调真实性或真诚性，常用于表达情感或道德上的真实，如 ‘truly sorry’；而 “actually” 不涉及情感评价，仅用于指出客观事实与表象之间的差异。"
    }
  ]
}