{
  "word": "actuality",
  "pronunciation": "ak·tchoo·AL·uh·tee",
  "concise_definition": "n. 现实, 实际, 真实情况",
  "forms": {
    "plural": "actualities"
  },
  "definitions": [
    {
      "pos": "noun",
      "explanation_en": "The state of things as they actually exist, as opposed to what is imagined, hoped for, or theorized; the real, concrete facts of a situation.",
      "explanation_cn": "指事物真实存在的状态，与想象、期望或理论相对；指某种情况下的真实、具体的事实。",
      "example_en": "The actuality of poverty in the region is far worse than the statistics suggest.",
      "example_cn": "该地区贫困的实际情况远比统计数据所显示的更为严重。"
    },
    {
      "pos": "noun",
      "explanation_en": "A real thing or fact, especially one that is significant or noteworthy in a particular context.",
      "explanation_cn": "指一个真实存在的事物或事实，尤其在特定语境中具有重要意义或值得注意。",
      "example_en": "One of the actualities of modern life is the constant pressure to be productive.",
      "example_cn": "现代生活的一个现实是持续不断追求效率的压力。"
    }
  ],
  "comparison": [
    {
      "word_to_compare": "reality",
      "analysis": "“Reality” (现实) 是最常用的近义词，泛指客观存在的世界或状态，涵盖物理、社会和心理层面。而 “actuality” 更强调“事实性”和“与预期或理论的对比”，常用于哲学或分析性语境，语气更正式、更精确。"
    },
    {
      "word_to_compare": "truth",
      "analysis": "“Truth” (真理/真相) 强调正确性、真实性，常与谎言、错误相对，侧重于判断或认知层面。“Actuality” 则不涉及价值判断，仅指“实际存在”的状态，即使这个状态是令人不快或不理想的。"
    },
    {
      "word_to_compare": "fact",
      "analysis": "“Fact” (事实) 是一个可被证实的具体陈述或数据，通常更微观、更具体。“Actuality” 更宏观，指整体情境或状态的真实面貌，常包含多个事实的综合。例如，一个事实是‘气温升高了2度’，而实际性是‘气候变化正在影响农业’。"
    }
  ]
}