{
  "word": "acutely",
  "pronunciation": "uh·kew·tli",
  "concise_definition": "adv. 敏锐地, 尖锐地, 极度地",
  "forms": {
    "adjective": "acute"
  },
  "definitions": [
    {
      "pos": "adverb",
      "explanation_en": "In a way that is sharply perceptive, intense, or keen, often referring to sensory, emotional, or intellectual awareness.",
      "explanation_cn": "以敏锐、强烈或深刻的方式，常用于描述感官、情感或智力上的高度感知能力。",
      "example_en": "She acutely sensed the tension in the room.",
      "example_cn": "她敏锐地察觉到了房间里的紧张气氛。"
    },
    {
      "pos": "adverb",
      "explanation_en": "To a severe or intense degree, especially in describing physical pain, illness, or emotional distress.",
      "explanation_cn": "指程度严重或强烈，尤其用于描述身体疼痛、疾病或情感痛苦。",
      "example_en": "He was acutely aware of his own mortality after the diagnosis.",
      "example_cn": "确诊后，他极度意识到自己的生命终将终结。"
    },
    {
      "pos": "adverb",
      "explanation_en": "With great precision or insight, often in analytical or observational contexts.",
      "explanation_cn": "在分析或观察情境中，以极高的精确性或洞察力。",
      "example_en": "The critic acutely observed the subtle shifts in the protagonist's character.",
      "example_cn": "这位评论家敏锐地观察到了主人公性格中的细微变化。"
    }
  ],
  "comparison": [
    {
      "word_to_compare": "sharply",
      "analysis": "“Sharply”（尖锐地）强调方向、程度或态度的突然或明显变化，常用于描述动作、语气或趋势，如“sharply reduce”（急剧减少）。“Acutely”更侧重于感知或体验的深度与敏锐性，常用于主观感受或洞察力，语义更细腻。"
    },
    {
      "word_to_compare": "intensely",
      "analysis": "“Intensely”（强烈地）泛指任何强烈程度的情感、行为或状态，适用范围广，但缺乏“acutely”所蕴含的“敏锐洞察”或“精准感知”的语义色彩。例如，“intensely happy”是情绪强烈，而“acutely aware”则强调感知的清晰与深刻。"
    },
    {
      "word_to_compare": "keenly",
      "analysis": "“Keenly”（敏锐地）与“acutely”非常接近，常可互换，尤其在描述感知或洞察时。但“keenly”更常用于表达热切、渴望或兴趣（如“keenly interested”），而“acutely”更偏向于生理或心理上的强烈、尖锐体验，语义上更具医学或感官色彩。"
    }
  ]
}