{
  "word": "acute",
  "pronunciation": "uh·kyoot",
  "concise_definition": "adj. 严重的, 尖锐的, 敏锐的, 急性的",
  "forms": {
    "comparative": "more acute",
    "superlative": "most acute"
  },
  "definitions": [
    {
      "pos": "adjective",
      "explanation_en": "Of a condition or illness that is severe but of short duration, often requiring immediate attention.",
      "explanation_cn": "指病情或状况严重但持续时间短，通常需要立即治疗或关注。",
      "example_en": "She was admitted to the hospital with acute appendicitis.",
      "example_cn": "她因急性阑尾炎被送入医院。"
    },
    {
      "pos": "adjective",
      "explanation_en": "Having a sharp or pointed end or edge; also describing an angle less than 90 degrees.",
      "explanation_cn": "指具有尖锐末端或边缘的；也用于描述小于90度的角。",
      "example_en": "The knife had an acute tip that could pierce through thin metal.",
      "example_cn": "这把刀有一个尖锐的刀尖，能刺穿薄金属。"
    },
    {
      "pos": "adjective",
      "explanation_en": "Having a keen or sensitive perception, especially in noticing subtle details or distinctions.",
      "explanation_cn": "指具有敏锐的感知力，尤其能察觉细微的细节或区别。",
      "example_en": "His acute observation of body language helped him detect the lie.",
      "example_cn": "他对肢体语言的敏锐观察帮助他识破了谎言。"
    },
    {
      "pos": "adjective",
      "explanation_en": "Intense or severe in degree, especially in pain, emotion, or urgency.",
      "explanation_cn": "指程度强烈或严重，尤指疼痛、情绪或紧迫感。",
      "example_en": "He felt an acute sense of loss after her departure.",
      "example_cn": "她离开后，他感到一种深切的失落感。"
    }
  ],
  "comparison": [
    {
      "word_to_compare": "chronic",
      "analysis": "“Chronic”（慢性的）指长期持续、反复发作的状况，与 “acute” 的短期、突发性形成鲜明对比。例如，慢性背痛是持续数月甚至数年的，而急性背痛是突然发作、短暂剧烈的。"
    },
    {
      "word_to_compare": "sharp",
      "analysis": "“Sharp”（尖锐的）常用于描述物理上的尖利或感官上的刺痛，如尖锐的声音或疼痛，但不强调时间维度或严重性。而 “acute” 在医学语境中特指病情的突发与严重，语义更专业、更精确。"
    },
    {
      "word_to_compare": "keen",
      "analysis": "“Keen”（敏锐的）与 “acute” 在描述感知力时可互换，但 “keen” 更常用于表达兴趣或热情（如 keen interest），而 “acute” 更强调感知的精确性与洞察力，常用于智力或观察力的语境，语气更正式。"
    }
  ]
}