{
  "word": "ad",
  "pronunciation": "ad",
  "concise_definition": "n. 广告, 宣传",
  "forms": {
    "plural": "ads"
  },
  "definitions": [
    {
      "pos": "noun",
      "explanation_en": "A paid public message designed to promote a product, service, idea, or cause, typically delivered through media such as television, radio, print, or digital platforms.",
      "explanation_cn": "指为推广某种产品、服务、理念或事业而付费发布的公共信息，通常通过电视、广播、印刷品或数字平台传播。",
      "example_en": "The company ran a TV ad during the Super Bowl to launch its new smartphone.",
      "example_cn": "该公司在超级碗期间投放了电视广告，以推出其新款智能手机。"
    },
    {
      "pos": "noun",
      "explanation_en": "A short, attention-grabbing announcement or promotion, often used informally to refer to any kind of publicity or self-promotion.",
      "explanation_cn": "指一种简短、引人注目的公告或宣传，常用于非正式语境中泛指任何形式的宣传或自我推广。",
      "example_en": "He gave a quick ad for his new book at the end of the podcast.",
      "example_cn": "他在播客结尾简短地为自己的新书做了一次宣传。"
    }
  ],
  "comparison": [
    {
      "word_to_compare": "commercial",
      "analysis": "“Commercial”（商业广告）特指在电视或广播中播放的、有明确商业目的的广告片段，通常时长较短且包含音频和视觉元素。而 “ad” 是更通用的词，可涵盖印刷、网络、户外等所有形式的广告，不限于视听媒体。"
    },
    {
      "word_to_compare": "promotion",
      "analysis": "“Promotion”（促销/推广）是一个更宽泛的术语，包括广告、折扣、赠品、公关活动等多种营销手段，而 “ad” 仅指其中的宣传性信息本身。换句话说，广告是促销的一种形式，但促销不一定是广告。"
    },
    {
      "word_to_compare": "publicity",
      "analysis": "“Publicity”（宣传/曝光）强调的是公众对某人或某事物的关注，可以是付费的（如广告），也可以是免费的（如新闻报道）。而 “ad” 一定是付费的、有计划的传播行为，不包含自然获得的媒体关注。"
    }
  ]
}