{
  "word": "ada",
  "pronunciation": "ay·duh",
  "concise_definition": "n. 阿达（人名）",
  "forms": {
    "plural": "adas"
  },
  "definitions": [
    {
      "pos": "noun",
      "explanation_en": "A given name, most famously associated with Ada Lovelace, an English mathematician and writer regarded as the first computer programmer.",
      "explanation_cn": "一个女性名，最著名的是指阿达·洛芙莱斯，一位英国数学家和作家，被公认为世界上第一位计算机程序员。",
      "example_en": "Ada Lovelace wrote the first algorithm intended to be processed by a machine.",
      "example_cn": "阿达·洛芙莱斯编写了第一个旨在由机器处理的算法。"
    },
    {
      "pos": "noun",
      "explanation_en": "A proper noun used in various cultures as a personal name, sometimes derived from the Germanic element 'adal' meaning 'noble'.",
      "explanation_cn": "在多种文化中用作人名，有时源自日耳曼语词根 'adal'，意为‘高贵的’。",
      "example_en": "Ada is a popular name in Turkey and parts of Eastern Europe.",
      "example_cn": "阿达在土耳其和东欧部分地区是一个流行的名字。"
    }
  ],
  "comparison": [
    {
      "word_to_compare": "adah",
      "analysis": "“Adah” 是 “Ada” 的一种变体拼写，常见于希伯来语和圣经传统中，作为女性名字使用，意为‘装饰’或‘美丽’。与 ‘Ada’ 相比，‘Adah’ 更具宗教和历史语境，而 ‘Ada’ 在现代更常与科技先驱 Ada Lovelace 关联。"
    },
    {
      "word_to_compare": "ada",
      "analysis": "作为专有名词，‘Ada’ 与普通名词无直接语义关联。它不具有像 ‘example’ 或 ‘develop’ 那样的动词或抽象名词含义，其唯一语义功能是作为人名使用，因此在词典学中属于专有名词类别，与其他通用词汇的比较仅限于文化或词源层面。"
    },
    {
      "word_to_compare": "ada",
      "analysis": "在编程语言领域，‘Ada’ 也是一种高级编程语言的名称，以阿达·洛芙莱斯命名，用于高可靠性系统（如航空、国防）。因此，‘Ada’ 既是人名，也是技术术语，这种双重身份在英语词汇中较为罕见。"
    }
  ]
}