{
  "word": "adams",
  "pronunciation": "ay·dams",
  "concise_definition": "n. （姓氏）亚当斯；（复数形式）亚当们（非正式用法，指人类）",
  "forms": {
    "plural": "adams"
  },
  "definitions": [
    {
      "pos": "noun",
      "explanation_en": "A common English surname, derived from the given name Adam, meaning 'son of Adam'. It is associated with numerous notable individuals in history, politics, science, and the arts.",
      "explanation_cn": "一个常见的英文姓氏，源自名字 Adam，意为‘亚当之子’。该姓氏与历史上众多在政治、科学、艺术等领域有影响力的人物相关联。",
      "example_en": "John Adams was the second president of the United States.",
      "example_cn": "约翰·亚当斯是美国第二任总统。"
    },
    {
      "pos": "noun",
      "explanation_en": "Informal plural usage, especially in phrases like 'all the Adamses', referring to all human beings, alluding to Adam as the first man in biblical tradition.",
      "explanation_cn": "非正式复数用法，尤其在短语如 'all the Adamses' 中，指代全人类，暗指《圣经》传统中的人类始祖亚当。",
      "example_en": "They say all the Adamses are born with a tendency to make mistakes.",
      "example_cn": "人们说，所有的亚当们生来都有犯错的倾向。"
    }
  ],
  "comparison": [
    {
      "word_to_compare": "adam",
      "analysis": "“Adam” 是单数形式，通常指《圣经》中的人类始祖，或作为男性名字使用。而 “Adams” 是姓氏或复数形式，用于指代家族、多人或泛指人类。两者词源相同，但语义和语法功能不同。"
    },
    {
      "word_to_compare": "human",
      "analysis": "“Human” 是通用名词，指代人类这一物种，具有明确的生物学和哲学含义。而 “Adams” 作为人类的非正式复数用法，是一种文学性或隐喻性的表达，依赖文化背景（《圣经》亚当），不具备科学准确性。"
    },
    {
      "word_to_compare": "surname",
      "analysis": "“Surname” 是指姓氏的总称，是一个类别词。而 “Adams” 是一个具体的姓氏实例。前者是抽象概念，后者是具体名称，二者属于不同层级的语言单位。"
    }
  ]
}