{
  "word": "adamant",
  "pronunciation": "uh·dam·nt",
  "concise_definition": "adj. 坚决的, 顽固的, 不动摇的",
  "forms": {
    "comparative": "more adamant",
    "superlative": "most adamant"
  },
  "definitions": [
    {
      "pos": "adjective",
      "explanation_en": "Refusing to be persuaded or to change one's mind, even in the face of strong opposition or pressure; showing firm determination.",
      "explanation_cn": "即使面对强烈反对或压力，也拒绝被说服或改变主意；表现出坚定的决心。",
      "example_en": "She was adamant that she would not resign, no matter what the committee decided.",
      "example_cn": "无论委员会做出什么决定，她都坚决不肯辞职。"
    },
    {
      "pos": "adjective",
      "explanation_en": "Unyielding or inflexible in attitude or opinion, often to the point of being unreasonable or stubborn.",
      "explanation_cn": "态度或观点上毫不妥协、僵化，有时甚至达到不讲理或固执的地步。",
      "example_en": "His adamant refusal to compromise stalled the entire negotiation process.",
      "example_cn": "他顽固地拒绝妥协，导致整个谈判进程陷入停滞。"
    }
  ],
  "comparison": [
    {
      "word_to_compare": "determined",
      "analysis": "“Determined”（有决心的）强调积极追求目标的意志力，通常带有正面或中性色彩，暗示努力和专注。而 “adamant” 更侧重于拒绝改变立场，可能隐含固执或不合作的负面意味，不一定与目标达成相关。"
    },
    {
      "word_to_compare": "stubborn",
      "analysis": "“Stubborn”（固执的）与 “adamant” 意义非常接近，都指不愿改变，但 “stubborn” 更常用于日常口语，带有更强的贬义，暗示非理性或情绪化；而 “adamant” 更正式，可用于描述基于原则的坚定立场，有时甚至带有敬意。"
    },
    {
      "word_to_compare": "resolute",
      "analysis": "“Resolute”（坚决的）强调在面对困难时坚定不移，通常用于褒义，突出勇气和清晰的意志。而 “adamant” 更强调对特定观点或要求的固守，可能不涉及道德或勇气，仅表示态度强硬。"
    }
  ]
}