{
  "word": "adam",
  "pronunciation": "ad·uhm",
  "concise_definition": "n. 亚当（《圣经》中的人类始祖）；男人，男性",
  "forms": {
    "plural": "adams"
  },
  "definitions": [
    {
      "pos": "noun",
      "explanation_en": "The first man created by God in the biblical Book of Genesis, regarded as the progenitor of all humanity in Judeo-Christian tradition.",
      "explanation_cn": "《圣经·创世记》中上帝创造的第一个人类，被犹太-基督教传统视为全人类的始祖。",
      "example_en": "According to the Bible, Adam was formed from the dust of the earth and given life by God.",
      "example_cn": "据《圣经》记载，亚当由尘土造出，并由上帝赋予生命。"
    },
    {
      "pos": "noun",
      "explanation_en": "A generic term for a man or male human being, often used in phrases like 'every man has his Adam' to imply the universal nature of masculinity or human origin.",
      "explanation_cn": "泛指男性或男性人类，常用于短语如 'every man has his Adam'，以强调男性气质或人类起源的普遍性。",
      "example_en": "In literature, 'Adam' is sometimes used to symbolize the archetypal man, untouched by societal corruption.",
      "example_cn": "在文学中，'亚当' 常被用作象征未受社会腐化影响的原型男性。"
    }
  ],
  "comparison": [
    {
      "word_to_compare": "man",
      "analysis": "“Man”（男人）是一个通用词，泛指成年男性或人类（有时性别中性），使用范围广泛，可指个体或群体。而 “Adam” 是一个专有名词，特指《圣经》中的始祖，具有宗教和象征意义，常用于隐喻或文学语境中，强调人类的起源或原始状态。"
    },
    {
      "word_to_compare": "human",
      "analysis": "“Human”（人类）是生物学和哲学意义上的中性术语，指智人这一物种，强调理性、情感和文化属性。而 “Adam” 不仅指人类，更承载着神学叙事中的原罪、堕落与救赎等深层文化内涵，其象征意义远超物种分类。"
    },
    {
      "word_to_compare": "patriarch",
      "analysis": "“Patriarch”（族长）指一个家族或部落的男性首领，强调权力、权威和血统传承。虽然亚当在宗教传统中被视为人类的族长，但 “patriarch” 通常用于历史或社会结构语境，而 “Adam” 更具神话性和普遍性，代表全人类的共同祖先，而非某个具体群体的领袖。"
    }
  ]
}