{
  "word": "adaptable",
  "pronunciation": "uh·dap·tuh·buhl",
  "concise_definition": "adj. 适应性强的, 灵活的, 可调整的",
  "forms": {
    "comparative": "more adaptable",
    "superlative": "most adaptable"
  },
  "definitions": [
    {
      "pos": "adjective",
      "explanation_en": "Capable of adjusting or being modified to suit new conditions, environments, or purposes; flexible and responsive to change.",
      "explanation_cn": "能够调整或修改以适应新环境、新条件或新用途；具有灵活性，能对变化做出积极回应。",
      "example_en": "She is an adaptable employee who thrives in fast-changing work environments.",
      "example_cn": "她是一位适应性强的员工，在快速变化的工作环境中表现优异。"
    },
    {
      "pos": "adjective",
      "explanation_en": "Designed or structured in a way that allows for easy modification or customization to meet different needs.",
      "explanation_cn": "设计或结构上便于修改或定制，以满足不同需求。",
      "example_en": "The adaptable design of the furniture allows it to be reconfigured for small or large spaces.",
      "example_cn": "这种家具的可调节设计使其能够根据空间大小进行重新配置。"
    }
  ],
  "comparison": [
    {
      "word_to_compare": "flexible",
      "analysis": "“Flexible” (灵活的) 强调在形式、态度或方法上具有弹性，能弯曲而不折断，常用于描述物理特性或人的态度。而 “adaptable” 更侧重于实际适应新环境或新要求的能力，强调结果导向的调整。一个灵活的人可能愿意改变方式，但一个适应性强的人能真正融入新环境并有效运作。"
    },
    {
      "word_to_compare": "versatile",
      "analysis": "“Versatile” (多才多艺的/多功能的) 指一个人或事物能胜任多种不同任务或用途，强调能力的广泛性。而 “adaptable” 更关注应对变化和环境转换的能力，不一定涉及多种技能，而是能否在变化中调整自身。例如，一个工具可以是 versatile（能做多种事），但只有当它能适应不同场景时，才是 adaptable。"
    },
    {
      "word_to_compare": "resilient",
      "analysis": "“Resilient” (有韧性的) 指在遭受压力、挫折或逆境后能够恢复原状或反弹的能力，强调抗压与恢复。而 “adaptable” 更关注在变化发生前或过程中主动调整以应对，不必然经历严重打击。一个 resilient 的人可能在失败后重新站起来，而一个 adaptable 的人则可能提前改变策略避免失败。"
    }
  ]
}