{
  "word": "adaptive",
  "pronunciation": "ad·ap·tiv",
  "concise_definition": "adj. 适应的, 适应性强的, 可调整的",
  "forms": {
    "comparative": "more adaptive",
    "superlative": "most adaptive"
  },
  "definitions": [
    {
      "pos": "adjective",
      "explanation_en": "Capable of adjusting or being modified to suit new conditions, environments, or demands; showing flexibility and responsiveness to change.",
      "explanation_cn": "能够调整或修改以适应新环境、条件或需求；表现出对变化的灵活性和响应能力。",
      "example_en": "Adaptive learning systems tailor content to each student's pace and style.",
      "example_cn": "适应性学习系统会根据每个学生的学习节奏和风格调整教学内容。"
    },
    {
      "pos": "adjective",
      "explanation_en": "Biologically or evolutionarily modified to enhance survival or function in a specific environment.",
      "explanation_cn": "在生物学或进化上被改造以在特定环境中提高生存能力或功能。",
      "example_en": "The polar bear's thick fur is an adaptive trait for surviving in Arctic climates.",
      "example_cn": "北极熊厚厚的毛发是适应北极气候的一种特征。"
    },
    {
      "pos": "adjective",
      "explanation_en": "Designed to change or respond dynamically to user input or environmental variables, especially in technology or design.",
      "explanation_cn": "专为根据用户输入或环境变量动态调整而设计的，尤其用于科技或设计领域。",
      "example_en": "This app features an adaptive interface that changes based on screen size and usage patterns.",
      "example_cn": "这款应用程序具有自适应界面，可根据屏幕尺寸和使用模式自动调整。"
    }
  ],
  "comparison": [
    {
      "word_to_compare": "flexible",
      "analysis": "“Flexible”（灵活的）强调在形式、结构或态度上易于弯曲、改变或调整，常用于描述物理特性或人的性格。而 “adaptive” 更强调为应对新环境或挑战而进行的主动、功能性调整，具有更强的目的性和适应性后果。"
    },
    {
      "word_to_compare": "versatile",
      "analysis": "“Versatile”（多才多艺的/多功能的）指某物或某人能胜任多种不同任务或用途，强调的是广泛适用性。而 “adaptive” 强调的是对特定变化环境的响应和调整能力，不一定是多用途，而是能“因应而变”。"
    },
    {
      "word_to_compare": "resilient",
      "analysis": "“Resilient”（有韧性的）指在遭受压力、冲击或逆境后能够恢复原状或反弹的能力，侧重于“恢复力”。而 “adaptive” 更关注在变化过程中主动改变自身以适应新状态，不一定涉及恢复，而是持续调整。"
    }
  ]
}