{
  "word": "addictive",
  "pronunciation": "uh·dik·tiv",
  "concise_definition": "adj. 使人上瘾的, 令人着迷的",
  "forms": {
    "comparative": "more addictive",
    "superlative": "most addictive"
  },
  "definitions": [
    {
      "pos": "adjective",
      "explanation_en": "Capable of causing physical or psychological dependence, often due to the way it stimulates pleasure centers in the brain, leading to compulsive use despite negative consequences.",
      "explanation_cn": "指能够引起生理或心理依赖的特性，通常因其刺激大脑的愉悦中枢，导致使用者即使面临负面后果仍无法控制地反复使用。",
      "example_en": "Nicotine is highly addictive, making it difficult for smokers to quit.",
      "example_cn": "尼古丁具有很强的成瘾性，使吸烟者难以戒除。"
    },
    {
      "pos": "adjective",
      "explanation_en": "So engaging or enjoyable that it is difficult to stop using, watching, or participating in, even when it interferes with daily life or responsibilities.",
      "explanation_cn": "指极其吸引人或令人愉悦，以至于难以停止使用、观看或参与，即使它干扰了日常生活或责任。",
      "example_en": "The game's colorful graphics and rewarding mechanics made it incredibly addictive.",
      "example_cn": "这款游戏色彩鲜艳的画面和奖励机制使其极具吸引力，让人欲罢不能。"
    }
  ],
  "comparison": [
    {
      "word_to_compare": "habit-forming",
      "analysis": "“Habit-forming”（易形成习惯的）侧重于行为模式的重复性，通常不涉及强烈的生理依赖，更多指日常习惯的养成，如喝咖啡或刷手机。而 “addictive” 强调更深层的神经化学依赖，常伴随戒断反应和失控感，语义更强、更严重。"
    },
    {
      "word_to_compare": "compelling",
      "analysis": "“Compelling”（引人入胜的）强调吸引力和说服力，使人无法忽视或停止关注，但不必然导致依赖或成瘾。例如一部引人入胜的小说可能让人熬夜阅读，但不会引发生理成瘾。而 “addictive” 暗示了行为的不可控性和潜在危害。"
    },
    {
      "word_to_compare": "habitual",
      "analysis": "“Habitual”（习惯性的）描述的是已经形成的重复行为，是结果状态，而非原因。例如“a habitual liar”指一个总是撒谎的人。而 “addictive” 描述的是事物本身的特性，即它有能力引发习惯或依赖，是动因而非状态。"
    }
  ]
}