{
  "word": "additives",
  "pronunciation": "ad·di·tivs",
  "concise_definition": "n. 添加剂, 添加物",
  "forms": {
    "singular": "additive"
  },
  "definitions": [
    {
      "pos": "noun",
      "explanation_en": "Substances intentionally added to food, fuel, pharmaceuticals, or other products to improve their properties, such as flavor, shelf life, texture, or color.",
      "explanation_cn": "指有意添加到食品、燃料、药品或其他产品中，以改善其特性（如风味、保质期、质地或颜色）的物质。",
      "example_en": "Many processed foods contain preservatives and artificial color additives.",
      "example_cn": "许多加工食品中含有防腐剂和人工色素添加剂。"
    },
    {
      "pos": "noun",
      "explanation_en": "Chemical or natural compounds introduced into materials like concrete, plastics, or lubricants to enhance performance, durability, or processing efficiency.",
      "explanation_cn": "指被引入混凝土、塑料或润滑油等材料中，以增强其性能、耐久性或加工效率的化学或天然化合物。",
      "example_en": "The concrete mixture included plasticizers as additives to improve workability.",
      "example_cn": "该混凝土混合物中加入了塑化剂作为添加剂，以提高其可加工性。"
    }
  ],
  "comparison": [
    {
      "word_to_compare": "supplements",
      "analysis": "“Supplements” (补充剂) 通常指为补充营养或健康需求而添加的物质，如维生素、矿物质，强调的是弥补不足。而 “additives” 更广泛，可包含非营养性功能物质（如防腐剂、增稠剂），目的不限于补充，而是改良产品特性。"
    },
    {
      "word_to_compare": "ingredients",
      "analysis": "“Ingredients” (成分) 是构成最终产品的基本组成部分，通常是主要原料（如面粉、糖）。而 “additives” 是少量添加的辅助性物质，不作为主体，而是为了实现特定技术目的。一个产品可以有多个 ingredients，但只有少数是 additives。"
    },
    {
      "word_to_compare": "admixtures",
      "analysis": "“Admixtures” (掺合物) 与 “additives” 在工程和材料科学中常可互换，但 “admixtures” 更常用于指在制造过程中混合的多种物质组合，尤其在混凝土或沥青中，强调混合工艺；而 “additives” 更通用，适用于食品、化妆品、药品等多个领域，且常指单一功能的微量成分。"
    }
  ]
}