{
  "word": "addicted",
  "pronunciation": "uh·dik·tɪd",
  "concise_definition": "adj. 上瘾的, 有强烈癖好的",
  "forms": {
    "comparative": "more addicted",
    "superlative": "most addicted"
  },
  "definitions": [
    {
      "pos": "adjective",
      "explanation_en": "Physically or psychologically dependent on a substance, activity, or behavior to the point where it is difficult or impossible to stop, often despite negative consequences.",
      "explanation_cn": "对某种物质、活动或行为产生生理或心理上的依赖，难以或无法停止，即使明知会带来负面后果。",
      "example_en": "He became addicted to opioids after being prescribed them for chronic pain.",
      "example_cn": "他在因慢性疼痛被开具阿片类药物后，对它们产生了依赖。"
    },
    {
      "pos": "adjective",
      "explanation_en": "Having a strong, persistent enthusiasm or obsession for something, often used in a non-literal or figurative sense to describe habitual behavior.",
      "explanation_cn": "对某事物有强烈而持久的热情或痴迷，常用于非字面意义，形容某种习惯性行为。",
      "example_en": "She's addicted to scrolling through social media every night before bed.",
      "example_cn": "她每晚睡前都沉迷于刷社交媒体。"
    }
  ],
  "comparison": [
    {
      "word_to_compare": "dependent",
      "analysis": "“Dependent”（依赖的）是一个更中性、更广泛的术语，指在功能、情感或物质上需要他人或某物，不一定涉及成瘾或失控。例如，儿童依赖父母，病人依赖药物。而 “addicted” 强调一种强迫性、难以控制的渴求，常伴随戒断反应或负面后果，具有更强的病理性和情感色彩。"
    },
    {
      "word_to_compare": "obsessed",
      "analysis": "“Obsessed”（着迷的）强调心理上反复、侵入性地思考某事物，可能不涉及生理依赖或行为失控。例如，一个人可能痴迷于某个明星，但不会因此损害健康。而 “addicted” 通常意味着行为已影响到日常生活、健康或人际关系，具有更严重的后果。"
    },
    {
      "word_to_compare": "hooked",
      "analysis": "“Hooked”（上瘾的）是 “addicted” 的非正式同义词，常用于口语，语气较轻，多用于描述对娱乐、游戏或食物的强烈喜好，不一定有医学或心理病理含义。例如，他被一款游戏“hooked”了。而 “addicted” 更正式，常用于临床语境，暗示更深层的成瘾机制。"
    }
  ]
}