{
  "word": "addicts",
  "pronunciation": "uh·dikts",
  "concise_definition": "n. 成瘾者, 有瘾的人",
  "forms": {
    "singular": "addict"
  },
  "definitions": [
    {
      "pos": "noun",
      "explanation_en": "A person who is physically or psychologically dependent on a substance (such as drugs or alcohol) or a behavior (such as gambling or internet use), often despite harmful consequences.",
      "explanation_cn": "指对某种物质（如毒品或酒精）或某种行为（如赌博或上网）产生生理或心理依赖的人，即使明知会带来有害后果仍难以戒除。",
      "example_en": "The rehabilitation center helps addicts recover from opioid dependence.",
      "example_cn": "康复中心帮助成瘾者摆脱阿片类药物的依赖。"
    },
    {
      "pos": "noun",
      "explanation_en": "A person who is extremely enthusiastic or devoted to a particular activity, hobby, or interest, often used informally or humorously.",
      "explanation_cn": "指对某种活动、爱好或兴趣极度热衷或投入的人，常用于非正式或幽默语境中。",
      "example_en": "She's a total coffee addict—she drinks three cups before 8 a.m. every day.",
      "example_cn": "她是个十足的咖啡瘾君子——每天早上八点前就要喝三杯。"
    }
  ],
  "comparison": [
    {
      "word_to_compare": "user",
      "analysis": "“User”（使用者）是一个中性词，仅指使用某种物质或参与某种活动的人，不带有依赖或失控的含义。例如，一个“drug user”可能偶尔使用毒品，但未必成瘾；而 “addict” 则明确表示已丧失控制力，存在生理或心理依赖。"
    },
    {
      "word_to_compare": "dependent",
      "analysis": "“Dependent”（依赖者）是更广义的医学术语，可指对药物、金钱、他人等任何形式的依赖，不一定伴随强烈渴求或行为失控。而 “addict” 更强调成瘾行为的强迫性、重复性和负面后果，语义更具体、更强烈。"
    },
    {
      "word_to_compare": "enthusiast",
      "analysis": "“Enthusiast”（爱好者）指对某事物有强烈兴趣并积极投入的人，但完全不涉及失控或有害后果。例如，一个“film enthusiast”热爱看电影，但不会因此影响生活；而 “addict” 暗示行为已超出正常范围，具有破坏性。"
    }
  ]
}