{
  "word": "adding",
  "pronunciation": "ad·ding",
  "concise_definition": "v. 增加, 添加, 相加",
  "forms": {
    "base_form": "add",
    "third_person_singular": "adds",
    "past_tense": "added",
    "past_participle": "added",
    "present_participle": "adding"
  },
  "definitions": [
    {
      "pos": "verb",
      "explanation_en": "To put something extra into a group, collection, or system in order to increase its quantity, content, or complexity.",
      "explanation_cn": "指将额外的事物加入到一个群体、集合或系统中，以增加其数量、内容或复杂性。",
      "example_en": "She is adding more details to the report to make it more comprehensive.",
      "example_cn": "她正在为报告添加更多细节，使其更加全面。"
    },
    {
      "pos": "verb",
      "explanation_en": "To perform the mathematical operation of summing two or more numbers or quantities.",
      "explanation_cn": "指进行数学上的加法运算，将两个或多个数字或数量相加。",
      "example_en": "Adding 5 and 7 gives you 12.",
      "example_cn": "5 加 7 等于 12。"
    },
    {
      "pos": "verb",
      "explanation_en": "To contribute something personally or emotionally, often to enhance an experience or outcome.",
      "explanation_cn": "指个人或情感上贡献某种东西，通常是为了提升某种体验或结果。",
      "example_en": "His sense of humor was adding a lot of joy to the gathering.",
      "example_cn": "他的幽默感为聚会增添了许多欢乐。"
    }
  ],
  "comparison": [
    {
      "word_to_compare": "append",
      "analysis": "“Append”（附加）通常指在现有内容的末尾添加信息，尤其用于文本、文件或数据结构中，强调位置的“末端性”和形式的“非侵入性”。而 “adding” 更通用，可发生在任何位置，且不限于文本或数据，也可用于抽象概念或情感的增加。"
    },
    {
      "word_to_compare": "incorporate",
      "analysis": "“Incorporate”（合并、纳入）强调将某物整合进一个整体中，使其成为其不可分割的一部分，通常伴随结构或功能上的改变。而 “adding” 仅表示增加，不一定改变原有结构，新增部分可能保持独立。"
    },
    {
      "word_to_compare": "augment",
      "analysis": "“Augment”（增强）比 “adding” 更正式，常用于强调通过增加来显著提升质量、价值或强度，多用于抽象或技术语境（如 augmenting income, augmenting capacity）。而 “adding” 更中性、日常，仅表示数量上的增加，不必然隐含提升效果。"
    }
  ]
}