{
  "word": "addition",
  "pronunciation": "uhd·ish·uhn",
  "concise_definition": "n. 增加, 加法, 附加物",
  "forms": {
    "plural": "additions"
  },
  "definitions": [
    {
      "pos": "noun",
      "explanation_en": "The act or process of adding one thing to another, especially in mathematics, where two or more numbers are combined to produce a sum.",
      "explanation_cn": "指将一个事物加到另一个事物上的行为或过程，尤其在数学中，指将两个或多个数字相加以得出总和。",
      "example_en": "The addition of 5 and 7 equals 12.",
      "example_cn": "5 加 7 等于 12。"
    },
    {
      "pos": "noun",
      "explanation_en": "Something that is added to something else, often to improve, enhance, or extend it.",
      "explanation_cn": "指被添加到某物上的东西，通常是为了改进、增强或扩展其功能或范围。",
      "example_en": "The new wing is a welcome addition to the museum.",
      "example_cn": "新建的展馆是博物馆令人欢迎的补充。"
    },
    {
      "pos": "noun",
      "explanation_en": "A supplementary element or component, often used in contexts like food, clothing, or design to denote an extra feature.",
      "explanation_cn": "指作为补充的元素或组成部分，常用于食物、服装或设计等领域，表示额外的特征。",
      "example_en": "A sprinkle of parsley is a simple addition that enhances the flavor.",
      "example_cn": "撒上一点欧芹是一种简单的添加，能提升风味。"
    }
  ],
  "comparison": [
    {
      "word_to_compare": "sum",
      "analysis": "“Sum” (总和) 是加法运算的结果，是一个具体的数值；而 “addition” 指的是加法的过程或行为本身。例如，我们说 “the addition of numbers”（数字的相加），但说 “the sum is 10”（总和是10）。"
    },
    {
      "word_to_compare": "appendix",
      "analysis": "“Appendix” (附录) 通常指文本、文件或结构中附加的、非核心的补充部分，多用于书籍、报告或解剖学中，具有固定性和正式性。而 “addition” 更通用，可以是临时的、非正式的或功能性的补充，不局限于书面形式。"
    },
    {
      "word_to_compare": "increment",
      "analysis": "“Increment” (增量) 强调按固定单位或比例进行的微小增加，常用于技术、统计或编程语境，如“每次增加1”。而 “addition” 更广泛，可以是任意大小的增加，不强调单位或规律性。"
    }
  ]
}