{
  "word": "additional",
  "pronunciation": "uhd·i·shuh·nuhl",
  "concise_definition": "adj. 额外的, 附加的",
  "forms": {
    "comparative": "more additional",
    "superlative": "most additional"
  },
  "definitions": [
    {
      "pos": "adjective",
      "explanation_en": "Supplied or added beyond what is usual, necessary, or already present; not original or primary.",
      "explanation_cn": "指超出常规、必要或已存在部分而额外提供或增加的；非原始或主要的。",
      "example_en": "We need additional information to process your application.",
      "example_cn": "我们需要额外的信息来处理您的申请。"
    },
    {
      "pos": "adjective",
      "explanation_en": "Used to describe something that is supplementary or extra in nature, often to enhance, complete, or support the original.",
      "explanation_cn": "用于描述本质上是补充性或附加性的内容，通常用于增强、完善或支持原始事物。",
      "example_en": "The hotel offers additional services such as spa treatments and airport transfers.",
      "example_cn": "酒店提供额外的服务，如水疗护理和机场接送。"
    }
  ],
  "comparison": [
    {
      "word_to_compare": "extra",
      "analysis": "“Extra” (额外的) 与 “additional” 非常接近，常可互换，但 “extra” 更口语化，且更强调“非必需”或“超出预期”的部分，有时带有“惊喜”或“优惠”的意味。而 “additional” 更中性、正式，常用于书面语和专业语境中，强调在原有基础上的增加。"
    },
    {
      "word_to_compare": "supplementary",
      "analysis": "“Supplementary” (补充的) 侧重于为完善或加强主体而提供的内容，通常具有功能性或辅助性，如补充教材、补充证据。它比 “additional” 更强调“配合”和“支持”的关系，而非单纯的数量增加。"
    },
    {
      "word_to_compare": "further",
      "analysis": "“Further” (进一步的) 强调在时间、空间或逻辑上的延续或推进，常用于抽象概念（如进一步讨论、进一步研究）。而 “additional” 更侧重于数量或项目的增加，不必然包含递进或深化的含义。"
    }
  ]
}