{
  "word": "additionally",
  "pronunciation": "uhd·i·shuh·nuhl·lee",
  "concise_definition": "adv. 此外, 而且, 另外",
  "forms": {
    "adjective": "additional",
    "noun": "addition"
  },
  "definitions": [
    {
      "pos": "adverb",
      "explanation_en": "Used to introduce an extra point, fact, or piece of information that supplements what has already been said or written.",
      "explanation_cn": "用于引入一个补充性的观点、事实或信息，以增强或扩展之前已提及的内容。",
      "example_en": "The hotel offers free Wi-Fi; additionally, guests receive a complimentary breakfast.",
      "example_cn": "这家酒店提供免费Wi-Fi；此外，客人还可享受免费早餐。"
    },
    {
      "pos": "adverb",
      "explanation_en": "In a manner that adds to or increases something, often emphasizing an accumulation of benefits, features, or consequences.",
      "explanation_cn": "以增加、补充某种事物的方式，常用于强调利益、特征或后果的累积。",
      "example_en": "The policy is effective in reducing emissions; additionally, it lowers operational costs.",
      "example_cn": "这项政策在减少排放方面有效；此外，它还降低了运营成本。"
    }
  ],
  "comparison": [
    {
      "word_to_compare": "furthermore",
      "analysis": "“Furthermore” 与 “additionally” 意义高度相似，都用于添加信息，但 “furthermore” 语气更正式，常用于学术或书面语境，强调逻辑上的递进；而 “additionally” 更中性、通用，适用于口语和书面语。"
    },
    {
      "word_to_compare": "moreover",
      "analysis": "“Moreover” 比 “additionally” 更强调重要性或说服力，常用于论证中引入一个具有更强分量的理由，带有‘更重要的是’的意味。而 “additionally” 更侧重于单纯地补充信息，语气较轻。"
    },
    {
      "word_to_compare": "also",
      "analysis": "“Also” 是最常用、最口语化的替代词，通常置于句中（如 ‘I also like tea’），而 “additionally” 多用于句首或句中，语气更正式，结构更完整，常用于连接两个独立句子或段落，强调信息的并列补充。"
    }
  ]
}