{
  "word": "additions",
  "pronunciation": "uh·dih·shuhnz",
  "concise_definition": "n. 增加物, 附加物, 补充部分",
  "forms": {
    "singular": "addition"
  },
  "definitions": [
    {
      "pos": "noun",
      "explanation_en": "Something that is added to something else to improve, complete, or extend it, often in a physical, structural, or conceptual sense.",
      "explanation_cn": "指被添加到某物上以改进、完善或扩展它的部分，常用于物理结构、建筑或抽象概念的延伸。",
      "example_en": "The new wing is a welcome addition to the museum.",
      "example_cn": "新的展厅是博物馆令人欢迎的补充部分。"
    },
    {
      "pos": "noun",
      "explanation_en": "The act or process of adding something, especially in mathematics or when combining elements.",
      "explanation_cn": "指添加某物的行为或过程，尤其在数学运算或组合元素时使用。",
      "example_en": "The addition of these numbers equals 47.",
      "example_cn": "这些数字相加的结果是47。"
    },
    {
      "pos": "noun",
      "explanation_en": "An extra item or feature included beyond the original or basic version, often as an enhancement or bonus.",
      "explanation_cn": "指在原始或基本版本之外额外包含的项目或功能，通常作为改进或附加福利。",
      "example_en": "The software update includes several useful additions, such as dark mode and voice commands.",
      "example_cn": "软件更新包含几个有用的附加功能，如深色模式和语音指令。"
    }
  ],
  "comparison": [
    {
      "word_to_compare": "appendix",
      "analysis": "“Appendix”（附录）特指附加在书籍、报告或文档末尾的补充材料，通常是文字性、参考性的内容，结构固定且非核心。而 “addition” 更通用，可指任何类型的添加，包括物理结构、功能或抽象元素，不一定局限于书面形式。"
    },
    {
      "word_to_compare": "supplement",
      "analysis": "“Supplement”（补充物）强调对原有内容的辅助性增强，常用于营养品、期刊或信息的补充，隐含“原内容已完整，此为辅助”的意味。而 “addition” 更中性，不暗示原有内容是否完整，仅表示“被加入”的动作或结果。"
    },
    {
      "word_to_compare": "increment",
      "analysis": "“Increment”（增量）多用于数学、编程或数据领域，指按固定单位或规则进行的微小增加，强调数量上的精确变化。而 “addition” 更广泛，可用于任何规模、任何语境的增加，不局限于量化或系统性变化。"
    }
  ]
}