{
  "word": "addis",
  "pronunciation": "ad·is",
  "concise_definition": "n. 阿迪斯（专有名词，地名/人名）",
  "forms": {
    "plural": "Addises"
  },
  "definitions": [
    {
      "pos": "noun",
      "explanation_en": "A proper noun referring to Addis Ababa, the capital city of Ethiopia, often used in context as 'Addis' for brevity.",
      "explanation_cn": "专有名词，指埃塞俄比亚首都亚的斯亚贝巴，常简称为 'Addis'。",
      "example_en": "Addis is hosting the African Union headquarters and is a hub for international diplomacy in Africa.",
      "example_cn": "亚的斯亚贝巴是非洲联盟总部所在地，也是非洲国际外交的中心。"
    },
    {
      "pos": "noun",
      "explanation_en": "A surname or given name used in various cultures, particularly in East African and Ethiopian contexts.",
      "explanation_cn": "用作姓氏或名字，常见于东非和埃塞俄比亚等文化背景中。",
      "example_en": "Dr. Addis is a renowned epidemiologist working with the World Health Organization.",
      "example_cn": "阿迪斯博士是一位与世界卫生组织合作的著名流行病学家。"
    }
  ],
  "comparison": [
    {
      "word_to_compare": "Addis Ababa",
      "analysis": "“Addis Ababa” 是埃塞俄比亚首都的完整官方名称，意为“新花朵”；而 “Addis” 是其口语化或简化的形式，常用于新闻、日常对话或非正式语境中，两者为全称与简称的关系，语义相同但语用场合不同。"
    },
    {
      "word_to_compare": "Ethiopia",
      "analysis": "“Ethiopia” 是国家名称，泛指整个国家；而 “Addis” 仅指其首都，是国家的政治、经济和文化中心。使用时，“Addis” 代表城市，而 “Ethiopia” 代表国家整体，不可互换。"
    },
    {
      "word_to_compare": "capital",
      "analysis": "“Capital” 是通用名词，泛指任何国家的首都；而 “Addis” 是专有名词，特指埃塞俄比亚的首都。前者是类别词，后者是具体实例，二者属于抽象概念与具体名称的关系。"
    }
  ]
}