{
  "word": "addiction",
  "pronunciation": "uh-dik·shun",
  "concise_definition": "n. 沉迷, 上瘾, 强烈嗜好",
  "forms": {
    "plural": "addictions"
  },
  "definitions": [
    {
      "pos": "noun",
      "explanation_en": "A strong, often compulsive, physical or psychological dependence on a substance (such as drugs or alcohol) or a behavior (such as gambling or internet use), despite harmful consequences.",
      "explanation_cn": "指对某种物质（如毒品或酒精）或行为（如赌博或网络使用）产生强烈、往往是强迫性的生理或心理依赖，即使带来有害后果仍无法自控。",
      "example_en": "His addiction to nicotine made it difficult for him to quit smoking.",
      "example_cn": "他对尼古丁的上瘾使他难以戒烟。"
    },
    {
      "pos": "noun",
      "explanation_en": "An intense and habitual craving for or attachment to something, not necessarily involving substances, such as an addiction to work, shopping, or social media.",
      "explanation_cn": "指对某种事物（不一定是物质）产生强烈而持久的渴望或依恋，例如对工作、购物或社交媒体的沉迷。",
      "example_en": "She has an addiction to scrolling through social media every night before bed.",
      "example_cn": "她每晚睡前都沉迷于刷社交媒体。"
    }
  ],
  "comparison": [
    {
      "word_to_compare": "habit",
      "analysis": "“Habit”（习惯）指一种反复出现的、通常无意识的行为模式，可能有益或无害，如每天晨跑。它不必然伴随失控或负面后果。而 “addiction” 强调失去控制、生理或心理依赖，且通常导致显著的负面影响，程度远重于普通习惯。"
    },
    {
      "word_to_compare": "craving",
      "analysis": "“Craving”（渴望）是渴望某种事物的强烈感觉，是成瘾的一个症状，但本身不是成瘾的完整状态。例如，戒烟者可能有吸烟的渴望，但尚未形成成瘾。而 “addiction” 是包含渴望、耐受性、戒断反应和行为失控的综合病症。"
    },
    {
      "word_to_compare": "compulsion",
      "analysis": "“Compulsion”（强迫行为）指无法抗拒地去做某事的内在冲动，常见于强迫症（OCD），通常是为了缓解焦虑而重复的行为（如反复洗手）。而 “addiction” 的驱动力是追求快感或逃避痛苦，其核心是奖赏系统的激活，而非焦虑缓解。两者可能重叠，但动机和神经机制不同。"
    }
  ]
}