{
  "word": "addison",
  "pronunciation": "uh·dih·suhn",
  "concise_definition": "n. 阿迪森（姓氏/地名）；阿迪森病（医学术语）",
  "forms": {
    "plural": "addisons"
  },
  "definitions": [
    {
      "pos": "noun",
      "explanation_en": "A surname of English origin, commonly associated with Thomas Addison (1793–1860), the English physician who first described Addison's disease.",
      "explanation_cn": "一个源自英语的姓氏，常与英国医生托马斯·阿迪森（1793–1860）相关，他首次描述了阿迪森病。",
      "example_en": "Dr. Addison's groundbreaking research on adrenal function revolutionized endocrinology.",
      "example_cn": "阿迪森博士对肾上腺功能的开创性研究彻底改变了内分泌学。"
    },
    {
      "pos": "noun",
      "explanation_en": "Addison's disease: A rare disorder in which the adrenal glands do not produce sufficient steroid hormones, especially cortisol and aldosterone, leading to fatigue, weight loss, low blood pressure, and skin darkening.",
      "explanation_cn": "阿迪森病：一种罕见疾病，因肾上腺无法产生足够的类固醇激素（尤其是皮质醇和醛固酮），导致疲劳、体重减轻、低血压和皮肤色素沉着。",
      "example_en": "She was diagnosed with Addison's disease after experiencing persistent fatigue and hyperpigmentation.",
      "example_cn": "她在持续疲劳和皮肤色素沉着后被诊断出患有阿迪森病。"
    }
  ],
  "comparison": [
    {
      "word_to_compare": "cushing",
      "analysis": "“Cushing”（库欣）指库欣综合征，是由于皮质醇过多引起的疾病，与阿迪森病（皮质醇不足）正好相反。两者均涉及肾上腺皮质激素失调，但病理机制和临床表现完全对立。"
    },
    {
      "word_to_compare": "thyroid",
      "analysis": "“Thyroid”（甲状腺）指另一内分泌腺体，其功能异常（如甲亢或甲减）影响新陈代谢，但不直接涉及肾上腺激素。阿迪森病特指肾上腺皮质功能衰竭，与甲状腺疾病在解剖位置和激素类型上不同。"
    },
    {
      "word_to_compare": "diabetes",
      "analysis": "“Diabetes”（糖尿病）是胰岛素相关代谢紊乱，主要影响血糖调节；而阿迪森病是肾上腺皮质激素缺乏，影响电解质平衡和应激反应。两者虽都属内分泌疾病，但病因、靶器官和治疗方式截然不同。"
    }
  ]
}