{
  "word": "addictions",
  "pronunciation": "uh-dik·shuhnz",
  "concise_definition": "n. 成瘾, 依赖, 痴迷",
  "forms": {
    "singular": "addiction"
  },
  "definitions": [
    {
      "pos": "noun",
      "explanation_en": "A strong, often compulsive need to engage in a behavior or consume a substance, despite harmful consequences, characterized by loss of control and physical or psychological dependence.",
      "explanation_cn": "指对某种行为或物质产生强烈、常常是强迫性的需求，即使带来有害后果仍无法控制，表现为生理或心理上的依赖。",
      "example_en": "His addiction to alcohol ruined his career and relationships.",
      "example_cn": "他对酒精的成瘾毁掉了他的事业和人际关系。"
    },
    {
      "pos": "noun",
      "explanation_en": "A habitual and excessive devotion to an activity or interest, often used metaphorically to describe behaviors that are difficult to stop, even if not clinically addictive.",
      "explanation_cn": "指对某种活动或兴趣的惯性且过度的沉迷，常用于比喻那些难以戒除但未必属于临床成瘾的行为。",
      "example_en": "She has an addiction to shopping—she buys something every day, even when she doesn’t need it.",
      "example_cn": "她对购物上瘾了——即使不需要，她每天都买东西。"
    }
  ],
  "comparison": [
    {
      "word_to_compare": "habit",
      "analysis": "“Habit”（习惯）指一种反复进行的、自动化的行为，通常不伴随强烈的渴望或生理依赖，且容易通过意志力改变。而 “addiction” 涉及更深层的心理或生理依赖，戒断时可能引发痛苦反应，改变难度远高于普通习惯。"
    },
    {
      "word_to_compare": "dependency",
      "analysis": "“Dependency”（依赖）是一个更宽泛的术语，可指对人、系统或物质的依靠，不一定具有强迫性或成瘾的特征。例如，儿童对父母的依赖是正常的。而 “addiction” 特指一种病态的、自我破坏性的依赖，常伴随耐受性和戒断症状。"
    },
    {
      "word_to_compare": "compulsion",
      "analysis": "“Compulsion”（强迫行为）强调一种无法抗拒的内在冲动，常与强迫症（OCD）相关，行为本身可能是中性的（如反复洗手），但动机是缓解焦虑。而 “addiction” 的动机通常是追求快感或逃避痛苦，行为本身具有奖赏性，两者机制不同但常共存。"
    }
  ]
}