{
  "word": "addressed",
  "pronunciation": "uh·dresd",
  "concise_definition": "v. 处理, 应对, 演讲, 向...致辞",
  "forms": {
    "base_form": "address",
    "third_person_singular": "addresses",
    "past_tense": "addressed",
    "past_participle": "addressed",
    "present_participle": "addressing"
  },
  "definitions": [
    {
      "pos": "verb",
      "explanation_en": "To deal with or take action regarding a problem, issue, or concern in a deliberate and systematic way.",
      "explanation_cn": "指有意识地、系统地处理或应对某个问题、议题或关切事项。",
      "example_en": "The government has addressed the housing crisis with new policy measures.",
      "example_cn": "政府已通过新的政策措施应对住房危机。"
    },
    {
      "pos": "verb",
      "explanation_en": "To speak formally to a group of people, especially in a public setting or official context.",
      "explanation_cn": "指在公共场合或正式情境中向一群人发表讲话或致辞。",
      "example_en": "The CEO addressed the employees at the annual meeting.",
      "example_cn": "首席执行官在年度会议上向员工发表了讲话。"
    },
    {
      "pos": "verb",
      "explanation_en": "To write or print a person's name and location on an envelope or package to indicate where it should be delivered.",
      "explanation_cn": "指在信封或包裹上书写或打印收件人的姓名和地址，以标明投递目的地。",
      "example_en": "She carefully addressed the letters before mailing them.",
      "example_cn": "她在寄出信件前仔细地写好了收件地址。"
    }
  ],
  "comparison": [
    {
      "word_to_compare": "handled",
      "analysis": "“Handled” (处理) 更泛指对事务的应对，可能包含临时性、非正式或操作性的处理方式，不强调系统性或公开性。而 “addressed” 更常用于正式语境，暗示有意识地、全面地面对问题，常带有解决问题的意图。"
    },
    {
      "word_to_compare": "spoke",
      "analysis": "“Spoke” (说话) 是 “speak” 的过去式，仅表示发出语言，不强调场合的正式性或对象的特定性。而 “addressed” 特指在正式场合向特定群体发表讲话，具有更强的仪式感和目的性。"
    },
    {
      "word_to_compare": "targeted",
      "analysis": "“Targeted” (针对) 强调将行动或资源集中于特定对象或群体，常用于营销或政策领域。而 “addressed” 更侧重于对问题本身的回应，不一定强调对象的精准性，但更强调问题的全面性处理。"
    }
  ]
}