{
  "word": "addressing",
  "pronunciation": "uh·dres·ing",
  "concise_definition": "v. 处理, 应对, 演讲, 向...致辞",
  "forms": {
    "base_form": "address",
    "third_person_singular": "addresses",
    "past_tense": "addressed",
    "past_participle": "addressed",
    "present_participle": "addressing"
  },
  "definitions": [
    {
      "pos": "verb",
      "explanation_en": "To deal with or attempt to solve a problem, issue, or concern, often in a systematic or formal manner.",
      "explanation_cn": "指有系统地或正式地处理、应对某个问题、议题或关切事项。",
      "example_en": "The government is addressing the issue of climate change through new legislation.",
      "example_cn": "政府正通过新立法应对气候变化问题。"
    },
    {
      "pos": "verb",
      "explanation_en": "To speak directly to a group of people, especially in a formal setting, to convey information, persuade, or inspire.",
      "explanation_cn": "指在正式场合向一群人发表讲话，以传达信息、说服或激励。",
      "example_en": "The CEO was addressing the employees about the company's future direction.",
      "example_cn": "首席执行官正在向员工们讲话，阐述公司未来的方向。"
    },
    {
      "pos": "verb",
      "explanation_en": "To write or mark the name and location of a recipient on an envelope or package for delivery.",
      "explanation_cn": "指在信封或包裹上书写收件人的姓名和地址，以便投递。",
      "example_en": "She spent the afternoon addressing holiday cards to her relatives.",
      "example_cn": "她花了一下午时间给亲戚们写节日贺卡的地址。"
    }
  ],
  "comparison": [
    {
      "word_to_compare": "handling",
      "analysis": "“Handling” (处理) 更侧重于实际操作或管理某事，常用于日常或技术性事务，语气较中性。而 “addressing” 更强调主动面对、系统性回应，常用于正式语境，带有解决问题的意图。"
    },
    {
      "word_to_compare": "tackling",
      "analysis": "“Tackling” (解决/应对) 带有更强的挑战性和主动性，常用于困难或棘手的问题，隐含“迎难而上”的意味。而 “addressing” 更中性，可涵盖从简单提及到深入解决的广泛程度。"
    },
    {
      "word_to_compare": "speaking to",
      "analysis": "“Speaking to” (对...讲话) 是 “addressing” 在“演说”义项下的口语化表达，但缺乏正式性与目的性。而 “addressing” 暗示讲话有明确目标（如说服、通知、动员），常用于官方或公共场合。"
    }
  ]
}