{
  "word": "adds",
  "pronunciation": "adds",
  "concise_definition": "v. 增加, 添加, 补充",
  "forms": {
    "base_form": "add",
    "third_person_singular": "adds",
    "past_tense": "added",
    "past_participle": "added",
    "present_participle": "adding"
  },
  "definitions": [
    {
      "pos": "verb",
      "explanation_en": "To put something extra into a mixture, group, or system to increase its quantity, content, or complexity.",
      "explanation_cn": "将额外的东西加入混合物、群体或系统中，以增加其数量、内容或复杂性。",
      "example_en": "She adds a pinch of salt to enhance the flavor of the soup.",
      "example_cn": "她加了一小撮盐来提升汤的风味。"
    },
    {
      "pos": "verb",
      "explanation_en": "To contribute an additional point, idea, or piece of information in a discussion or argument.",
      "explanation_cn": "在讨论或论证中补充一个额外的观点、想法或信息。",
      "example_en": "He adds that the policy must also consider environmental impacts.",
      "example_cn": "他补充说，这项政策还必须考虑环境影响。"
    },
    {
      "pos": "verb",
      "explanation_en": "To perform the mathematical operation of summing two or more numbers.",
      "explanation_cn": "执行两个或多个数字相加的数学运算。",
      "example_en": "If you add 5 and 7, you get 12.",
      "example_cn": "如果你把5和7相加，结果是12。"
    }
  ],
  "comparison": [
    {
      "word_to_compare": "append",
      "analysis": "“Append”（附加）通常指在现有内容的末尾添加信息，尤其用于文本、文件或数据结构中，强调位置的“末端性”和非破坏性。而 “adds” 更通用，可指在任何位置或方式中加入，不局限于末尾。"
    },
    {
      "word_to_compare": "include",
      "analysis": "“Include”（包含）强调将某物作为整体的一部分纳入，通常暗示该物本应属于该集合。而 “adds” 更强调动作本身——主动增加原本不存在或未被包含的内容，带有增量的意味。"
    },
    {
      "word_to_compare": "supplement",
      "analysis": "“Supplement”（补充）通常指为完善或增强原有内容而添加辅助性、非核心的部分，常用于正式语境，如补充材料、营养补充剂。而 “adds” 更中性、日常，可指任何类型的添加，无论是否为辅助性质。"
    }
  ]
}