{
  "word": "adelaide",
  "pronunciation": "ad·uh·layd",
  "concise_definition": "n. 阿德莱德（澳大利亚南澳大利亚州首府）",
  "forms": {
    "plural": "Adelaides"
  },
  "definitions": [
    {
      "pos": "noun",
      "explanation_en": "The capital city of South Australia, known for its cultural festivals, wide boulevards, parks, and wine regions; founded in 1836 as a planned colonial settlement.",
      "explanation_cn": "澳大利亚南澳大利亚州的首府，以其文化节日、宽阔的林荫大道、公园和葡萄酒产区而闻名；于1836年作为规划的殖民定居点建立。",
      "example_en": "Adelaide is often called the 'Festival City' for its numerous annual arts and music events.",
      "example_cn": "阿德莱德因其众多年度艺术与音乐活动而被称为‘节日之城’。"
    },
    {
      "pos": "noun",
      "explanation_en": "A proper noun used as a personal name, typically for women, derived from the city name and popularized in English-speaking countries during the 19th century.",
      "explanation_cn": "作为人名（通常用于女性）使用的专有名词，源自城市名，于19世纪在英语国家流行开来。",
      "example_en": "Adelaide was a prominent suffragette and advocate for women's education in the early 1900s.",
      "example_cn": "阿德莱德是20世纪初一位著名的女权运动者和女性教育倡导者。"
    }
  ],
  "comparison": [
    {
      "word_to_compare": "canberra",
      "analysis": "“Canberra”（堪培拉）是澳大利亚的首都，而“Adelaide”是南澳大利亚州的首府。两者都是澳大利亚城市，但 Canberra 是联邦政治中心，Adelaide 则是区域文化与经济中心，规模较小但更注重生活质量与艺术氛围。"
    },
    {
      "word_to_compare": "melbourne",
      "analysis": "“Melbourne”（墨尔本）是维多利亚州首府，以多元文化、咖啡文化和体育赛事著称；而“Adelaide”更安静、规划更有序，以葡萄酒、美食节和更宽松的生活节奏闻名。两者均为澳大利亚重要城市，但 Adelaide 的人口和国际知名度略低。"
    },
    {
      "word_to_compare": "sydney",
      "analysis": "“Sydney”（悉尼）是澳大利亚最大城市和国际门户，以歌剧院和海港闻名；而“Adelaide”虽具文化魅力，但规模较小、节奏更慢，较少国际游客，更受本地居民和艺术爱好者青睐。两者代表了澳大利亚城市发展的不同模式。"
    }
  ]
}