{
  "word": "aden",
  "pronunciation": "ay·den",
  "concise_definition": "n. 腺（常用于复合词中）",
  "forms": {
    "plural": "adens"
  },
  "definitions": [
    {
      "pos": "noun",
      "explanation_en": "A combining form or suffix used in medical terminology to denote a gland or glandular tissue, typically appearing in compound words such as 'adenitis' or 'adenoma'.",
      "explanation_cn": "医学术语中的一个组合形式或后缀，用于表示腺体或腺组织，通常出现在复合词中，如 'adenitis'（腺炎）或 'adenoma'（腺瘤）。",
      "example_en": "The patient was diagnosed with adenocarcinoma, a cancer originating in glandular tissue.",
      "example_cn": "患者被诊断为腺癌，这是一种起源于腺体组织的癌症。"
    }
  ],
  "comparison": [
    {
      "word_to_compare": "gland",
      "analysis": "“Gland”（腺）是一个独立的名词，指身体中分泌激素或液体的器官，如甲状腺、汗腺。而 “aden” 并不单独使用，仅作为词根出现在医学术语中，表示“腺的”含义，不具备独立语义功能。"
    },
    {
      "word_to_compare": "lymph",
      "analysis": "“Lymph”（淋巴）指循环于淋巴系统中的液体，与腺体功能相关但本身不是腺体。而 “aden” 专指腺体结构本身，二者属于不同解剖概念：一个是组织（aden），一个是体液（lymph）。"
    },
    {
      "word_to_compare": "tissue",
      "analysis": "“Tissue”（组织）是生物学中更广泛的术语，泛指由相似细胞组成的结构，包括肌肉组织、神经组织等。而 “aden” 特指腺体组织，是 “tissue” 的一个子类，语义范围更窄、更专业。"
    }
  ]
}