{
  "word": "adept",
  "pronunciation": "uh·dept",
  "concise_definition": "adj. 熟练的, 擅长的; n. 精通者, 行家",
  "forms": {
    "comparative": "adepter",
    "superlative": "adeptest"
  },
  "definitions": [
    {
      "pos": "adjective",
      "explanation_en": "Highly skilled or proficient in a particular activity or subject, often through practice or natural talent.",
      "explanation_cn": "在某一特定活动或领域中非常熟练或精通，通常通过练习或天赋获得。",
      "example_en": "She is an adept pianist who can play complex compositions with ease.",
      "example_cn": "她是一位熟练的钢琴家，能够轻松演奏复杂的乐曲。"
    },
    {
      "pos": "noun",
      "explanation_en": "A person who is highly skilled or experienced in a particular field, often implying mastery or expertise beyond the ordinary.",
      "explanation_cn": "指在某一领域中技艺高超或经验丰富的专家，常暗示其造诣超越常人。",
      "example_en": "He is an adept in the art of negotiation, able to resolve conflicts with minimal tension.",
      "example_cn": "他是谈判艺术的行家，能够以最小的紧张感化解冲突。"
    }
  ],
  "comparison": [
    {
      "word_to_compare": "skilled",
      "analysis": "“Skilled”（有技能的）是一个通用词，泛指具备某种技术能力，程度中性，适用于各种水平的熟练者。而 “adept” 更强调卓越的熟练程度，带有“精通”甚至“娴熟到艺术级别”的意味，语义更强、更正式。"
    },
    {
      "word_to_compare": "proficient",
      "analysis": "“Proficient”（熟练的）指达到胜任或合格水平的技能，常用于描述工作或学习中的能力达标。而 “adept” 不仅表示熟练，还隐含了天赋、直觉或高度的掌握，常用于表达令人钦佩的技艺，语义更丰富、更具褒义。"
    },
    {
      "word_to_compare": "expert",
      "analysis": "“Expert”（专家）通常指经过系统学习或长期实践而获得权威性知识或技能的人，常用于专业领域（如医学专家、法律专家）。“Adept” 更侧重于实际操作能力的娴熟，不一定需要正式头衔，更强调个人天赋与实践的结合，语义范围更广、更灵活。"
    }
  ]
}