{
  "word": "adequate",
  "pronunciation": "ad·e·kwit",
  "concise_definition": "adj. 足够的, 适当的, 及格的",
  "forms": {
    "comparative": "more adequate",
    "superlative": "most adequate"
  },
  "definitions": [
    {
      "pos": "adjective",
      "explanation_en": "Sufficient or satisfactory for a specific purpose or need, though not necessarily excellent or abundant; meeting the minimum required standard.",
      "explanation_cn": "足以满足特定目的或需求的，虽非卓越或丰富，但达到了最低要求的标准。",
      "example_en": "The water supply is adequate for the village's needs.",
      "example_cn": "供水量足以满足村庄的需求。"
    },
    {
      "pos": "adjective",
      "explanation_en": "Of acceptable quality or performance, often implying mediocrity or lack of distinction; just good enough.",
      "explanation_cn": "质量或表现尚可接受，常暗示平庸或缺乏突出之处；仅勉强够用。",
      "example_en": "His presentation was adequate, but failed to impress the audience.",
      "example_cn": "他的演讲尚可接受，但未能给观众留下深刻印象。"
    }
  ],
  "comparison": [
    {
      "word_to_compare": "sufficient",
      "analysis": "“Sufficient”（足够的）更强调数量或程度上刚好满足需求，语气中性，常用于正式或技术语境，如“sufficient funds”。而 “adequate” 除了数量外，还隐含对质量或适用性的基本认可，有时带有轻微贬义，暗示“仅够用，不优秀”。"
    },
    {
      "word_to_compare": "enough",
      "analysis": "“Enough”（足够）是更口语化、通用的词，可作形容词或副词，语义更宽泛，常用于日常表达，如“Is there enough time?”。“Adequate” 更正式，常用于评估标准或系统性需求，如“adequate training”或“adequate housing”，强调符合规范或要求。"
    },
    {
      "word_to_compare": "suitable",
      "analysis": "“Suitable”（合适的）侧重于与特定目的、场合或条件相匹配，强调相关性与恰当性，如“a suitable outfit for the occasion”。“Adequate” 则更关注是否达到最低门槛，即使不完美或不理想，只要达标即可。一个事物可以“suitable”但“inadequate”（如一套精致但太小的桌椅），也可以“adequate”但“unsuitable”（如一个合格但风格完全不符的方案）。"
    }
  ]
}