{
  "word": "adequately",
  "pronunciation": "uh·dek·wuh·tuh·lee",
  "concise_definition": "adv. 充分地, 适当地, 足够地",
  "forms": {
    "adjective": "adequate",
    "noun": "adequacy"
  },
  "definitions": [
    {
      "pos": "adverb",
      "explanation_en": "In a manner that is sufficient or suitable for a particular purpose, meeting the necessary requirements without excess or deficiency.",
      "explanation_cn": "以足够或适合特定目的的方式，满足必要要求，既不过多也不不足。",
      "example_en": "The candidate adequately explained her qualifications during the interview.",
      "example_cn": "这位候选人在面试中充分说明了自己的资历。"
    },
    {
      "pos": "adverb",
      "explanation_en": "To a degree that is acceptable or satisfactory, even if not outstanding or perfect.",
      "explanation_cn": "达到可接受或令人满意的程度，即使并非卓越或完美。",
      "example_en": "The meal was adequately prepared, though not gourmet-quality.",
      "example_cn": "这顿饭做得还算到位，虽然算不上高级料理。"
    }
  ],
  "comparison": [
    {
      "word_to_compare": "sufficiently",
      "analysis": "“Sufficiently”（足够地）强调数量或程度上刚好达到所需最低标准，语气更中性、更侧重客观满足。而 “adequately” 除了满足基本要求外，还隐含了“适当性”或“合适性”，常用于评价方式或质量是否得当。"
    },
    {
      "word_to_compare": "properly",
      "analysis": "“Properly”（恰当地）强调符合规范、规则或社会期望，侧重于“正确性”或“合宜性”。而 “adequately” 更关注是否“足够”完成任务，不一定涉及是否符合标准程序。例如：一个系统可能“adequately”运行，但未必“properly”配置。"
    },
    {
      "word_to_compare": "competently",
      "analysis": "“Competently”（胜任地）强调具备所需技能或能力而完成任务，带有专业性或能力评价的色彩。而 “adequately” 可用于任何情况，即使执行者能力一般，只要结果达标即可。例如：一个新手可能“adequately”完成任务，但未必“competently”完成。"
    }
  ]
}