{
  "word": "adhd",
  "pronunciation": "ā-thē-ˈdē",
  "concise_definition": "n. 注意力缺陷多动障碍",
  "forms": {
    "full_form": "attention deficit hyperactivity disorder"
  },
  "definitions": [
    {
      "pos": "noun",
      "explanation_en": "A neurodevelopmental disorder characterized by persistent patterns of inattention, hyperactivity, and impulsivity that interfere with functioning or development, often diagnosed in childhood but can persist into adulthood.",
      "explanation_cn": "一种神经发育障碍，表现为持续的注意力不集中、多动和冲动行为，这些行为干扰了个体的正常功能或发展，通常在儿童时期诊断，但可能持续至成年。",
      "example_en": "Many children with ADHD struggle to focus in class and often interrupt others during conversations.",
      "example_cn": "许多患有多动症的儿童在课堂上难以集中注意力，经常在对话中打断他人。"
    },
    {
      "pos": "noun",
      "explanation_en": "A clinical diagnosis used to describe individuals who exhibit significant difficulties in executive functioning, including organization, time management, and emotional regulation, often accompanied by restlessness or excessive activity.",
      "explanation_cn": "一种临床诊断术语，用于描述那些在执行功能（如组织能力、时间管理、情绪调节）方面存在显著困难的个体，常伴随不安或过度活跃的表现。",
      "example_en": "With proper support and treatment, adults with ADHD can thrive in careers that match their strengths and energy levels.",
      "example_cn": "在适当的支持和治疗下，患有多动症的成年人可以在与其优势和精力水平相匹配的职业中取得成功。"
    }
  ],
  "comparison": [
    {
      "word_to_compare": "hyperactivity",
      "analysis": "“Hyperactivity”（多动）仅指过度活跃或坐立不安的行为表现，是ADHD的一个症状，但不是完整诊断。ADHD是一个综合诊断，包含注意力缺陷、多动和冲动三大核心症状。单独使用“hyperactivity”无法涵盖注意力缺失或冲动控制问题。"
    },
    {
      "word_to_compare": "autism",
      "analysis": "“Autism”（自闭症）是一种与ADHD不同的神经发育障碍，主要特征是社交沟通障碍和重复性行为模式。虽然两者可能共病，但ADHD的核心是执行功能缺陷和行为调控困难，而自闭症的核心是社会互动与认知模式的差异。"
    },
    {
      "word_to_compare": "distractibility",
      "analysis": "“Distractibility”（易分心）是ADHD的一个常见表现，但它是单一的行为特征，而非完整疾病。ADHD是一个多维度的临床综合征，包含注意力维持困难、冲动控制障碍和活动水平异常，而“distractibility”只是其中一部分。"
    }
  ]
}