{
  "word": "adhesive",
  "pronunciation": "ad·he·siv",
  "concise_definition": "n. 黏合剂, 黏性物质; adj. 黏性的, 附着的",
  "forms": {
    "plural": "adhesives",
    "comparative": "more adhesive",
    "superlative": "most adhesive"
  },
  "definitions": [
    {
      "pos": "noun",
      "explanation_en": "A substance that binds materials together by surface attachment, commonly used in glues, tapes, and seals to create a strong and lasting bond.",
      "explanation_cn": "一种通过表面附着将材料粘合在一起的物质，常用于胶水、胶带和密封剂中，以形成牢固持久的黏结。",
      "example_en": "The adhesive on the sticker lost its stickiness after being exposed to sunlight.",
      "example_cn": "贴纸上的黏合剂在阳光照射后失去了黏性。"
    },
    {
      "pos": "adjective",
      "explanation_en": "Having the property of sticking to surfaces; tending to adhere or cling to something, either naturally or through chemical action.",
      "explanation_cn": "具有黏附表面特性的；倾向于通过自然或化学作用附着或黏附在某物上。",
      "example_en": "The adhesive nature of honey makes it difficult to clean off spoons.",
      "example_cn": "蜂蜜的黏性使其难以从勺子上清洗干净。"
    }
  ],
  "comparison": [
    {
      "word_to_compare": "glue",
      "analysis": "“Glue” (胶水) 是一种具体的黏合剂，通常指液态或膏状的黏合材料，强调其作为工具或产品的实体性。而 “adhesive” 是更广泛的术语，涵盖所有类型的黏合物质，包括胶带、胶膜、胶水等，更具技术性和分类性。"
    },
    {
      "word_to_compare": "sticky",
      "analysis": "“Sticky” (黏的) 是一个描述性形容词，强调触感上的黏附特性，常用于日常口语，如“sticky fingers”。它不必然意味着能形成持久黏结，而 “adhesive” 强调功能性黏附能力，常用于工程、工业或科学语境中。"
    },
    {
      "word_to_compare": "bond",
      "analysis": "“Bond” (黏结/结合) 指的是两个物体之间形成的连接状态或结果，是一个抽象名词或动词，强调连接的完成状态。而 “adhesive” 是实现这种连接的物质手段，是工具而非结果。例如：胶水（adhesive）产生黏结（bond）。"
    }
  ]
}