{
  "word": "adherence",
  "pronunciation": "uh·deer·uhns",
  "concise_definition": "n. 坚持, 遵守, 信奉",
  "forms": {
    "plural": "adherences"
  },
  "definitions": [
    {
      "pos": "noun",
      "explanation_en": "The act of sticking firmly to a belief, principle, or course of action, especially despite challenges or opposition.",
      "explanation_cn": "指坚定地坚持某种信念、原则或行动路线，尤其是在面临挑战或反对时仍不放弃。",
      "example_en": "Her adherence to ethical standards earned her widespread respect.",
      "example_cn": "她对道德标准的坚守赢得了广泛的尊重。"
    },
    {
      "pos": "noun",
      "explanation_en": "Compliance with a rule, recommendation, or prescribed treatment, especially in medical contexts.",
      "explanation_cn": "指遵守某项规定、建议或治疗方案，尤其在医疗语境中指患者对医嘱的依从性。",
      "example_en": "Patient adherence to the medication regimen is critical for successful treatment.",
      "example_cn": "患者对用药方案的依从性对治疗成功至关重要。"
    }
  ],
  "comparison": [
    {
      "word_to_compare": "compliance",
      "analysis": "“Compliance”（遵从）更侧重于被动地服从外部规定或权威要求，常带有强制性或制度性色彩，如法律、规章或医嘱的执行。而 “adherence” 更强调主动、内在的坚持，常用于表达对信念或价值观的忠诚，情感色彩更积极。"
    },
    {
      "word_to_compare": "loyalty",
      "analysis": "“Loyalty”（忠诚）通常指向对人、组织或国家的情感依附和忠心，强调情感纽带和归属感。而 “adherence” 更聚焦于对抽象原则、规则或方法的持续遵循，不一定涉及情感，更多是行为或态度上的坚持。"
    },
    {
      "word_to_compare": "commitment",
      "analysis": "“Commitment”（承诺）指做出决定或承担义务的意愿，是行动前的心理状态；而 “adherence” 是承诺之后持续付诸实践的行为表现。前者是起点，后者是延续。例如：你承诺戒烟（commitment），然后你坚持不吸烟（adherence）。"
    }
  ]
}