{
  "word": "adherents",
  "pronunciation": "uh·hir·uhnts",
  "concise_definition": "n. 信徒, 支持者, 拥护者",
  "forms": {
    "singular": "adherent"
  },
  "definitions": [
    {
      "pos": "noun",
      "explanation_en": "A person who supports or follows a particular belief, cause, religion, or leader, often with loyalty and commitment.",
      "explanation_cn": "指坚定支持或追随某种信仰、事业、宗教或领袖的人，通常带有忠诚和承诺。",
      "example_en": "The political party has thousands of adherents across the country.",
      "example_cn": "该政党在全国拥有成千上万的支持者。"
    },
    {
      "pos": "noun",
      "explanation_en": "Someone who adheres to a specific doctrine, philosophy, or way of life, often in contrast to mainstream or opposing views.",
      "explanation_cn": "指遵循某种特定教义、哲学或生活方式的人，常与主流观点或对立立场形成对比。",
      "example_en": "Many adherents of veganism avoid all animal products for ethical and environmental reasons.",
      "example_cn": "许多素食主义的支持者出于伦理和环保原因避免食用所有动物制品。"
    }
  ],
  "comparison": [
    {
      "word_to_compare": "followers",
      "analysis": "“Followers” (追随者) 是一个更通用的词，可指任何跟随某人或某种趋势的人，包括社交媒体上的关注者，情感色彩较弱，不一定包含忠诚或信念。而 “adherents” 更强调对信仰、原则或意识形态的坚定认同和持续支持，语义更严肃、更深刻。"
    },
    {
      "word_to_compare": "supporters",
      "analysis": "“Supporters” (支持者) 通常指在行动、资金或舆论上提供支持的人，支持程度可能较表面或临时，如体育队伍的支持者。而 “adherents” 更强调内在信念的归属感，常用于宗教、哲学或政治意识形态领域，具有更强的认同性和持久性。"
    },
    {
      "word_to_compare": "devotees",
      "analysis": "“Devotees” (信徒/狂热爱好者) 常带有强烈的情感投入或崇拜色彩，多用于艺术、名人或宗教领域，有时甚至带有痴迷的意味。而 “adherents” 更中性，侧重于对体系或教义的系统性服从，情感强度通常低于 “devotees”。"
    }
  ]
}