{
  "word": "adhered",
  "pronunciation": "uh·hird",
  "concise_definition": "v. 坚持, 遵守, 粘附",
  "forms": {
    "base_form": "adhere",
    "third_person_singular": "adheres",
    "past_tense": "adhered",
    "past_participle": "adhered",
    "present_participle": "adhering"
  },
  "definitions": [
    {
      "pos": "verb",
      "explanation_en": "To stick firmly to a surface, substance, or object, often through physical or chemical bonding.",
      "explanation_cn": "指通过物理或化学作用牢固地附着在某个表面、物质或物体上。",
      "example_en": "The paint adhered well to the wooden surface after two coats.",
      "example_cn": "涂了两层漆后，油漆很好地附着在木制表面上。"
    },
    {
      "pos": "verb",
      "explanation_en": "To remain loyal to or follow a belief, principle, policy, or set of rules, especially despite pressure to change.",
      "explanation_cn": "指坚持某种信念、原则、政策或规则，即使面临改变的压力也不动摇。",
      "example_en": "She adhered to her principles even when it cost her the promotion.",
      "example_cn": "即使因此失去了晋升机会，她仍坚持自己的原则。"
    },
    {
      "pos": "verb",
      "explanation_en": "To be devoted to or committed to a cause, group, or ideology, often with strong conviction.",
      "explanation_cn": "指对某种事业、团体或意识形态抱有坚定信念并全心投入。",
      "example_en": "Many citizens adhered to the revolutionary ideals of equality and justice.",
      "example_cn": "许多公民坚定地拥护平等与正义的革命理想。"
    }
  ],
  "comparison": [
    {
      "word_to_compare": "attached",
      "analysis": "“Attached” (附着/依恋) 可用于物理粘附，也可用于情感联系，但语义较宽泛，常暗示一种较弱或非强制性的连接。而 “adhered” 更强调牢固、持久甚至不可分离的依附，尤其在原则或信仰层面具有更强的严肃性和决心。"
    },
    {
      "word_to_compare": "followed",
      "analysis": "“Followed” (跟随/遵从) 通常指按某种指示、命令或榜样行动，侧重行为上的顺从，不一定包含内在信念。而 “adhered” 更强调内在的忠诚与坚持，即使在没有外部监督时也持续遵守。"
    },
    {
      "word_to_compare": "clung",
      "analysis": "“Clung” (紧抓/依附) 常带有情感色彩，多用于描述人对人或物的不舍或依赖，有时隐含被动或绝望的意味。而 “adhered” 更中性、正式，常用于描述理性选择的坚持，如信仰、规则或科学涂层的附着。"
    }
  ]
}