{
  "word": "adhere",
  "pronunciation": "uhd·heer",
  "concise_definition": "v. 坚持, 遵守, 粘附",
  "forms": {
    "third_person_singular": "adheres",
    "past_tense": "adhered",
    "past_participle": "adhered",
    "present_participle": "adhering"
  },
  "definitions": [
    {
      "pos": "verb",
      "explanation_en": "To stick firmly to a surface, often through physical or chemical means, such as glue, paint, or natural attraction.",
      "explanation_cn": "指通过物理或化学方式（如胶水、油漆或自然吸引力）牢固地附着在表面上。",
      "example_en": "The sticker adhered perfectly to the clean surface.",
      "example_cn": "贴纸完美地粘在了干净的表面上。"
    },
    {
      "pos": "verb",
      "explanation_en": "To remain loyal to or follow a belief, principle, plan, or rule, especially despite pressure or temptation to do otherwise.",
      "explanation_cn": "指坚持信仰、原则、计划或规则，即使面临压力或诱惑也不改变。",
      "example_en": "She adheres strictly to her ethical standards, even when it’s inconvenient.",
      "example_cn": "即使不方便，她也严格遵守自己的道德标准。"
    },
    {
      "pos": "verb",
      "explanation_en": "To comply with or conform to a set of guidelines, regulations, or agreements, often in a formal or official context.",
      "explanation_cn": "指在正式或官方语境中遵守一套指南、法规或协议。",
      "example_en": "All contractors must adhere to the safety protocols outlined in the manual.",
      "example_cn": "所有承包商都必须遵守手册中列出的安全规程。"
    }
  ],
  "comparison": [
    {
      "word_to_compare": "stick",
      "analysis": "“Stick” (粘住) 是一个更口语化、更通用的词，常用于日常语境中描述物理粘附，如“stick to the wall”。它缺乏 “adhere” 所具有的正式性和对原则、规则的抽象含义。在正式写作中，“adhere” 更精确、更庄重。"
    },
    {
      "word_to_compare": "follow",
      "analysis": "“Follow” (遵循) 通常指按照指令、路线或他人行为行动，强调动作的连续性，但不一定包含“坚定坚持”或“不妥协”的意味。而 “adhere” 更强调内在的承诺和不可动摇的忠诚，尤其在道德或制度层面。"
    },
    {
      "word_to_compare": "comply",
      "analysis": "“Comply” (服从) 通常指因外部压力、法律或权威要求而被动遵守规则，带有一定强制性。而 “adhere” 更强调主动、自愿地坚守原则或标准，带有更强的道德或信念色彩。例如：你可能被迫 comply，但你选择 adhere。"
    }
  ]
}