{
  "word": "adidas",
  "pronunciation": "ah·dee·dahs",
  "concise_definition": "n. 阿迪达斯（德国运动品牌）",
  "forms": {
    "plural": "adidas"
  },
  "definitions": [
    {
      "pos": "noun",
      "explanation_en": "A German multinational corporation founded in 1949 by Adolf Dassler, known for designing and manufacturing sports footwear, apparel, and accessories; one of the world's largest and most recognizable sportswear brands.",
      "explanation_cn": "一家由阿道夫·达斯勒于1949年创立的德国跨国公司，以设计和生产运动鞋、服装及配饰而闻名，是全球规模最大、最具辨识度的运动服饰品牌之一。",
      "example_en": "She wore a pair of adidas sneakers to the marathon and broke her personal record.",
      "example_cn": "她穿着一双阿迪达斯运动鞋参加马拉松，打破了个人最好成绩。"
    },
    {
      "pos": "noun",
      "explanation_en": "A cultural symbol associated with athletic performance, streetwear fashion, and youth identity, often used colloquially to refer to any athletic shoe with the three-stripe logo.",
      "explanation_cn": "一种与运动表现、街头时尚和青年身份相关的文化符号，常被口语化地用来指代任何带有三道杠标志的运动鞋。",
      "example_en": "Everyone at the concert was rocking adidas tracksuits and caps.",
      "example_cn": "音乐会上每个人都在穿阿迪达斯运动服和帽子。"
    }
  ],
  "comparison": [
    {
      "word_to_compare": "Nike",
      "analysis": "“Nike”（耐克）是另一家全球领先的运动品牌，以“Just Do It”口号和勾形标志著称，更强调个人激励与竞技精神；而 “adidas” 以三道杠和经典三条纹设计闻名，更注重运动与时尚的融合，尤其在街头文化和足球领域影响力深远。两者均为顶级品牌，但品牌调性与市场定位略有不同。"
    },
    {
      "word_to_compare": "Puma",
      "analysis": "“Puma”（彪马）同样是德国运动品牌，由阿道夫·达斯勒的兄弟鲁道夫·达斯勒创立，风格更偏向潮流与速度感，设计上常更前卫；而 “adidas” 历史更悠久，产品线更全面，尤其在足球、跑步和经典复古系列上更具权威性。"
    },
    {
      "word_to_compare": "Reebok",
      "analysis": "“Reebok”（锐步）曾是与 adidas 齐名的运动品牌，以健身和有氧运动装备见长，但近年来市场影响力下降；而 adidas 通过持续的联名合作（如与Yeezy、Stella McCartney）和技术创新（如Boost中底）保持了强劲的全球竞争力。"
    }
  ]
}