{
  "word": "adjective",
  "pronunciation": "ad·jec·tiv",
  "concise_definition": "n. 形容词",
  "forms": {
    "plural": "adjectives"
  },
  "definitions": [
    {
      "pos": "noun",
      "explanation_en": "A word that describes or modifies a noun or pronoun by providing additional information about its qualities, such as size, color, shape, emotion, or quantity.",
      "explanation_cn": "一种用于描述或修饰名词或代词的词，提供关于其特征的附加信息，如大小、颜色、形状、情感或数量。",
      "example_en": "In the phrase 'a bright red car', 'bright' and 'red' are adjectives.",
      "example_cn": "在短语 'a bright red car' 中，'bright' 和 'red' 都是形容词。"
    },
    {
      "pos": "noun",
      "explanation_en": "A grammatical category used to classify words that function as modifiers of nouns, forming an essential part of sentence structure in most languages.",
      "explanation_cn": "一种语法类别，用于分类那些充当名词修饰语的词，是大多数语言中句子结构的重要组成部分。",
      "example_en": "Understanding adjectives helps learners construct more precise and vivid sentences.",
      "example_cn": "理解形容词有助于学习者构建更精确、更生动的句子。"
    }
  ],
  "comparison": [
    {
      "word_to_compare": "adverb",
      "analysis": "“Adverb”（副词）修饰动词、形容词或其他副词，说明动作的方式、时间、地点或程度，如 'quickly', 'very'。而 “adjective” 仅修饰名词或代词，描述其属性。两者功能不同：形容词回答 'what kind?'，副词回答 'how?', 'when?', 'where?'。"
    },
    {
      "word_to_compare": "noun",
      "analysis": "“Noun”（名词）表示人、事物、地点或抽象概念，是句子的主语或宾语核心。而 “adjective” 本身不能独立充当主语或宾语，必须依附于名词来发挥作用。例如，'beauty' 是名词，'beautiful' 是形容词，后者必须修饰名词如 'a beautiful flower'。"
    },
    {
      "word_to_compare": "determiner",
      "analysis": "“Determiner”（限定词）如 'the', 'this', 'some', 'many'，用于限定名词的范围或数量，但不描述其性质。而 “adjective” 描述名词的内在特征。例如，'the red ball' 中，'the' 是限定词，'red' 是形容词。两者常共现，但功能不同。"
    }
  ]
}