{
  "word": "adjoining",
  "pronunciation": "uhd·johy·ning",
  "concise_definition": "adj. 相邻的, 毗连的",
  "forms": {
    "comparative": "adjoining",
    "superlative": "adjoining"
  },
  "definitions": [
    {
      "pos": "adjective",
      "explanation_en": "Being next to or in direct contact with something else, typically sharing a common boundary or wall, without any intervening space.",
      "explanation_cn": "指与另一事物紧邻或直接相连，通常共享一个共同的边界或墙壁，中间没有任何间隔。",
      "example_en": "The hotel has two adjoining rooms that can be opened up to accommodate a family.",
      "example_cn": "这家酒店有两间相邻的房间，可以打通以容纳一个家庭。"
    },
    {
      "pos": "adjective",
      "explanation_en": "Used to describe areas, buildings, or spaces that are physically connected or immediately next to each other, often implying functional or spatial continuity.",
      "explanation_cn": "用于描述在物理上相连或紧挨着的区域、建筑或空间，常暗示功能或空间上的连续性。",
      "example_en": "The kitchen is adjoining the dining room, making it easy to serve meals.",
      "example_cn": "厨房与餐厅相连，方便上菜。"
    }
  ],
  "comparison": [
    {
      "word_to_compare": "adjacent",
      "analysis": "“Adjacent” (邻近的) 与 “adjoining” 非常相似，都表示靠近或紧挨，但 “adjacent” 可以指在空间上接近，不一定有物理接触；而 “adjoining” 明确要求直接相连或共享边界。例如，两栋相邻的楼可能是 adjacent，但只有共享一堵墙时才是 adjoining。"
    },
    {
      "word_to_compare": "contiguous",
      "analysis": "“Contiguous” (接壤的) 强调连续性，常用于地理或抽象的连续体，如 contiguous states（美国本土相连的州），它不强调是否共享边界，而是强调无中断的连接。而 “adjoining” 更具体地指两个实体之间有明确的接触面，如房间、土地或建筑。"
    },
    {
      "word_to_compare": "nearby",
      "analysis": "“Nearby” (附近的) 仅表示距离近，但不涉及任何物理连接或边界共享。例如，一家咖啡馆可能在酒店 nearby，但不一定是 adjoining。adjoining 是一种更强的、结构性的邻近关系，而 nearby 是纯粹的空间距离描述。"
    }
  ]
}