{
  "word": "adjourned",
  "pronunciation": "uh·jurnd",
  "concise_definition": "v. 休会, 延期, 暂停",
  "forms": {
    "base_form": "adjourn",
    "present_participle": "adjourning",
    "past_tense": "adjourned",
    "past_participle": "adjourned"
  },
  "definitions": [
    {
      "pos": "verb",
      "explanation_en": "To temporarily suspend a meeting, court session, or other formal gathering with the intention of resuming it at a later time or date.",
      "explanation_cn": "指暂时中止会议、法庭审理或其他正式集会，计划在之后的某个时间或日期恢复。",
      "example_en": "The judge adjourned the trial until next Monday.",
      "example_cn": "法官将审判延期至下周一。"
    },
    {
      "pos": "verb",
      "explanation_en": "To formally bring a session or activity to a close, often implying a planned pause rather than a final ending.",
      "explanation_cn": "指正式结束一次会议或活动，通常暗示这是有计划的暂停，而非最终终止。",
      "example_en": "The committee adjourned its proceedings after three hours of debate.",
      "example_cn": "委员会在三个小时的辩论后休会。"
    },
    {
      "pos": "verb",
      "explanation_en": "To move from one place to another, especially in a formal or organized context (archaic or literary usage).",
      "explanation_cn": "指从一个地方转移到另一个地方，尤其用于正式或有组织的语境中（古语或文学用法）。",
      "example_en": "The guests adjourned to the garden for refreshments.",
      "example_cn": "宾客们移步至花园享用茶点。"
    }
  ],
  "comparison": [
    {
      "word_to_compare": "suspend",
      "analysis": "“Suspend” (暂停) 是一个更通用的词，可用于任何类型的中断，包括物理、技术或程序性暂停，不一定涉及正式集会。而 “adjourn” 专用于会议、法庭等正式场合的暂时中止，带有程序性和礼仪性。"
    },
    {
      "word_to_compare": "postpone",
      "analysis": "“Postpone” (推迟) 强调将原定时间延后，重点在于时间的变更，通常用于计划或事件的重新安排。而 “adjourn” 更强调中止当前活动，不一定立即确定新的时间，有时只是暂时休会，后续再决定何时恢复。"
    },
    {
      "word_to_compare": "disband",
      "analysis": "“Disband” (解散) 指永久性地终止一个组织或集会，不再恢复。而 “adjourn” 明确表示暂停是暂时的，未来会重新召开，两者在终止的性质上截然不同。"
    }
  ]
}