{
  "word": "adjutant",
  "pronunciation": "uh·joo·tuhnt",
  "concise_definition": "n. 副官, 助理",
  "forms": {
    "plural": "adjutants"
  },
  "definitions": [
    {
      "pos": "noun",
      "explanation_en": "A military officer who assists a superior officer with administrative duties, such as organizing personnel, managing correspondence, and coordinating operations.",
      "explanation_cn": "指协助高级军官处理行政事务的军事官员，如组织人员、管理通信和协调行动。",
      "example_en": "The adjutant prepared the daily reports and coordinated the schedule for the battalion.",
      "example_cn": "副官准备了每日报告，并协调了营部的日程安排。"
    },
    {
      "pos": "noun",
      "explanation_en": "A person who acts as an assistant or aide in a non-military context, often in an official or formal capacity.",
      "explanation_cn": "指在非军事环境中担任助手或助理的人，通常具有官方或正式职责。",
      "example_en": "As the governor's adjutant, she managed communications between the state office and local agencies.",
      "example_cn": "作为州长的副官，她负责州政府与地方机构之间的沟通。"
    }
  ],
  "comparison": [
    {
      "word_to_compare": "aide",
      "analysis": "“Aide”（助手）是一个更通用的词，可用于任何领域（政治、商业、医疗等），指提供一般性协助的人，不一定有正式头衔或军事背景。而 “adjutant” 通常特指军队中的正式职位，职责更制度化、更侧重行政与协调。"
    },
    {
      "word_to_compare": "assistant",
      "analysis": "“Assistant”（助手）是最广泛使用的词，适用于任何职业环境，强调支持性角色，但无特定权威或结构层级。而 “adjutant” 是一个具有特定军事或官方体制含义的术语，通常隶属于指挥链，拥有明确的职责范围和等级地位。"
    },
    {
      "word_to_compare": "staff officer",
      "analysis": "“Staff officer”（参谋军官）是比 “adjutant” 更广泛的类别，包括所有非前线指挥的后勤、情报、人事等专业军官。Adjutant 是 staff officer 的一种，专司行政与人事事务，而其他 staff officers 可能负责作战计划、后勤补给等不同职能。"
    }
  ]
}