{
  "word": "adjusted",
  "pronunciation": "uhj·us·tayd",
  "concise_definition": "v. 调整, 适应, 校准, 修正",
  "forms": {
    "base_form": "adjust",
    "third_person_singular": "adjusts",
    "past_tense": "adjusted",
    "past_participle": "adjusted",
    "present_participle": "adjusting"
  },
  "definitions": [
    {
      "pos": "verb",
      "explanation_en": "To make small changes to something in order to improve its fit, function, or accuracy, often to suit a specific situation or requirement.",
      "explanation_cn": "为了改善某物的适配性、功能或精确度，而对其进行细微的修改，通常是为了适应特定的情境或需求。",
      "example_en": "She adjusted the chair height to sit more comfortably.",
      "example_cn": "她调整了椅子的高度，以便坐得更舒服。"
    },
    {
      "pos": "verb",
      "explanation_en": "To adapt oneself to a new environment, condition, or set of circumstances, often over time.",
      "explanation_cn": "指个人逐渐适应新的环境、条件或情况，通常是一个渐进的过程。",
      "example_en": "It took him a few weeks to adjust to the new time zone.",
      "example_cn": "他花了几个星期才适应了新的时区。"
    },
    {
      "pos": "verb",
      "explanation_en": "To correct or revise financial records, accounts, or measurements to reflect accurate or updated information.",
      "explanation_cn": "指修正财务记录、账目或测量数据，以反映准确或更新的信息。",
      "example_en": "The accountant adjusted the budget to account for unexpected expenses.",
      "example_cn": "会计调整了预算，以涵盖意外支出。"
    }
  ],
  "comparison": [
    {
      "word_to_compare": "modify",
      "analysis": "“Modify” (修改) 指对某物进行较广泛的改动，可能涉及结构、形式或功能的变更，改动幅度通常大于 “adjust”。“Adjust” 更强调细微、精准的校准，常用于机械、感官或环境适配，而 “modify” 更常用于系统、规则或设计的变更。"
    },
    {
      "word_to_compare": "adapt",
      "analysis": "“Adapt” (适应) 与 “adjust” 在表示“适应环境”时意义接近，但 “adapt” 更强调长期、根本性的改变以适应新环境，常用于生物、文化或系统层面；而 “adjust” 更侧重短期、行为或技术层面的微调，更常用于个体对具体情境的反应。"
    },
    {
      "word_to_compare": "calibrate",
      "analysis": "“Calibrate” (校准) 是 “adjust” 的一个专业子集，特指使用标准仪器或参照物对测量设备进行精确调整，确保其准确性。它仅用于技术或科学语境，而 “adjust” 的适用范围更广，可涵盖非技术性的情境。"
    }
  ]
}