{
  "word": "adjustable",
  "pronunciation": "uhj·us·tuh·buhl",
  "concise_definition": "adj. 可调节的, 可调整的",
  "forms": {
    "comparative": "more adjustable",
    "superlative": "most adjustable"
  },
  "definitions": [
    {
      "pos": "adjective",
      "explanation_en": "Capable of being changed or modified to suit different needs, conditions, or preferences, especially in terms of size, position, tension, or setting.",
      "explanation_cn": "能够根据不同的需求、条件或偏好进行改变或调整的，尤其指在尺寸、位置、松紧度或设置方面的调节。",
      "example_en": "The chair has an adjustable backrest to support different postures.",
      "example_cn": "这把椅子配有可调节的靠背，以适应不同的坐姿。"
    },
    {
      "pos": "adjective",
      "explanation_en": "Designed with mechanisms or features that allow users to fine-tune or customize its function for optimal use or comfort.",
      "explanation_cn": "设计有机制或功能，使用户能够微调或自定义其用途，以达到最佳使用效果或舒适度。",
      "example_en": "This camera tripod has adjustable legs for uneven terrain.",
      "example_cn": "这款相机三脚架配有可调节的支腿，适用于不平坦的地形。"
    }
  ],
  "comparison": [
    {
      "word_to_compare": "flexible",
      "analysis": "“Flexible”（灵活的）强调事物本身具有柔韧性或适应性，能够弯曲、变形或适应变化，常用于描述材料、态度或计划。而 “adjustable” 更强调外部可操作性——即通过人为干预（如旋钮、滑块）进行物理或功能上的调节。一个弹簧是 flexible，但只有带调节旋钮的椅子才是 adjustable。"
    },
    {
      "word_to_compare": "modifiable",
      "analysis": "“Modifiable”（可修改的）范围更广，指任何可以被更改、修订或改造的事物，包括软件代码、文档或规则，不一定涉及物理调节。而 “adjustable” 通常用于物理对象或可量化的设置（如高度、亮度、音量），强调即时、直观的调整。"
    },
    {
      "word_to_compare": "variable",
      "analysis": "“Variable”（可变的）描述的是本身会变化或具有多种可能值的事物，常用于数学、科学或统计语境，如变量值。它不强调人为控制，而是描述状态的不确定性。而 “adjustable” 暗示了用户主动控制和设定的能力，具有目的性和功能性。"
    }
  ]
}