{
  "word": "adjust",
  "pronunciation": "uh·jusst",
  "concise_definition": "v. 调整, 适应, 校准",
  "forms": {
    "third_person_singular": "adjusts",
    "past_tense": "adjusted",
    "past_participle": "adjusted",
    "present_participle": "adjusting"
  },
  "definitions": [
    {
      "pos": "verb",
      "explanation_en": "To make small changes to something to improve its fit, function, or accuracy, often to suit a specific situation or requirement.",
      "explanation_cn": "指对某物进行细微的改动，以改善其适配性、功能或精确度，通常是为了适应特定的情境或需求。",
      "example_en": "She adjusted the chair height to sit more comfortably.",
      "example_cn": "她调整了椅子的高度，以便坐得更舒服。"
    },
    {
      "pos": "verb",
      "explanation_en": "To adapt oneself to new conditions, environments, or circumstances, often over time.",
      "explanation_cn": "指个人逐渐适应新的环境、条件或情况，通常是一个渐进的过程。",
      "example_en": "It took him a few weeks to adjust to the new time zone.",
      "example_cn": "他花了几个星期才适应了新的时区。"
    },
    {
      "pos": "verb",
      "explanation_en": "To set or calibrate a device or instrument to ensure correct operation or measurement.",
      "explanation_cn": "指对设备或仪器进行校准，以确保其正常运行或测量准确。",
      "example_en": "The technician adjusted the microscope’s focus before beginning the experiment.",
      "example_cn": "技术人员在开始实验前调整了显微镜的焦距。"
    }
  ],
  "comparison": [
    {
      "word_to_compare": "adapt",
      "analysis": "“Adapt” (适应) 更强调为适应新环境或变化而进行的系统性或根本性改变，常用于生物、社会或文化层面，带有长期性和必要性。而 “adjust” 更侧重于局部、临时或技术性的微调，动作更轻、更具体。"
    },
    {
      "word_to_compare": "modify",
      "analysis": "“Modify” (修改) 指对事物进行较明显的变更，可能涉及结构、形式或内容的改变，范围比 “adjust” 更广、更彻底。而 “adjust” 通常只涉及细微的优化，不改变本质。"
    },
    {
      "word_to_compare": "calibrate",
      "analysis": "“Calibrate” (校准) 是 “adjust” 在技术语境下的一个子集，专指通过标准参照物对仪器进行精确设定，强调科学性和准确性。而 “adjust” 的使用范围更广，可涵盖非技术性的情境，如情绪或习惯的调整。"
    }
  ]
}