{
  "word": "adjusting",
  "pronunciation": "uhj·us·ting",
  "concise_definition": "v. 调整, 校准, 适应 (adjust 的现在分词形式)",
  "forms": {
    "base_form": "adjust",
    "third_person_singular": "adjusts",
    "past_tense": "adjusted",
    "past_participle": "adjusted",
    "present_participle": "adjusting"
  },
  "definitions": [
    {
      "pos": "verb",
      "explanation_en": "To make small changes to something in order to improve its fit, function, or accuracy, often in response to changing conditions or requirements.",
      "explanation_cn": "为了改善某物的适配性、功能或精确度而进行细微的改动，通常是对变化的条件或需求作出的反应。",
      "example_en": "She was adjusting the microscope to get a clearer view of the cells.",
      "example_cn": "她正在调整显微镜，以便更清晰地观察细胞。"
    },
    {
      "pos": "verb",
      "explanation_en": "To adapt oneself to a new situation, environment, or set of circumstances, often requiring time and effort.",
      "explanation_cn": "指个人适应新的环境、情况或条件，通常需要时间和努力。",
      "example_en": "He is still adjusting to life in a new country after moving last year.",
      "example_cn": "自从去年搬来后，他仍在适应新国家的生活。"
    },
    {
      "pos": "verb",
      "explanation_en": "To calibrate or fine-tune a mechanism, system, or setting to achieve optimal performance or alignment.",
      "explanation_cn": "指校准或微调某个机械装置、系统或设置，以达到最佳性能或对齐状态。",
      "example_en": "The technician spent hours adjusting the engine's timing for maximum efficiency.",
      "example_cn": "技术人员花了数小时调整发动机的点火正时，以实现最高效率。"
    }
  ],
  "comparison": [
    {
      "word_to_compare": "adapt",
      "analysis": "“Adapt” (适应) 更强调为适应新环境或需求而进行的结构性或根本性改变，常用于生物、文化或长期行为层面；而 “adjusting” 更侧重于局部、技术性或临时性的微调，动作更具体、更即时。"
    },
    {
      "word_to_compare": "modify",
      "analysis": "“Modify” (修改) 指对某物进行较明显的变更，可能涉及结构、形式或内容的改变，范围更广；而 “adjusting” 通常指细微、精确的修正，目的是优化而非彻底改变。"
    },
    {
      "word_to_compare": "tune",
      "analysis": "“Tune” (调谐) 常用于音乐、机械或电子系统，特指通过精细调节达到最佳状态，与 “adjusting” 在技术语境中高度重叠，但 “tune” 更具专业性和隐喻性（如 tune a relationship），而 “adjusting” 更通用、中性。"
    }
  ]
}