{
  "word": "adjustment",
  "pronunciation": "uhj·usm·uhnt",
  "concise_definition": "n. 调整, 调节, 适应",
  "forms": {
    "plural": "adjustments"
  },
  "definitions": [
    {
      "pos": "noun",
      "explanation_en": "A small change made to improve the fit, function, or accuracy of something, often to adapt it to new conditions or requirements.",
      "explanation_cn": "为改善某物的适配性、功能或精确度而做出的微小改动，通常是为了使其适应新的条件或需求。",
      "example_en": "The mechanic made a small adjustment to the car's suspension to improve ride comfort.",
      "example_cn": "机械师对汽车的悬挂系统做了细微调整，以提高乘坐舒适性。"
    },
    {
      "pos": "noun",
      "explanation_en": "The process of adapting oneself to a new situation, environment, or set of circumstances, often involving behavioral or psychological changes.",
      "explanation_cn": "指个体适应新环境、新情况或新条件的过程，通常涉及行为或心理上的改变。",
      "example_en": "It took her several months to make the adjustment to life in a new country.",
      "example_cn": "她花了好几个月才适应了在新国家的生活。"
    },
    {
      "pos": "noun",
      "explanation_en": "A modification in financial or legal terms, such as a change in payment amount, tax liability, or benefit calculation.",
      "explanation_cn": "指在财务或法律条款上的修改，例如支付金额、纳税义务或福利计算的调整。",
      "example_en": "The pension adjustment was applied retroactively to January.",
      "example_cn": "养老金调整自一月份起追溯生效。"
    }
  ],
  "comparison": [
    {
      "word_to_compare": "modification",
      "analysis": "“Modification”（修改）泛指任何形式的改变，范围更广，可以是重大或结构性的变更，不一定是为了优化或适配。而 “adjustment” 更强调细微、精准的调节，通常以改善功能或适配性为目的。"
    },
    {
      "word_to_compare": "adaptation",
      "analysis": "“Adaptation”（适应）侧重于长期、系统性的改变，尤其在生物或文化语境中，指为生存或适应环境而发生的根本性变化。而 “adjustment” 更多指短期、可逆的、主动的微调，常用于技术或个人层面。"
    },
    {
      "word_to_compare": "correction",
      "analysis": "“Correction”（纠正）通常针对错误或偏差，目的是恢复正确状态，带有负面含义（即原本有误）。而 “adjustment” 不一定意味着错误，更多是为优化或应对变化而进行的主动调节，中性或积极。"
    }
  ]
}