{
  "word": "adjunct",
  "pronunciation": "uhj·uhngkt",
  "concise_definition": "n. 附加物, 附属品, 兼职教师",
  "forms": {
    "plural": "adjuncts"
  },
  "definitions": [
    {
      "pos": "noun",
      "explanation_en": "Something that is added to another thing but is not an essential part of it; often used to describe an auxiliary or supplementary element that enhances or supports the main component.",
      "explanation_cn": "指附加于另一事物但非其核心组成部分的辅助性元素，通常用于描述能增强或支持主要部分的附属品。",
      "example_en": "The coffee machine is an adjunct to the office kitchen, not a necessity.",
      "example_cn": "咖啡机是办公室厨房的附属品，并非必需品。"
    },
    {
      "pos": "noun",
      "explanation_en": "A part-time or non-tenured teacher employed by a university or college, typically to teach specific courses without full-time responsibilities or benefits.",
      "explanation_cn": "指大学或学院聘用的兼职教师，通常仅负责教授特定课程，不享有全职教职的职责或福利。",
      "example_en": "She works as an adjunct professor of literature at three different universities.",
      "example_cn": "她同时在三所大学担任文学兼职教授。"
    }
  ],
  "comparison": [
    {
      "word_to_compare": "appendix",
      "analysis": "“Appendix”（附录）特指附在书籍、报告或文档末尾的补充材料，通常是文字性的、结构化的附加内容，具有明确的文档定位。而 “adjunct” 更广泛，可指任何非核心的附加物，包括人、设备或功能，不一定有固定格式或位置。"
    },
    {
      "word_to_compare": "accessory",
      "analysis": "“Accessory”（配件）多用于物品，尤其是时尚或机械领域，强调其装饰性或功能性辅助作用，如手表、手机壳。它通常与主物有直接物理关联。而 “adjunct” 更抽象，可指人、制度或概念性补充，不一定有实体关联。"
    },
    {
      "word_to_compare": "auxiliary",
      "analysis": "“Auxiliary”（辅助的）与 “adjunct” 意义接近，但更强调功能上的支持性，常用于技术、军事或医疗语境（如 auxiliary power）。它多作形容词，而 “adjunct” 更常作名词，且在教育语境中具有特定职业含义，这是 “auxiliary” 所不具备的。"
    }
  ]
}