{
  "word": "adjustments",
  "pronunciation": "uhj·usm·uhnts",
  "concise_definition": "n. 调整, 调节, 修正",
  "forms": {
    "singular": "adjustment"
  },
  "definitions": [
    {
      "pos": "noun",
      "explanation_en": "A small change made to improve the fit, function, or accuracy of something, often in response to specific conditions or feedback.",
      "explanation_cn": "为改善某物的适配性、功能或精确性而做出的细微改动，通常是对特定条件或反馈作出的回应。",
      "example_en": "The mechanic made several adjustments to the engine to improve its performance.",
      "example_cn": "机械师对发动机进行了几次调整，以提升其性能。"
    },
    {
      "pos": "noun",
      "explanation_en": "The process or result of adapting oneself or one's behavior to new circumstances, especially in social, emotional, or professional contexts.",
      "explanation_cn": "指个人或其行为为适应新环境而进行的调整过程或结果，尤其在社交、情感或职业情境中。",
      "example_en": "It took her months to make the necessary adjustments after moving to a new country.",
      "example_cn": "她搬到新国家后，花了数月时间才完成必要的适应。"
    },
    {
      "pos": "noun",
      "explanation_en": "A modification made to a calculation, measurement, or system to correct an error or account for a variable.",
      "explanation_cn": "为纠正错误或考虑某个变量而对计算、测量或系统进行的修正。",
      "example_en": "The final budget includes adjustments for inflation and unexpected expenses.",
      "example_cn": "最终预算中包含了通货膨胀和意外开支的调整。"
    }
  ],
  "comparison": [
    {
      "word_to_compare": "modification",
      "analysis": "“Modification”（修改）指对某物进行较广泛或结构性的变更，可能涉及设计、成分或功能的改变，范围通常大于 “adjustment”。而 “adjustment” 更强调细微、局部的优化，通常不改变整体结构。"
    },
    {
      "word_to_compare": "adaptation",
      "analysis": "“Adaptation”（适应）侧重于长期、系统性的改变以适应环境或需求，常用于生物、文化或组织层面，具有被动或自然演化的意味。而 “adjustment” 更多是主动、短期、可逆的微调行为，常用于技术或个人层面。"
    },
    {
      "word_to_compare": "correction",
      "analysis": "“Correction”（纠正）专指对错误、偏差或不准确之处的修复，带有明确的对错判断。而 “adjustment” 不一定源于错误，可能是为了优化、匹配或提升效率，中性色彩更强。"
    }
  ]
}