{
  "word": "adler",
  "pronunciation": "ad·ler",
  "concise_definition": "n. (专有名词) 阿德勒（姓氏，常见于德语国家）",
  "forms": {
    "plural": "Adlers"
  },
  "definitions": [
    {
      "pos": "noun",
      "explanation_en": "A German-language surname meaning 'eagle'; commonly found in Germany, Austria, and among German-speaking communities. It is often associated with notable historical or cultural figures.",
      "explanation_cn": "德语姓氏，意为‘鹰’，常见于德国、奥地利及德语社区，常与著名的历史或文化人物相关联。",
      "example_en": "Alfred Adler, the Austrian psychiatrist, founded individual psychology.",
      "example_cn": "奥地利精神病学家阿尔弗雷德·阿德勒创立了个体心理学。"
    },
    {
      "pos": "noun",
      "explanation_en": "Used as a proper noun in place names, organizations, or brands derived from the surname, such as Adler automobiles or Adler Planetarium.",
      "explanation_cn": "用作源自该姓氏的地名、组织或品牌名称，如阿德勒汽车或阿德勒天文馆。",
      "example_en": "The Adler Planetarium in Chicago is one of the oldest planetariums in the Western Hemisphere.",
      "example_cn": "芝加哥的阿德勒天文馆是西半球最古老的天文馆之一。"
    }
  ],
  "comparison": [
    {
      "word_to_compare": "eagle",
      "analysis": "“Eagle”（鹰）是英语中表示这种猛禽的普通名词，具有象征意义（如力量、自由），而 “Adler” 是德语中“鹰”的词源，仅作为姓氏或专有名词使用，不具备普通名词的语义功能。"
    },
    {
      "word_to_compare": "falcon",
      "analysis": "“Falcon”（猎鹰）是另一种猛禽的名称，常用于姓氏或品牌（如Falcon Motors），但其词源和文化象征与“Adler”不同。Adler 强调德语文化背景，而 Falcon 更多与英语和法语传统相关。"
    },
    {
      "word_to_compare": "stein",
      "analysis": "“Stein”（石）是另一个常见的德语姓氏后缀，意为“石头”，常用于地名或姓氏（如Einstein）。与“Adler”一样，它源自自然物，但“Adler”象征力量与远见，而“Stein”更强调稳固与耐久。"
    }
  ]
}