{
  "word": "adm",
  "pronunciation": "ad·em",
  "concise_definition": "n. 缩写，见 'admiral' 或 'admission'（非标准用法）",
  "forms": {
    "plural": "adms"
  },
  "definitions": [
    {
      "pos": "noun",
      "explanation_en": "An informal or nonstandard abbreviation for 'admiral', used primarily in military contexts or casual writing to refer to a high-ranking naval officer.",
      "explanation_cn": "‘admiral’（海军上将）的非正式或非标准缩写，常用于军事语境或随意书写中，指高级海军军官。",
      "example_en": "Adm. Smith commanded the fleet during the exercise.",
      "example_cn": "史密斯上将指挥了此次演习。"
    },
    {
      "pos": "noun",
      "explanation_en": "An informal abbreviation for 'admission', sometimes used in contexts like event tickets or entry permissions, especially in digital or abbreviated communication.",
      "explanation_cn": "‘admission’（入场许可）的非正式缩写，常用于活动门票或准入权限的语境中，尤其在数字或简略沟通中。",
      "example_en": "Your adm is valid for the concert tonight.",
      "example_cn": "你的入场凭证对今晚的音乐会有效。"
    }
  ],
  "comparison": [
    {
      "word_to_compare": "admiral",
      "analysis": "‘Admiral’ 是完整正式的头衔，用于官方文件、军事记录和正式称呼；而 ‘adm’ 是其口语化或缩略形式，仅在非正式场合或空间受限时使用，如短信、笔记或内部通讯。"
    },
    {
      "word_to_compare": "admission",
      "analysis": "‘Admission’ 是完整名词，指进入某场所或参与某活动的许可；‘adm’ 作为其缩写，语义模糊，缺乏标准性，仅在特定语境（如票务系统、内部代码）中被理解，不推荐在正式写作中使用。"
    },
    {
      "word_to_compare": "abbr",
      "analysis": "‘Abbr.’ 是‘abbreviation’（缩写）的标准缩写，用于词典或语言学中说明某词为缩略形式；而 ‘adm’ 本身是被缩写的词，不是表示缩写的标记，二者功能完全不同。"
    }
  ]
}