{
  "word": "admitted",
  "pronunciation": "uhd·mih·tuhd",
  "concise_definition": "adj. 承认的, 被接受的; v. 承认, 准许进入, 接纳",
  "forms": {
    "base_form": "admit",
    "third_person_singular": "admits",
    "past_tense": "admitted",
    "past_participle": "admitted",
    "present_participle": "admitting"
  },
  "definitions": [
    {
      "pos": "verb",
      "explanation_en": "To acknowledge the truth or existence of something, often reluctantly or after hesitation, especially when it is inconvenient or embarrassing.",
      "explanation_cn": "指承认某事的真实性或存在，通常是在犹豫或不情愿的情况下，尤其当该事令人不便或尴尬时。",
      "example_en": "She finally admitted that she had made a mistake.",
      "example_cn": "她终于承认自己犯了一个错误。"
    },
    {
      "pos": "verb",
      "explanation_en": "To allow someone to enter a place, institution, or group, often after meeting certain criteria or requirements.",
      "explanation_cn": "指允许某人进入某个场所、机构或团体，通常需满足特定条件或要求。",
      "example_en": "The university admitted 500 new students this year.",
      "example_cn": "这所大学今年录取了500名新生。"
    },
    {
      "pos": "verb",
      "explanation_en": "To accept or recognize something as valid, legitimate, or worthy of consideration, especially in a formal or official context.",
      "explanation_cn": "指在正式或官方语境中接受或认可某事物为有效、正当或值得考虑。",
      "example_en": "The court admitted the evidence as part of the trial.",
      "example_cn": "法庭将该证据作为审判的一部分予以采纳。"
    },
    {
      "pos": "adjective",
      "explanation_en": "Accepted or recognized as true, valid, or legitimate by general consent or authority.",
      "explanation_cn": "指被普遍认可或权威机构确认为真实、有效或正当的。",
      "example_en": "He is an admitted expert in ancient Chinese philosophy.",
      "example_cn": "他是一位被公认的中国古代哲学专家。"
    }
  ],
  "comparison": [
    {
      "word_to_compare": "confess",
      "analysis": "“Confess”（坦白）通常带有更强的道德或宗教色彩，强调主动揭露自己的过错、罪行或秘密，常用于犯罪、信仰或情感层面，情感负担更重。而 “admit” 更中性，可用于任何事实的承认，不一定涉及内疚。"
    },
    {
      "word_to_compare": "allow",
      "analysis": "“Allow”（允许）强调给予许可或权利，侧重于权力的授予，不涉及被允许者是否符合标准。而 “admit” 在表示“接纳”时，隐含了对资格、条件或标准的审查，如入学、入会等，具有筛选性质。"
    },
    {
      "word_to_compare": "acknowledge",
      "analysis": "“Acknowledge”（承认）更侧重于认知层面的确认，常用于表示注意到某事的存在或他人权利，不一定涉及责任或后果。而 “admit” 常带有接受责任、后果或不利事实的意味，语气更严肃。"
    }
  ]
}