{
  "word": "admission",
  "pronunciation": "ad·mish·uhn",
  "concise_definition": "n. 承认, 准入, 入场费, 录取",
  "forms": {
    "plural": "admissions"
  },
  "definitions": [
    {
      "pos": "noun",
      "explanation_en": "The act of acknowledging or accepting something as true, especially something reluctant or unfavorable, often in a legal, moral, or personal context.",
      "explanation_cn": "指承认或接受某事为真，尤其指那些不情愿或不利的事实，常用于法律、道德或个人语境中。",
      "example_en": "His admission of guilt led to a reduced sentence.",
      "example_cn": "他承认有罪，因此获得了减刑。"
    },
    {
      "pos": "noun",
      "explanation_en": "The act of allowing someone to enter a place, institution, or event, often based on meeting certain criteria or paying a fee.",
      "explanation_cn": "指允许某人进入某个场所、机构或活动，通常基于满足特定条件或支付费用。",
      "example_en": "The museum offers free admission on Sundays.",
      "example_cn": "该博物馆在周日免费入场。"
    },
    {
      "pos": "noun",
      "explanation_en": "The process or fact of being accepted into a school, university, or organization, especially after evaluation or selection.",
      "explanation_cn": "指经过评估或选拔后被学校、大学或组织录取的事实或过程。",
      "example_en": "She received an admission letter from Harvard University.",
      "example_cn": "她收到了哈佛大学的录取通知书。"
    }
  ],
  "comparison": [
    {
      "word_to_compare": "confession",
      "analysis": "“Confession”（坦白/忏悔）通常带有更强的道德或宗教色彩，强调主动说出自己犯下的错误或罪行，情感上更沉重。而 “admission” 更中性，可指对任何事实的承认，不一定是过错，如承认自己不知道答案。"
    },
    {
      "word_to_compare": "entry",
      "analysis": "“Entry”（进入）泛指物理或抽象意义上的进入行为，如进入房间、进入市场，不涉及是否被允许或是否符合标准。而 “admission” 强调“被准许进入”，隐含了筛选、审核或权限的机制，如门票、资格审查。"
    },
    {
      "word_to_compare": "acceptance",
      "analysis": "“Acceptance”（接受）更广泛，可指对人、观点、状况或结果的认同或容忍，不一定涉及正式程序。而 “admission” 在教育或机构语境中特指通过正式流程被接纳，如大学录取，具有更强的制度性和程序性。"
    }
  ]
}