{
  "word": "admiral",
  "pronunciation": "uhd·mee·rul",
  "concise_definition": "n. 海军上将, 将军",
  "forms": {
    "plural": "admirals"
  },
  "definitions": [
    {
      "pos": "noun",
      "explanation_en": "A high-ranking naval officer, typically commanding a fleet or a major division of a navy, and holding one of the highest ranks in the military hierarchy.",
      "explanation_cn": "指海军中高级军官，通常指挥一支舰队或海军的主要部门，是军队等级体系中最高级别的军官之一。",
      "example_en": "The admiral ordered the fleet to change course to avoid the storm.",
      "example_cn": "海军上将下令舰队改变航向以避开风暴。"
    },
    {
      "pos": "noun",
      "explanation_en": "A title of honor or rank used in some countries for senior military or ceremonial leaders, even outside the navy (e.g., in some air forces or as an honorary title).",
      "explanation_cn": "在某些国家，该头衔也用于海军以外的高级军事或礼仪领袖，例如空军或将领的荣誉头衔。",
      "example_en": "She was awarded the honorary title of admiral for her decades of service to the nation.",
      "example_cn": "她因数十年为国家服务而被授予荣誉海军上将头衔。"
    }
  ],
  "comparison": [
    {
      "word_to_compare": "general",
      "analysis": "“General”（将军）是陆军、空军或 Marines 中的最高军衔，而 “admiral” 专指海军。两者在军阶等级中地位相当，但所属军种不同。例如，陆军上将（general）与海军上将（admiral）同属四星上将级别，但指挥体系和作战环境截然不同。"
    },
    {
      "word_to_compare": "commander",
      "analysis": "“Commander”（指挥官）是一个更广泛的术语，可指任何级别负责指挥部队的军官，从舰长到高级指挥官都可使用。而 “admiral” 是一个具体的高级军衔，通常高于 commander。在海军中，commander 通常是中校级别，而 admiral 是将官级别。"
    },
    {
      "word_to_compare": "captain",
      "analysis": "“Captain”（上尉/舰长）是较低级别的军官，通常指挥单艘军舰或一个连队。而 “admiral” 指挥整个舰队或战区，拥有战略决策权。两者在指挥层级和责任范围上有显著差异，admiral 是 captain 的上级。"
    }
  ]
}