{
  "word": "admiration",
  "pronunciation": "ad·muh·ray·shun",
  "concise_definition": "n. 钦佩, 赞赏, 崇拜",
  "forms": {
    "plural": "admiration"
  },
  "definitions": [
    {
      "pos": "noun",
      "explanation_en": "A feeling of respect and approval for someone or something because of their qualities, achievements, or abilities.",
      "explanation_cn": "因某人或某物的品质、成就或能力而产生的尊重与赞赏之情。",
      "example_en": "She earned the admiration of her colleagues through her relentless dedication to the project.",
      "example_cn": "她因对项目不懈的奉献而赢得了同事们的钦佩。"
    },
    {
      "pos": "noun",
      "explanation_en": "The act of looking at or observing something with wonder or delight, often due to its beauty, skill, or grandeur.",
      "explanation_cn": "因某物的美丽、技艺或宏伟而带着惊叹或愉悦进行凝视或观察的行为。",
      "example_en": "The tourists stood in silent admiration of the ancient temple's intricate carvings.",
      "example_cn": "游客们静静地凝视着这座古庙精美的雕刻，心生赞叹。"
    }
  ],
  "comparison": [
    {
      "word_to_compare": "respect",
      "analysis": "“Respect”（尊重）更侧重于对他人地位、权利、规则或人格的承认与重视，可能不包含情感上的喜爱或惊叹。而 “admiration” 则带有更强烈的情感色彩，常源于对卓越、才华或美的欣赏，情感浓度更高。"
    },
    {
      "word_to_compare": "appreciation",
      "analysis": "“Appreciation”（欣赏）强调对价值、意义或美感的理解与认可，常用于对艺术、服务或努力的理性认可。而 “admiration” 更偏向于因卓越而产生的仰慕之情，带有一定距离感和敬畏感。"
    },
    {
      "word_to_compare": "reverence",
      "analysis": "“Reverence”（崇敬）是一种带有宗教或神圣色彩的极度尊敬，常用于对神明、传统或权威的敬畏。而 “admiration” 更世俗化，适用于普通人或事物的杰出表现，情感强度低于 “reverence”。"
    }
  ]
}