{
  "word": "administer",
  "pronunciation": "uhd·min·is·tər",
  "concise_definition": "v. 管理, 实施, 给予, 保管",
  "forms": {
    "third_person_singular": "administers",
    "past_tense": "administered",
    "past_participle": "administered",
    "present_participle": "administering"
  },
  "definitions": [
    {
      "pos": "verb",
      "explanation_en": "To manage or be in charge of the organization, operation, or affairs of a system, institution, or program, often involving decision-making and oversight.",
      "explanation_cn": "指管理或负责某个系统、机构或项目的运作与事务，通常涉及决策与监督。",
      "example_en": "She administers the hospital's emergency response team.",
      "example_cn": "她负责管理医院的应急响应团队。"
    },
    {
      "pos": "verb",
      "explanation_en": "To give or apply something, especially a medicine, treatment, or punishment, often in a formal or official capacity.",
      "explanation_cn": "指以正式或官方身份给予或施用某物，尤指药物、治疗或惩罚。",
      "example_en": "The nurse administered the vaccine to all patients before discharge.",
      "example_cn": "护士在患者出院前为所有人接种了疫苗。"
    },
    {
      "pos": "verb",
      "explanation_en": "To manage or distribute resources, funds, or laws in a fair and systematic way, often as part of official duty.",
      "explanation_cn": "指以公正和系统的方式管理或分配资源、资金或法律，通常作为职责的一部分。",
      "example_en": "The court administers justice according to the constitution.",
      "example_cn": "法院依照宪法公正地实施司法。"
    }
  ],
  "comparison": [
    {
      "word_to_compare": "manage",
      "analysis": "“Manage” (管理) 是一个更通用的词，泛指对人、事务或资源进行组织和控制，不强调正式权威或官方职责。而 “administer” 更常用于正式制度或公共职能中，带有法律、政策或程序上的执行意味。"
    },
    {
      "word_to_compare": "execute",
      "analysis": "“Execute” (执行) 强调严格按照计划、命令或法律完成某项任务，常用于行动或指令的落实，如执行死刑、执行合同。“Administer” 则更侧重于持续性的管理、分配或施与，如 administering a program 或 administering medicine，强调过程而非一次性动作。"
    },
    {
      "word_to_compare": "distribute",
      "analysis": "“Distribute” (分发) 仅指将物品、资源或信息分发给多个对象，不包含管理或监督的含义。而 “administer” 不仅包含分发，还隐含了对分发过程的控制、判断和责任，如 administer aid（分配援助）意味着评估需求、决定优先级并监督使用。"
    }
  ]
}