{
  "word": "admirable",
  "pronunciation": "ad·mair·uh·buhl",
  "concise_definition": "adj. 令人钦佩的, 值得赞赏的",
  "forms": {
    "comparative": "more admirable",
    "superlative": "most admirable"
  },
  "definitions": [
    {
      "pos": "adjective",
      "explanation_en": "Worthy of admiration or respect due to high quality, moral excellence, courage, or skill; evoking approval and esteem.",
      "explanation_cn": "因品质卓越、道德高尚、勇气或技艺高超而值得钦佩和尊重；引发赞赏与敬意。",
      "example_en": "Her admirable dedication to helping the homeless inspired the entire community.",
      "example_cn": "她对帮助无家可归者的非凡奉献精神激励了整个社区。"
    },
    {
      "pos": "adjective",
      "explanation_en": "So excellent or impressive that it arouses a sense of wonder or approval, even if not morally perfect.",
      "explanation_cn": "如此出色或令人印象深刻，即使在道德上并非完美，也能引发惊叹或认可。",
      "example_en": "The athlete's admirable performance under pressure broke the world record.",
      "example_cn": "这位运动员在压力下的出色表现打破了世界纪录。"
    }
  ],
  "comparison": [
    {
      "word_to_compare": "praiseworthy",
      "analysis": "“Praiseworthy” (值得称赞的) 更强调行为或成就符合社会规范或道德标准，因而应受到公开赞扬。它常用于正式或道德语境，语气较庄重。而 “admirable” 更广泛，可涵盖技艺、勇气、毅力等非道德层面的卓越，情感色彩更丰富。"
    },
    {
      "word_to_compare": "respectable",
      "analysis": "“Respectable” (体面的、值得尊敬的) 指符合社会常规、行为得体、有良好声誉，但不一定令人钦佩。它强调的是‘不丢脸’或‘合乎标准’，而 ‘admirable’ 则意味着超越标准、令人肃然起敬。例如，一个守规矩的职员是 respectable，但一位在灾难中救人的志愿者是 admirable。"
    },
    {
      "word_to_compare": "impressive",
      "analysis": "“Impressive” (令人印象深刻的) 强调外在表现带来的强烈感官或认知冲击，可能源于规模、技巧或视觉效果，但不必然包含道德或精神层面的敬意。例如，一场华丽的烟花表演是 impressive，但未必是 admirable。而 ‘admirable’ 通常隐含一种深层的尊重与认同。"
    }
  ]
}