{
  "word": "admiralty",
  "pronunciation": "ad·muh·rul·tee",
  "concise_definition": "n. 海事法, 海军部, 海事法院",
  "forms": {
    "plural": "admiralties"
  },
  "definitions": [
    {
      "pos": "noun",
      "explanation_en": "The branch of law that governs maritime activities, including shipping, navigation, and marine commerce, as well as disputes arising on navigable waters.",
      "explanation_cn": "指规范海上活动（包括航运、航行和海洋商业）以及在可通航水域发生的争议的法律分支。",
      "example_en": "The case was heard in admiralty court because it involved a cargo ship sinking in international waters.",
      "example_cn": "由于案件涉及一艘货轮在公海沉没，因此由海事法院审理。"
    },
    {
      "pos": "noun",
      "explanation_en": "The government department responsible for the administration and command of a nation's navy, especially in historical contexts.",
      "explanation_cn": "指负责管理与指挥一国海军的政府部门，尤用于历史语境中。",
      "example_en": "In the 18th century, the British Admiralty directed naval operations across the globe.",
      "example_cn": "在18世纪，英国海军部指挥着全球范围内的海军行动。"
    },
    {
      "pos": "noun",
      "explanation_en": "A court that exercises jurisdiction over maritime cases and disputes under admiralty law.",
      "explanation_cn": "指依据海事法对海事案件和争议行使管辖权的法院。",
      "example_en": "The admiralty has the authority to rule on claims for salvage and shipwreck recovery.",
      "example_cn": "海事法院有权裁定关于海上救助和沉船打捞的索赔。"
    }
  ],
  "comparison": [
    {
      "word_to_compare": "navy",
      "analysis": "“Navy” (海军) 指的是国家的军事力量本身，即执行海上作战任务的舰队和人员。而 “admiralty” 是管理海军的行政或法律机构，侧重于指挥、政策或司法职能，而非作战实体。"
    },
    {
      "word_to_compare": "maritime",
      "analysis": "“Maritime” (海事的) 是一个形容词，描述与海洋、航运或沿海事务相关的事物，如 maritime law（海事法）。而 “admiralty” 是一个名词，特指海事法体系或管理该体系的机构，具有更具体的法律或行政含义。"
    },
    {
      "word_to_compare": "court",
      "analysis": "“Court” (法院) 是一个通用词，泛指任何司法机构。而 “admiralty” 作为名词时特指处理海事事务的专门法院，其管辖权仅限于海上相关案件，具有专业性和历史传统，不同于普通民事或刑事法院。"
    }
  ]
}