{
  "word": "administered",
  "pronunciation": "uhd·mihn·is·tuhrd",
  "concise_definition": "v. 管理, 实施, 给予, 保管",
  "forms": {
    "base_form": "administer",
    "third_person_singular": "administers",
    "past_tense": "administered",
    "past_participle": "administered",
    "present_participle": "administering",
    "noun_form": "administrator"
  },
  "definitions": [
    {
      "pos": "verb",
      "explanation_en": "To manage or be in charge of the organization, operation, or execution of a system, program, or process, often in an official or formal capacity.",
      "explanation_cn": "指以官方或正式身份管理、负责某系统、项目或流程的运作与执行。",
      "example_en": "The government administered the new healthcare program with great efficiency.",
      "example_cn": "政府高效地实施了这项新的医疗保健计划。"
    },
    {
      "pos": "verb",
      "explanation_en": "To give or apply something, especially medicine, a treatment, or a test, often in a professional or controlled setting.",
      "explanation_cn": "指在专业或受控环境中给予或施用某物，尤指药物、治疗或测试。",
      "example_en": "The nurse administered the vaccine to all the children in the clinic.",
      "example_cn": "护士在诊所为所有儿童接种了疫苗。"
    },
    {
      "pos": "verb",
      "explanation_en": "To oversee the distribution or management of resources, funds, or legal matters, especially in a fiduciary or official role.",
      "explanation_cn": "指在受托或官方职责下监督资源、资金或法律事务的分配与管理。",
      "example_en": "The executor administered the estate according to the terms of the will.",
      "example_cn": "遗嘱执行人依照遗嘱条款管理了遗产。"
    }
  ],
  "comparison": [
    {
      "word_to_compare": "manage",
      "analysis": "“Manage” (管理) 是一个更通用的词，泛指对人、事务或资源进行组织和控制，不强调正式性或权威性。而 “administer” 更常用于正式制度、公共事务或专业场景，带有执行规则、程序或官方职责的含义。"
    },
    {
      "word_to_compare": "deliver",
      "analysis": "“Deliver” (递送/提供) 强调将某物从一处送到另一处，或完成一项承诺（如交付产品、演讲）。它不包含“管理”或“控制”的含义。而 “administer” 不仅是给予，还包含对过程的监督与控制，如 administer a test（监考并管理考试流程）。"
    },
    {
      "word_to_compare": "execute",
      "analysis": "“Execute” (执行) 通常指严格依照计划或命令完成某项任务，尤其在法律、军事或技术语境中，强调动作的完成性。而 “administer” 更侧重于持续性的管理、分配或施用过程，如 administer justice（主持正义）比 execute justice 更强调过程的公正性与持续性。"
    }
  ]
}