{
  "word": "administrators",
  "pronunciation": "ad·min·uh·stray·tuhrz",
  "concise_definition": "n. 管理者, 管理员, 行政人员",
  "forms": {
    "singular": "administrator"
  },
  "definitions": [
    {
      "pos": "noun",
      "explanation_en": "A person who is responsible for managing or overseeing the operations, policies, or resources of an organization, system, or institution.",
      "explanation_cn": "指负责管理或监督组织、系统或机构的运作、政策或资源的人员。",
      "example_en": "The school administrators approved the new curriculum last week.",
      "example_cn": "上周，学校管理员批准了新的课程方案。"
    },
    {
      "pos": "noun",
      "explanation_en": "A person with technical authority to manage and configure computer systems, networks, or software applications.",
      "explanation_cn": "指拥有对计算机系统、网络或软件应用程序进行管理和配置权限的技术人员。",
      "example_en": "The system administrators fixed the server outage within minutes.",
      "example_cn": "系统管理员在几分钟内修复了服务器中断问题。"
    },
    {
      "pos": "noun",
      "explanation_en": "A person who carries out official duties or enforces rules in a formal or bureaucratic context, often in government or public service.",
      "explanation_cn": "指在正式或官僚环境中执行官方职责或执行规则的人员，常用于政府或公共服务领域。",
      "example_en": "City administrators are responsible for budget allocation and public safety planning.",
      "example_cn": "城市行政人员负责预算分配和公共安全规划。"
    }
  ],
  "comparison": [
    {
      "word_to_compare": "managers",
      "analysis": "“Managers”（管理者）通常指在组织中负责团队、项目或部门日常运营的人，强调领导和协调职能，常用于商业语境。而 “administrators” 更侧重于执行规则、政策和系统性事务，范围更广，可涵盖非商业领域如政府、教育或IT系统。"
    },
    {
      "word_to_compare": "officials",
      "analysis": "“Officials”（官员）多指在政府或公共机构中拥有正式职位和法定权力的人，强调政治或法律权威。而 “administrators” 更侧重于执行和管理职能，不一定具有决策权，更多是落实政策的执行者。"
    },
    {
      "word_to_compare": "coordinators",
      "analysis": "“Coordinators”（协调员）主要职责是促进不同部门或人员之间的沟通与合作，确保流程顺畅。他们的角色更偏向于连接与整合，而 “administrators” 则拥有更广泛的管理权限，包括资源分配、规则制定和系统维护。"
    }
  ]
}