{
  "word": "admit",
  "pronunciation": "uhd·mit",
  "concise_definition": "v. 承认, 准许进入, 招供",
  "forms": {
    "third_person_singular": "admits",
    "past_tense": "admitted",
    "past_participle": "admitted",
    "present_participle": "admitting"
  },
  "definitions": [
    {
      "pos": "verb",
      "explanation_en": "To acknowledge or accept the truth or existence of something, often reluctantly or after hesitation, especially something negative or embarrassing.",
      "explanation_cn": "指承认或接受某事的真实性或存在，通常是在犹豫或不情愿的情况下，尤其指承认负面或令人尴尬的事实。",
      "example_en": "She finally admitted that she had made a mistake.",
      "example_cn": "她终于承认自己犯了一个错误。"
    },
    {
      "pos": "verb",
      "explanation_en": "To allow someone to enter a place, institution, or group, often by official permission or under specific conditions.",
      "explanation_cn": "指经正式许可或在特定条件下允许某人进入某个场所、机构或团体。",
      "example_en": "The university admits around 5,000 new students each year.",
      "example_cn": "这所大学每年招收约5000名新生。"
    },
    {
      "pos": "verb",
      "explanation_en": "To confess or disclose information, especially under pressure or in a legal context, such as guilt or involvement in a crime.",
      "explanation_cn": "指在压力下或法律语境中坦白或披露信息，尤指承认罪行或参与犯罪。",
      "example_en": "The suspect admitted to the police that he had stolen the money.",
      "example_cn": "嫌疑人向警方供认自己偷了钱。"
    }
  ],
  "comparison": [
    {
      "word_to_compare": "confess",
      "analysis": "“Confess”（坦白）通常用于更正式或宗教/道德语境，强调主动、彻底地承认错误或罪行，带有强烈的情感或精神负担。而 “admit” 更中性，可用于日常情境，不一定伴随内疚感，范围更广。"
    },
    {
      "word_to_compare": "allow",
      "analysis": "“Allow”（允许）强调给予许可或不加阻止，是外部行为的授权；而 “admit” 在表示“准许进入”时，隐含了某种筛选、审查或限制性标准，常用于机构、场所或系统性准入场景，语义更具体。"
    },
    {
      "word_to_compare": "acknowledge",
      "analysis": "“Acknowledge”（承认）侧重于认知层面的认可，可能不涉及责任或后果，如承认一个事实的存在；而 “admit” 常带有接受责任、后果或不利影响的意味，语气更沉重，常用于负面情境。"
    }
  ]
}