{
  "word": "admissions",
  "pronunciation": "ad·mih·zhuhnz",
  "concise_definition": "n. 录取, 承认, 入场许可",
  "forms": {
    "singular": "admission"
  },
  "definitions": [
    {
      "pos": "noun",
      "explanation_en": "The act of allowing someone to enter a place, institution, or program, especially after meeting specific criteria or undergoing a selection process.",
      "explanation_cn": "指允许某人进入某个场所、机构或项目的行为，通常需满足特定条件或经过选拔程序。",
      "example_en": "The university received over 50,000 applications for only 2,000 admissions this year.",
      "example_cn": "今年这所大学收到了五万份申请，但仅录取了两千人。"
    },
    {
      "pos": "noun",
      "explanation_en": "A statement or acknowledgment that something is true, often reluctantly or unintentionally, especially one that reveals information not intended to be disclosed.",
      "explanation_cn": "指对某事为真的承认，常带有勉强或无意的性质，尤其指泄露了本不打算公开的信息。",
      "example_en": "His admission that he had lied during the investigation shocked everyone.",
      "example_cn": "他承认在调查中撒了谎，这让所有人都感到震惊。"
    },
    {
      "pos": "noun",
      "explanation_en": "The fee charged for entry to a venue such as a museum, theater, or sporting event.",
      "explanation_cn": "指进入博物馆、剧院或体育赛事等场所所需支付的费用。",
      "example_en": "The admissions price for the art exhibit is $15 for adults and $10 for students.",
      "example_cn": "这个艺术展览的入场费为成人15美元，学生10美元。"
    }
  ],
  "comparison": [
    {
      "word_to_compare": "acceptance",
      "analysis": "“Acceptance” (接受) 强调对某人或某事物的认同或批准，范围更广，可用于情感、关系、理念等抽象层面。而 “admission” 更侧重于正式的准入行为或对事实的承认，常带有制度性或程序性含义。"
    },
    {
      "word_to_compare": "entry",
      "analysis": "“Entry” (进入) 是一个中性词，仅指物理或空间上的进入行为，不隐含筛选或批准的过程。而 “admission” 暗示了某种资格审查或授权，如学校录取、演唱会门票审核等。"
    },
    {
      "word_to_compare": "confession",
      "analysis": "“Confession” (坦白/忏悔) 通常带有道德或宗教色彩，强调主动、深刻地承认错误或罪过，情感强度更高。而 “admission” 更中性，可用于事实性陈述，不一定涉及愧疚或道德责任。"
    }
  ]
}