{
  "word": "admits",
  "pronunciation": "uhd·mits",
  "concise_definition": "v. 承认, 准许进入, 承认（错误或责任）",
  "forms": {
    "base_form": "admit",
    "third_person_singular": "admits",
    "past_tense": "admitted",
    "past_participle": "admitted",
    "present_participle": "admitting"
  },
  "definitions": [
    {
      "pos": "verb",
      "explanation_en": "To acknowledge or accept the truth or existence of something, often reluctantly or after hesitation, especially a fact, fault, or responsibility.",
      "explanation_cn": "指承认或接受某事的真实性或存在，通常是在犹豫或不情愿的情况下，尤其指承认事实、错误或责任。",
      "example_en": "He finally admitted that he had made a mistake in the calculation.",
      "example_cn": "他最终承认自己在计算中犯了错误。"
    },
    {
      "pos": "verb",
      "explanation_en": "To allow someone or something to enter a place, system, or group, often by granting permission or meeting criteria.",
      "explanation_cn": "指允许某人或某物进入某个场所、系统或群体，通常通过给予许可或满足条件实现。",
      "example_en": "The university admits only 500 new students each year.",
      "example_cn": "这所大学每年只招收500名新生。"
    },
    {
      "pos": "verb",
      "explanation_en": "To permit or allow something to happen or be true, often in a legal or formal context.",
      "explanation_cn": "指在法律或正式语境中允许某事发生或成立，常用于证据、主张或论点被接受的情形。",
      "example_en": "The court admitted the evidence as part of the trial.",
      "example_cn": "法庭将该证据作为审判的一部分予以采纳。"
    }
  ],
  "comparison": [
    {
      "word_to_compare": "confess",
      "analysis": "“Confess”（坦白）通常带有更强的道德或情感负担，多用于承认罪过、错误或秘密，常伴随悔意或内疚。而 “admit” 更中性，可用于任何事实的承认，不一定涉及道德谴责。"
    },
    {
      "word_to_compare": "allow",
      "analysis": "“Allow”（允许）强调给予许可或不加阻止，侧重于行为的授权；而 “admit” 在表示“准许进入”时，隐含了某种筛选或标准，如资格审查，语义更正式、更有限制性。"
    },
    {
      "word_to_compare": "acknowledge",
      "analysis": "“Acknowledge”（承认）侧重于认知上的认可，常用于表达对事实、存在或他人权利的注意，但不一定包含责任承担；而 “admit” 更常隐含接受后果或责任，语气更主动、更直接。"
    }
  ]
}