{
  "word": "admired",
  "pronunciation": "ad·mīrd",
  "concise_definition": "adj. 受人钦佩的, 令人敬仰的",
  "forms": {
    "base_form": "admire",
    "present_participle": "admir-ing",
    "past_tense": "admired",
    "past_participle": "admired",
    "third_person_singular": "admires"
  },
  "definitions": [
    {
      "pos": "adjective",
      "explanation_en": "Worthy of admiration; regarded with respect, approval, or esteem due to outstanding qualities, achievements, or character.",
      "explanation_cn": "值得钦佩的；因卓越的品质、成就或品格而受到尊重、认可或敬仰。",
      "example_en": "She is an admired artist whose work has inspired generations.",
      "example_cn": "她是一位备受钦佩的艺术家，其作品激励了数代人。"
    },
    {
      "pos": "adjective",
      "explanation_en": "Describing something that has been the object of admiration, often implying a lasting or widespread positive impression.",
      "explanation_cn": "指某事物曾被广泛钦佩，通常暗示其留下了持久或普遍的积极印象。",
      "example_en": "The admired architecture of the old cathedral still draws tourists from around the world.",
      "example_cn": "这座古老大教堂令人钦佩的建筑风格至今仍吸引着来自世界各地的游客。"
    }
  ],
  "comparison": [
    {
      "word_to_compare": "respected",
      "analysis": "“Respected”（受尊敬的）强调因地位、规则或社会规范而获得的敬意，可能不包含情感上的喜爱或钦佩。而 “admired” 更侧重于因个人品质、才华或成就而引发的积极情感和由衷欣赏。"
    },
    {
      "word_to_compare": "envied",
      "analysis": "“Envied”（被嫉妒的）指他人因拥有某物而产生羡慕甚至不满，带有负面情绪；而 “admired” 是纯粹的正面评价，不含嫉妒成分。一个人可以被钦佩而不被嫉妒，反之亦然。"
    },
    {
      "word_to_compare": "celebrated",
      "analysis": "“Celebrated”（著名的/受欢呼的）强调因知名度或公众关注而广为人知，常用于媒体或公众场合；而 “admired” 更强调内在价值和道德或精神层面的敬重，不一定需要公众知名度。一个默默无闻的教师可能被学生钦佩，但未必被广泛庆祝。"
    }
  ]
}