{
  "word": "admirers",
  "pronunciation": "ad·muy·ruhz",
  "concise_definition": "n. 仰慕者, 爱慕者, 欣赏者",
  "forms": {
    "singular": "admirer"
  },
  "definitions": [
    {
      "pos": "noun",
      "explanation_en": "A person who has a strong feeling of respect, approval, or affection for someone or something, often due to their qualities, achievements, or appearance.",
      "explanation_cn": "指因某人或某物的品质、成就或外貌而对其怀有强烈尊重、赞赏或喜爱的人。",
      "example_en": "She has countless admirers who praise her artistic talent and grace.",
      "example_cn": "她拥有无数仰慕者，他们称赞她的艺术才华与优雅气质。"
    },
    {
      "pos": "noun",
      "explanation_en": "Someone who expresses admiration publicly or persistently, sometimes in a way that borders on obsession, especially in the context of celebrities or public figures.",
      "explanation_cn": "指公开或持续表达钦佩之情的人，尤其在名人或公众人物的语境中，有时这种行为近乎痴迷。",
      "example_en": "The actor was surrounded by admirers waiting for his autograph after the premiere.",
      "example_cn": "首映式后，这位演员被一群等待签名的仰慕者团团围住。"
    }
  ],
  "comparison": [
    {
      "word_to_compare": "fans",
      "analysis": "“Fans” (粉丝) 通常指对某人或某事物（如明星、球队、作品）有热情支持或喜爱的人，情感更偏向流行文化与娱乐层面，语气较轻松随意。而 “admirers” 更强调尊重与敬佩，常用于更正式或庄重的语境，如对艺术家、学者或道德楷模的钦佩。"
    },
    {
      "word_to_compare": "devotees",
      "analysis": "“Devotees” (信徒/狂热追随者) 暗示一种更深层次的忠诚与奉献，常用于宗教、信仰或长期坚持的爱好中，带有牺牲或全身心投入的意味。而 “admirers” 更侧重于情感上的欣赏，不一定伴随行动上的追随或奉献。"
    },
    {
      "word_to_compare": "enthusiasts",
      "analysis": "“Enthusiasts” (爱好者) 指对某一领域或活动充满热情并积极参与的人，强调兴趣与投入，但不一定包含对个人的崇拜或情感依附。而 “admirers” 的核心是对某人特质的仰慕，对象通常是人而非活动或领域。"
    }
  ]
}