{
  "word": "admire",
  "pronunciation": "ad·mīr",
  "concise_definition": "v. 钦佩, 欣赏, 羡慕",
  "forms": {
    "third_person_singular": "admirers",
    "past_tense": "admired",
    "past_participle": "admired",
    "present_participle": "admiring"
  },
  "definitions": [
    {
      "pos": "verb",
      "explanation_en": "To regard someone or something with respect, approval, or warm appreciation, often due to their qualities, achievements, or beauty.",
      "explanation_cn": "指因某人或某物的品质、成就或美感而心怀敬意、赞同或由衷欣赏。",
      "example_en": "I admire her courage in speaking out against injustice.",
      "example_cn": "我钦佩她敢于为不公发声的勇气。"
    },
    {
      "pos": "verb",
      "explanation_en": "To look at something with pleasure or delight, especially because of its appearance or craftsmanship.",
      "explanation_cn": "指因某物的外观或工艺而怀着愉悦的心情凝视或欣赏。",
      "example_en": "We stood in silence, admiring the intricate details of the ancient statue.",
      "example_cn": "我们静静地站着，欣赏着这座古老雕像的精致细节。"
    }
  ],
  "comparison": [
    {
      "word_to_compare": "respect",
      "analysis": "“Respect” (尊重) 更强调对权威、规则或他人权利的理性认可，情感色彩较淡，可能不包含喜爱或感动。而 “admire” 则带有更强烈的情感成分，常包含喜爱、向往甚至崇拜。"
    },
    {
      "word_to_compare": "envy",
      "analysis": "“Envy” (嫉妒) 指因他人拥有自己渴望的东西而感到不快或不满，带有负面情绪。而 “admire” 是积极的欣赏，即使对方拥有自己没有的东西，也不会因此感到痛苦，反而心生敬意。"
    },
    {
      "word_to_compare": "appreciate",
      "analysis": "“Appreciate” (欣赏) 范围更广，可用于对价值、努力或细微之处的理性认知，不一定包含情感上的钦佩。例如，欣赏一份报告的逻辑性。而 “admire” 更常用于对人格、勇气、才华等高尚特质的由衷敬佩。"
    }
  ]
}