{
  "word": "administrations",
  "pronunciation": "uhd·muh·nis·tray·shuhnz",
  "concise_definition": "n. 管理, 行政, 政府任期",
  "forms": {
    "singular": "administration"
  },
  "definitions": [
    {
      "pos": "noun",
      "explanation_en": "The act or process of managing or organizing the affairs of an organization, institution, or government, often involving planning, decision-making, and implementation of policies.",
      "explanation_cn": "指管理或组织组织、机构或政府事务的行为或过程，通常包括规划、决策和政策的实施。",
      "example_en": "The new administration has introduced several reforms to improve public services.",
      "example_cn": "新一届政府已推出多项改革以改善公共服务。"
    },
    {
      "pos": "noun",
      "explanation_en": "A particular government or group of officials in power during a specific period, especially in a presidential system.",
      "explanation_cn": "指在特定时期内执政的政府或官员群体，尤指总统制国家中的某一届政府。",
      "example_en": "The Reagan administration focused heavily on reducing government spending.",
      "example_cn": "里根政府高度重视减少政府开支。"
    },
    {
      "pos": "noun",
      "explanation_en": "The body of officials responsible for executing the policies and laws of a government or organization.",
      "explanation_cn": "指负责执行政府或组织政策与法律的官员群体。",
      "example_en": "The administration of the university handles student enrollment and faculty appointments.",
      "example_cn": "大学的行政机构负责学生注册和教职员工任命。"
    }
  ],
  "comparison": [
    {
      "word_to_compare": "government",
      "analysis": "“Government”（政府）是一个更广泛的概念，泛指一个国家的整个政治体系和权力结构，包括立法、司法和行政分支。而 “administration” 通常仅指执行部门，即负责实施政策的官员群体，尤其在总统制中特指某一届执政团队。"
    },
    {
      "word_to_compare": "management",
      "analysis": "“Management”（管理）适用于任何组织（如企业、非营利机构），强调日常运营、资源调配和人员协调，语义更偏技术性和操作性。而 “administration” 更常用于公共或政治语境，带有制度性、政策性和权威性色彩。"
    },
    {
      "word_to_compare": "regime",
      "analysis": "“Regime”（政权）常带有政治色彩，可能暗示专制、非民主或不稳定的统治，语义较负面；而 “administration” 是中性或正面术语，强调合法性和程序性，多用于正式语境中描述民选政府的执政期。"
    }
  ]
}