{
  "word": "admittedly",
  "pronunciation": "uhd·mit·id·lee",
  "concise_definition": "adv. 诚然, 承认地, 不得不承认的是",
  "forms": {
    "adjective": "admitted",
    "verb": "admit"
  },
  "definitions": [
    {
      "pos": "adverb",
      "explanation_en": "Used to acknowledge that a particular fact or point is true, often while introducing a contrasting or qualifying statement that follows.",
      "explanation_cn": "用于承认某一事实或观点确实成立，通常用于引出随后的对比性或限定性陈述。",
      "example_en": "Admittedly, the design is outdated, but it still functions perfectly.",
      "example_cn": "诚然，这个设计已经过时了，但它仍然功能完好。"
    },
    {
      "pos": "adverb",
      "explanation_en": "Used to concede a point reluctantly or with hesitation, often to establish credibility before presenting a stronger argument.",
      "explanation_cn": "用于不情愿或犹豫地承认某一点，通常是为了在提出更强有力的论点前建立可信度。",
      "example_en": "Admittedly, I didn't study much for the exam—but I still passed.",
      "example_cn": "不得不承认，我考试前没怎么复习——但我还是通过了。"
    }
  ],
  "comparison": [
    {
      "word_to_compare": "obviously",
      "analysis": "“Obviously”（显然地）表示某事是显而易见、无需争议的，带有确定性和自信。而 “admittedly” 则带有让步或妥协的语气，承认一个可能不利或不完美的事实，语气更谦逊、更主观。"
    },
    {
      "word_to_compare": "indeed",
      "analysis": "“Indeed”（确实）用于加强或确认一个观点，语气积极或支持性。而 “admittedly” 通常用于承认一个可能削弱自身立场的事实，带有让步性质，语气更中性甚至略带消极。"
    },
    {
      "word_to_compare": "frankly",
      "analysis": "“Frankly”（坦率地说）强调说话者直率、不加掩饰地表达意见，常带有主观情感色彩。而 “admittedly” 更侧重于承认一个客观事实，即使这个事实可能不利于自己的立场，语气更理性、更克制。"
    }
  ]
}