{
  "word": "admirer",
  "pronunciation": "ad·muh·ruhr",
  "concise_definition": "n. 仰慕者, 爱慕者, 欣赏者",
  "forms": {
    "plural": "admirers"
  },
  "definitions": [
    {
      "pos": "noun",
      "explanation_en": "A person who has a strong feeling of respect, approval, or affection for someone or something, often due to their qualities, achievements, or appearance.",
      "explanation_cn": "指对某人或某物怀有强烈尊重、赞赏或喜爱之情的人，通常因其品质、成就或外貌而产生。",
      "example_en": "She has many admirers who praise her artistic talent and grace.",
      "example_cn": "她有许多仰慕者，称赞她的艺术才华与优雅气质。"
    },
    {
      "pos": "noun",
      "explanation_en": "Someone who expresses admiration in a romantic or devoted way, sometimes implying unrequited or quiet affection.",
      "explanation_cn": "指以浪漫或忠诚的方式表达仰慕之情的人，有时暗示单恋或默默的爱慕。",
      "example_en": "He was a quiet admirer of the poet, leaving anonymous notes under her door.",
      "example_cn": "他是那位诗人的默默仰慕者，常在她门下留下匿名便条。"
    }
  ],
  "comparison": [
    {
      "word_to_compare": "fan",
      "analysis": "“Fan” (粉丝) 通常指对名人、作品或事物有热情支持的人，情感更大众化、流行化，常与娱乐、体育或文化产品相关，语气较轻松。而 “admirer” 更强调尊重与深度欣赏，情感更内敛、庄重，常用于个人品质或艺术成就的欣赏。"
    },
    {
      "word_to_compare": "devotee",
      "analysis": "“Devotee” (信徒/狂热追随者) 暗示一种近乎宗教般的忠诚或奉献，常用于信仰、理念或长期坚持的爱好，情感强度高于 “admirer”。而 “admirer” 更侧重于欣赏，不一定伴随持续的投入或行为。"
    },
    {
      "word_to_compare": "enthusiast",
      "analysis": "“Enthusiast” (爱好者) 强调对某项活动、领域或兴趣的极大热情和积极参与，如摄影爱好者、历史爱好者。它侧重于行为和兴趣，而非对某个人的仰慕。而 “admirer” 的对象通常是人，情感核心是钦佩而非参与。"
    }
  ]
}