{
  "word": "admiring",
  "pronunciation": "ad·mīr·iŋ",
  "concise_definition": "adj. 表示钦佩的, 充满敬意的",
  "forms": {
    "base_form": "admire",
    "comparative": "more admiring",
    "superlative": "most admiring"
  },
  "definitions": [
    {
      "pos": "adjective",
      "explanation_en": "Expressing or showing deep respect, approval, or wonder toward someone or something, often due to their qualities, achievements, or beauty.",
      "explanation_cn": "表达或流露出对某人或某物的深切尊重、赞赏或惊叹，通常因其品质、成就或美感。",
      "example_en": "She gave him an admiring glance as he played the piano with flawless technique.",
      "example_cn": "当他以无懈可击的技巧弹奏钢琴时，她投去钦佩的一瞥。"
    },
    {
      "pos": "adjective",
      "explanation_en": "Characterized by a tone or attitude of reverence or fond appreciation, often used to describe looks, comments, or behavior.",
      "explanation_cn": "以一种敬畏或由衷欣赏的语气或态度为特征，常用于描述眼神、言语或行为。",
      "example_en": "The audience responded with admiring applause after the symphony's final note.",
      "example_cn": "交响乐最后一个音符落下后，观众报以充满敬意的掌声。"
    }
  ],
  "comparison": [
    {
      "word_to_compare": "praising",
      "analysis": "“Praising”（赞扬）侧重于明确表达肯定或称赞，通常带有语言上的评价，如‘你真棒！’；而 ‘admiring’ 更强调一种情感上的倾慕或无声的敬佩，可能不通过言语表达，更多体现在眼神、姿态或氛围中。"
    },
    {
      "word_to_compare": "reverent",
      "analysis": "“Reverent”（崇敬的）强调一种近乎宗教或庄严的敬畏，常用于对权威、神圣或传统事物的态度；而 ‘admiring’ 的情感更贴近日常的欣赏，对象可以是才华、外貌或行为，不必然带有神圣性或严肃性。"
    },
    {
      "word_to_compare": "envious",
      "analysis": "“Envious”（嫉妒的）表达的是因他人拥有自己渴望之物而产生的负面情绪；而 ‘admiring’ 是积极的、非占有性的欣赏，即使无法拥有，也乐于承认对方的价值，两者情感基调截然相反。"
    }
  ]
}