{
  "word": "adnan",
  "pronunciation": "ad·nan",
  "concise_definition": "n. 阿德南（人名）",
  "forms": {
    "plural": "Adnans"
  },
  "definitions": [
    {
      "pos": "noun",
      "explanation_en": "A male given name of Arabic origin, commonly used in Muslim communities, meaning 'pleasant' or 'delightful'.",
      "explanation_cn": "源自阿拉伯语的男性名字，常见于穆斯林社群，意为‘令人愉快的’或‘可爱的’。",
      "example_en": "Adnan is a dedicated teacher who inspires his students with patience and kindness.",
      "example_cn": "阿德南是一位敬业的教师，以耐心和仁慈激励着他的学生。"
    }
  ]
}
