{
  "word": "ado",
  "pronunciation": "uh·doh",
  "concise_definition": "n. 烦扰, 忙乱, 无谓的喧嚣",
  "forms": {
    "plural": "ados"
  },
  "definitions": [
    {
      "pos": "noun",
      "explanation_en": "A state of unnecessary fuss, confusion, or commotion, often over something trivial or unimportant; typically used in the phrase 'without all the ado' to imply avoiding excessive activity or drama.",
      "explanation_cn": "指对琐碎或不重要之事所引起的无谓的喧嚣、忙乱或烦扰；常用于短语 'without all the ado'，意为避免过度的举动或戏剧性场面。",
      "example_en": "There was a lot of ado about nothing when the office printer broke down.",
      "example_cn": "打印机一出故障，办公室里就闹得沸沸扬扬，其实根本没什么大不了的。"
    },
    {
      "pos": "noun",
      "explanation_en": "An excessive or overly complicated procedure or set of actions taken to accomplish something simple, often implying inefficiency or pretense.",
      "explanation_cn": "指为完成一件简单事情而采取的过度或过于复杂的程序或行为，常暗示低效或做作。",
      "example_en": "All this ado just to sign a form? We could have done it in five minutes.",
      "example_cn": "签个表格至于搞这么大阵仗吗？我们五分钟就能搞定。"
    }
  ],
  "comparison": [
    {
      "word_to_compare": "hubbub",
      "analysis": "“Hubbub”（喧闹）强调的是声音上的嘈杂和混乱，通常指多人同时说话或制造噪音的场面，如市场或派对中的喧哗。而 “ado” 更侧重于行为上的过度折腾和无谓的忙碌，不一定伴随大声喧哗。"
    },
    {
      "word_to_compare": "fuss",
      "analysis": "“Fuss”（小题大做）与 “ado” 意义非常接近，常可互换，但 “fuss” 更口语化，使用范围更广，可指个人或小群体的过度反应；而 “ado” 带有文学色彩，多用于书面语或固定搭配（如 ‘much ado about nothing’），语气更正式、更具讽刺意味。"
    },
    {
      "word_to_compare": "commotion",
      "analysis": "“Commotion”（骚动）强调的是物理或社会层面的动荡和混乱，常伴随人群移动或情绪激动，如暴乱或紧急疏散。而 “ado” 更偏向于心理或程序层面的无谓折腾，不一定有实际的行动或危险。"
    }
  ]
}