{
  "word": "adobe",
  "pronunciation": "uh·dohb",
  "concise_definition": "n. 泥砖, 泥砖建筑; Adobe 公司",
  "forms": {
    "plural": "adobes"
  },
  "definitions": [
    {
      "pos": "noun",
      "explanation_en": "A building material made from earth and organic materials such as straw, shaped into bricks and dried in the sun; commonly used in arid regions for traditional architecture.",
      "explanation_cn": "一种由泥土和稻草等有机材料制成、塑形后在阳光下晒干的建筑材料，常用于干旱地区的传统建筑。",
      "example_en": "The ancient pueblo was constructed entirely of adobe bricks.",
      "example_cn": "这座古老的普韦布洛村落完全由泥砖建造而成。"
    },
    {
      "pos": "noun",
      "explanation_en": "A structure or building made from adobe bricks, typically characterized by thick walls, flat roofs, and a rustic, earth-toned appearance.",
      "explanation_cn": "由泥砖建造的房屋或建筑，通常具有厚墙、平顶和质朴的土色外观。",
      "example_en": "We stayed in a cozy adobe cottage in Santa Fe, surrounded by desert hills.",
      "example_cn": "我们在圣达菲的一座舒适的泥砖小屋中过夜，四周是沙漠丘陵。"
    },
    {
      "pos": "noun",
      "explanation_en": "A multinational software company known for creating digital media and creativity software such as Photoshop, Illustrator, and Acrobat.",
      "explanation_cn": "一家跨国软件公司，以开发数字媒体和创意软件而闻名，如 Photoshop、Illustrator 和 Acrobat。",
      "example_en": "I used Adobe Premiere to edit my video for the film festival.",
      "example_cn": "我使用 Adobe Premiere 编辑了我参加电影节的视频。"
    }
  ],
  "comparison": [
    {
      "word_to_compare": "mudbrick",
      "analysis": "“Mudbrick”（泥砖）是“adobe”的同义词，但更侧重于描述材料本身的物理组成，常用于考古或工程语境；而 “adobe” 不仅指材料，也常指代使用这种材料建造的建筑风格或文化传统，具有更强的文化和地域色彩。"
    },
    {
      "word_to_compare": "clay",
      "analysis": "“Clay”（黏土）是制作 adobe 的主要原料之一，但本身是未加工的天然土壤，不具备成型或结构功能；而 “adobe” 是经过塑形、干燥后形成的实用建筑材料，是黏土的加工产物。"
    },
    {
      "word_to_compare": "Adobe (company)",
      "analysis": "作为公司名称的 “Adobe” 与作为建筑材料的 “adobe” 拼写相同，但语义完全无关。前者是科技品牌，后者是建筑术语。这种同形异义现象源于公司名称取自创始人家旁的一条小溪名 “Adobe Creek”，而该溪名本身源自西班牙语中的泥砖含义。"
    }
  ]
}