{
  "word": "adolescence",
  "pronunciation": "ad·o·les·sns",
  "concise_definition": "n. 青春期, 青少年时期",
  "forms": {
    "plural": "adolescences"
  },
  "definitions": [
    {
      "pos": "noun",
      "explanation_en": "The transitional stage of physical and psychological development between childhood and adulthood, typically occurring between ages 10 and 19, characterized by hormonal changes, identity formation, and increasing independence.",
      "explanation_cn": "指从童年到成年之间的生理与心理过渡阶段，通常发生在10至19岁之间，以荷尔蒙变化、自我认同的形成以及独立性增强为特征。",
      "example_en": "During adolescence, many teenagers struggle with self-esteem and peer pressure.",
      "example_cn": "在青春期，许多青少年会面临自尊心不足和同龄人压力的问题。"
    },
    {
      "pos": "noun",
      "explanation_en": "The period of life marked by the onset of puberty and the gradual acquisition of adult roles and responsibilities.",
      "explanation_cn": "指以青春期开始为标志，并逐步承担成人角色与责任的人生阶段。",
      "example_en": "Her adolescence was shaped by frequent moves and changing schools.",
      "example_cn": "她的青春期因频繁搬家和转学而受到影响。"
    }
  ],
  "comparison": [
    {
      "word_to_compare": "youth",
      "analysis": "“Youth” (青年时期) 是一个更宽泛的术语，泛指从儿童期到成年早期的整个阶段，通常涵盖13至25岁，强调年龄而非发展阶段。而 “adolescence” 更精确地指生理和心理发生关键转变的过渡期，具有明确的发育特征。"
    },
    {
      "word_to_compare": "teenage",
      "analysis": "“Teenage” (青少年的) 是形容词，仅指年龄在13至19岁之间的人或事物，侧重于数字年龄。而 “adolescence” 是名词，强调的是这一阶段所伴随的身心发展过程，不限于具体年龄数字，有时可延伸至20岁初。"
    },
    {
      "word_to_compare": "puberty",
      "analysis": "“Puberty” (青春期生理发育期) 仅指身体上性成熟的过程，如第二性征出现、月经初潮等，是生物学概念。而 “adolescence” 包含生理变化，但更广泛地涵盖心理、社会和情感层面的成长，是综合性的生命周期阶段。"
    }
  ]
}