{
  "word": "adolescents",
  "pronunciation": "ad·o·les·cents",
  "concise_definition": "n. 青少年, 青春期的人",
  "forms": {
    "singular": "adolescent"
  },
  "definitions": [
    {
      "pos": "noun",
      "explanation_en": "A person who is in the process of transitioning from childhood to adulthood, typically between the ages of 13 and 19, characterized by physical, emotional, and social changes.",
      "explanation_cn": "指正处于从童年向成年过渡阶段的人，通常年龄在13至19岁之间，以身体、情感和社会方面的显著变化为特征。",
      "example_en": "Adolescents often struggle with identity formation and peer pressure during this stage of life.",
      "example_cn": "青少年在这个人生阶段常常在自我认同和同龄人压力之间挣扎。"
    },
    {
      "pos": "noun",
      "explanation_en": "A group of individuals in this age range, often studied in psychology, education, and social policy due to their unique developmental needs.",
      "explanation_cn": "指处于这一年龄段的群体，因其独特的发展需求，常被心理学、教育学和社会政策领域所研究。",
      "example_en": "School programs targeting adolescents have shown improved outcomes in mental health and academic performance.",
      "example_cn": "针对青少年的学校项目在心理健康和学业表现方面取得了显著成效。"
    }
  ],
  "comparison": [
    {
      "word_to_compare": "teenagers",
      "analysis": "“Teenagers”（青少年）是“adolescents”的口语化同义词，特指13至19岁的人，强调年龄数字（teen-）。“Adolescents”更正式，涵盖生理、心理和社会发展的综合阶段，有时可包括10至12岁的早期青春期个体，范围更广。"
    },
    {
      "word_to_compare": "youth",
      "analysis": "“Youth”（青年）是一个更宽泛的术语，可指从青春期开始到成年早期（约15至24岁）的整个阶段，有时甚至泛指年轻人群体。它不强调生理发育过程，而更侧重社会角色或文化身份。而 “adolescents” 更精确地指向发育中的过渡期个体。"
    },
    {
      "word_to_compare": "children",
      "analysis": "“Children”（儿童）指尚未进入青春期的未成年人，通常为12岁以下。他们尚未经历显著的第二性征发育和认知成熟。“Adolescents”则标志着从儿童向成人转变的关键阶段，具有更强的自主性、情绪波动和独立意识。"
    }
  ]
}