{
  "word": "adolescent",
  "pronunciation": "ad·uh·les·uhnt",
  "concise_definition": "n. 青少年, 青春期的人; adj. 青春期的, 青少年的",
  "forms": {
    "plural": "adolescents"
  },
  "definitions": [
    {
      "pos": "noun",
      "explanation_en": "A person who is in the process of transitioning from childhood to adulthood, typically between the ages of 13 and 19, characterized by physical, emotional, and social changes.",
      "explanation_cn": "指正处于从童年向成年过渡阶段的人，通常年龄在13至19岁之间，以身体、情感和社会方面的显著变化为特征。",
      "example_en": "The school offers counseling services specifically designed for adolescents.",
      "example_cn": "这所学校提供专为青少年设计的心理咨询服务。"
    },
    {
      "pos": "adjective",
      "explanation_en": "Relating to or characteristic of the period of adolescence, involving the physical, emotional, and psychological changes that occur during puberty.",
      "explanation_cn": "与青春期相关或具有青春期特征的，涉及青春期所发生的生理、情感和心理变化。",
      "example_en": "Adolescent behavior often includes mood swings and a strong desire for independence.",
      "example_cn": "青少年的行为常包括情绪波动和强烈的独立愿望。"
    }
  ],
  "comparison": [
    {
      "word_to_compare": "teenager",
      "analysis": "“Teenager”（十几岁的青少年）是一个更口语化、更具体的词，专指年龄在13至19岁之间的人，强调年龄范围。而 “adolescent” 是一个更正式、更学术的术语，不仅涵盖年龄，还强调心理和生理发展的过程，有时可包括10岁出头或20岁初的个体。"
    },
    {
      "word_to_compare": "youth",
      "analysis": "“Youth”（青年）范围更广，可指从儿童期结束到成年早期的整个阶段，有时包括20多岁的人，且常带有社会或文化含义（如青年运动）。而 “adolescent” 更精确地聚焦于生理发育和心理转变的特定阶段，即青春期。"
    },
    {
      "word_to_compare": "juvenile",
      "analysis": "“Juvenile”（未成年人的）通常用于法律或正式语境，指未满法定成年年龄的人，常带有负面或制度化色彩（如 juvenile delinquent）。而 “adolescent” 是中性或积极的术语，强调成长过程本身，不隐含行为问题。"
    }
  ]
}