{
  "word": "adolf",
  "pronunciation": "ad·olf",
  "concise_definition": "n. 阿道夫（人名）",
  "forms": {
    "none": "无复数或变体形式"
  },
  "definitions": [
    {
      "pos": "noun",
      "explanation_en": "A German given name, historically common in German-speaking countries, most infamously associated with Adolf Hitler, the leader of Nazi Germany during World War II.",
      "explanation_cn": "一个德语人名，历史上在德语国家较为常见，但因与第二次世界大战期间纳粹德国领导人阿道夫·希特勒的关联而臭名昭著。",
      "example_en": "Adolf Hitler rose to power in Germany in the early 1930s.",
      "example_cn": "阿道夫·希特勒于20世纪30年代初在德国掌权。"
    }
  ],
  "comparison": [
    {
      "word_to_compare": "hitler",
      "analysis": "“Hitler” 是姓氏，特指阿道夫·希特勒本人，是历史人物的专有名词；而 “Adolf” 是其名字，作为普通人名本无负面含义，但因与希特勒的绑定，在现代语境中几乎成为其代称，承载了强烈的历史和道德负荷。"
    },
    {
      "word_to_compare": "fuhrer",
      "analysis": "“Führer”（元首）是希特勒的头衔，代表其政治权力和意识形态权威；而 “Adolf” 仅是其个人姓名。前者是职位或角色，后者是身份标识，二者在语义层级上不同，但常在历史语境中被并列提及。"
    },
    {
      "word_to_compare": "name",
      "analysis": "“Name” 是泛指任何人的称呼，中性无情感色彩；而 “Adolf” 在当代语境中因历史原因已高度特化，提及时往往引发对纳粹主义、大屠杀等历史创伤的联想，已远超普通人名的语义范围。"
    }
  ]
}