{
  "word": "adopting",
  "pronunciation": "uh·dop·ting",
  "concise_definition": "v. 采用, 收养, 接受, 正式通过",
  "forms": {
    "base_form": "adopt",
    "third_person_singular": "adopts",
    "past_tense": "adopted",
    "past_participle": "adopted",
    "present_participle": "adopting"
  },
  "definitions": [
    {
      "pos": "verb",
      "explanation_en": "To formally take on or accept something, such as a policy, idea, method, or technology, especially after careful consideration.",
      "explanation_cn": "指经过慎重考虑后正式采纳或接受某种政策、理念、方法或技术。",
      "example_en": "The school is adopting a new curriculum to improve student engagement.",
      "example_cn": "这所学校正在采用一种新课程以提高学生的参与度。"
    },
    {
      "pos": "verb",
      "explanation_en": "To legally take another person's child and raise it as one's own.",
      "explanation_cn": "指通过法律程序收养他人子女，并将其作为自己的孩子抚养。",
      "example_en": "They are adopting a baby from foster care after years of waiting.",
      "example_cn": "经过多年的等待，他们正在收养一名来自寄养家庭的婴儿。"
    },
    {
      "pos": "verb",
      "explanation_en": "To choose or embrace a particular attitude, behavior, or role, often to fit a situation or express identity.",
      "explanation_cn": "指选择或采纳某种态度、行为或角色，通常是为了适应某种情境或表达自我身份。",
      "example_en": "He is adopting a more confident tone in his presentations.",
      "example_cn": "他在演讲中正采用一种更自信的语气。"
    }
  ],
  "comparison": [
    {
      "word_to_compare": "accept",
      "analysis": "“Accept” (接受) 指被动或主动地认可某事物的存在或真实性，不一定包含主动选择或实施的含义。而 “adopting” 强调主动采纳并付诸实践，常用于制度、方法或行为的正式引入。"
    },
    {
      "word_to_compare": "choose",
      "analysis": "“Choose” (选择) 是一个更通用的词，仅表示在多个选项中做出决定，不隐含正式性或长期实施的含义。而 “adopting” 暗示所选事物将被持续使用或作为标准，具有制度化或规范化的倾向。"
    },
    {
      "word_to_compare": "take up",
      "analysis": "“Take up” (开始从事) 通常用于开始一项活动、爱好或责任，语气较口语化，且不一定有正式或制度化的含义。而 “adopting” 更正式，常用于政策、技术或法律语境，强调系统性采纳。"
    }
  ]
}