{
  "word": "adoptive",
  "pronunciation": "ad·op·tiv",
  "concise_definition": "adj. 收养的, 通过收养获得的",
  "forms": {
    "comparative": "more adoptive",
    "superlative": "most adoptive"
  },
  "definitions": [
    {
      "pos": "adjective",
      "explanation_en": "Relating to or characterized by adoption, especially referring to a parent who has legally taken another person's child into their family as their own.",
      "explanation_cn": "与收养相关的，特指通过法律程序将他人子女正式收为己子/女的父母。",
      "example_en": "Her adoptive parents raised her with love and provided her with a stable home.",
      "example_cn": "她的养父母用爱抚养她，并为她提供了稳定的家。"
    },
    {
      "pos": "adjective",
      "explanation_en": "Used to describe a child who has been legally adopted by someone who is not their biological parent.",
      "explanation_cn": "用于描述被非亲生父母依法收养的孩子。",
      "example_en": "The adoptive child was enrolled in the same school as her biological siblings.",
      "example_cn": "这个被收养的孩子和她的亲生兄弟姐妹上了同一所学校。"
    },
    {
      "pos": "adjective",
      "explanation_en": "Applied to a relationship, role, or identity formed through adoption rather than by birth or biology.",
      "explanation_cn": "指通过收养而非血缘关系形成的亲属关系、角色或身份。",
      "example_en": "He feels a deep emotional bond with his adoptive grandmother, who has been his primary caregiver.",
      "example_cn": "他与他的养祖母有着深厚的情感纽带，她一直是他的主要照顾者。"
    }
  ],
  "comparison": [
    {
      "word_to_compare": "foster",
      "analysis": "“Foster”（寄养的）指临时性的照顾关系，通常由国家或机构安排，不涉及法律上的永久收养。而 “adoptive” 强调的是通过法律程序建立的永久性父母子女关系，具有完全的法律权利与义务。"
    },
    {
      "word_to_compare": "biological",
      "analysis": "“Biological”（生物学的/亲生的）指基于血缘或遗传关系的父母或子女，与 “adoptive” 形成直接对比。前者强调自然生育，后者强调法律与情感上的亲子关系，不依赖血缘。"
    },
    {
      "word_to_compare": "legal",
      "analysis": "“Legal”（法律的）是一个更宽泛的术语，泛指任何受法律约束或认可的关系或行为。而 “adoptive” 是一个具体语境下的法律术语，特指收养关系。并非所有法律关系都是收养关系，但所有 adoptive 关系都是法律关系。"
    }
  ]
}