{
  "word": "adopt",
  "pronunciation": "uh·dopt",
  "concise_definition": "v. 采用, 采纳, 收养",
  "forms": {
    "third_person_singular": "adopts",
    "past_tense": "adopted",
    "past_participle": "adopted",
    "present_participle": "adopting"
  },
  "definitions": [
    {
      "pos": "verb",
      "explanation_en": "To formally accept or take up a new idea, method, policy, or practice, especially one that is different from what was previously used.",
      "explanation_cn": "指正式接受或采用一种新的想法、方法、政策或做法，尤其是与之前所使用的方式不同的内容。",
      "example_en": "The school adopted a new curriculum to improve student engagement.",
      "example_cn": "该校采用了一种新课程以提高学生的参与度。"
    },
    {
      "pos": "verb",
      "explanation_en": "To legally take another person's child and raise it as one's own, granting the child full legal rights as a biological child.",
      "explanation_cn": "指通过法律程序收养他人子女，并将其作为自己的孩子抚养，赋予其与亲生子女同等的法律权利。",
      "example_en": "They adopted a baby from China and have loved her as their own ever since.",
      "example_cn": "他们从中国收养了一个婴儿，从此一直把她当作自己的孩子来疼爱。"
    },
    {
      "pos": "verb",
      "explanation_en": "To choose or select something as one's own, often in a personal or informal context (e.g., a style, attitude, or identity).",
      "explanation_cn": "指在个人或非正式语境中选择并认同某种风格、态度或身份，将其视为己有。",
      "example_en": "He adopted a more optimistic outlook after traveling abroad.",
      "example_cn": "他出国旅行后，采取了更乐观的生活态度。"
    }
  ],
  "comparison": [
    {
      "word_to_compare": "accept",
      "analysis": "“Accept” (接受) 侧重于对已存在事物的认同或不拒绝，常带有被动或无奈的意味，如接受现实、接受礼物。而 “adopt” 强调主动选择并采纳，通常涉及改变原有状态，具有更强的意图性和实施性。"
    },
    {
      "word_to_compare": "embrace",
      "analysis": "“Embrace” (拥抱/欣然接受) 带有强烈的情感色彩，常用于表达热情、积极地接受某种理念或变化，语气比 “adopt” 更感性、更热烈。而 “adopt” 更中性、更注重实际应用，常用于制度、政策或技术层面。"
    },
    {
      "word_to_compare": "foster",
      "analysis": "“Foster” (抚养/促进) 通常指在非正式或临时性基础上照顾或培养孩子（如寄养），或促进某种发展，但不涉及法律上的完全收养。而 “adopt” 意味着永久性的法律身份变更，是正式且不可逆的。"
    }
  ]
}