{
  "word": "adoration",
  "pronunciation": "ad·uh·ray·shun",
  "concise_definition": "n. 崇拜, 爱慕, 崇敬",
  "forms": {
    "plural": "adorations"
  },
  "definitions": [
    {
      "pos": "noun",
      "explanation_en": "A feeling of deep love, reverence, or worship directed toward someone or something regarded as perfect, divine, or supremely admirable.",
      "explanation_cn": "对某人或某物怀有的深切爱慕、敬畏或崇拜之情，通常因其被视为完美、神圣或极其卓越。",
      "example_en": "The fans showed adoration for the pop star, screaming and crying as she appeared on stage.",
      "example_cn": "粉丝们对这位流行歌手表现出狂热的崇拜，当她登上舞台时，他们尖叫哭泣。"
    },
    {
      "pos": "noun",
      "explanation_en": "The act of expressing such love or reverence, often through rituals, gestures, or devoted attention.",
      "explanation_cn": "通过仪式、动作或专注的投入来表达这种爱慕或敬畏的行为。",
      "example_en": "In ancient cultures, adoration of the sun was common, with temples built to honor its life-giving power.",
      "example_cn": "在古代文化中，崇拜太阳很普遍，人们建造神庙以纪念其赋予生命的力量。"
    }
  ],
  "comparison": [
    {
      "word_to_compare": "love",
      "analysis": "“Love” (爱) 是一个广泛而通用的词，涵盖亲情、友情、浪漫之爱等多种情感，程度和对象都较宽泛。而 “adoration” 更强烈、更神圣，通常带有崇拜和理想化的色彩，常用于描述对偶像、神明或极度仰慕对象的情感。"
    },
    {
      "word_to_compare": "worship",
      "analysis": "“Worship” (崇拜) 通常特指宗教意义上的敬拜行为，强调仪式性和对神灵的服从。而 “adoration” 虽可包含宗教含义，但更常用于世俗语境，如对名人、艺术或理想人物的深情仰慕，情感色彩更个人化、更感性。"
    },
    {
      "word_to_compare": "admiration",
      "analysis": "“Admiration” (钦佩) 是一种理性或尊重性的欣赏，通常基于成就、品质或能力，情感强度较低，不包含痴迷或神圣化成分。而 “adoration” 则带有强烈的情感依附和近乎盲目的推崇，常伴随痴迷与情感投入。"
    }
  ]
}