{
  "word": "adorable",
  "pronunciation": "uh·daw·ruh·buhl",
  "concise_definition": "adj. 可爱的, 令人喜爱的, 讨人喜欢的",
  "forms": {
    "comparative": "more adorable",
    "superlative": "most adorable"
  },
  "definitions": [
    {
      "pos": "adjective",
      "explanation_en": "Having a quality that inspires affection, delight, or fondness, often due to charm, innocence, or endearing features; typically used to describe people, animals, or objects that evoke a warm, tender emotional response.",
      "explanation_cn": "因魅力、纯真或讨喜的特征而引发喜爱、愉悦或温情的情感反应，常用于形容人、动物或物品，使人产生温柔、亲切的感觉。",
      "example_en": "The puppy's tiny paws and wagging tail made it absolutely adorable.",
      "example_cn": "这只小狗的小爪子和摇动的尾巴让它显得格外可爱。"
    },
    {
      "pos": "adjective",
      "explanation_en": "So charming or delightful that it is almost overwhelming in its appeal, often used in a slightly exaggerated or affectionate way to express strong fondness.",
      "explanation_cn": "因其吸引力而令人几乎难以抗拒，常以略带夸张或亲昵的方式表达强烈的喜爱之情。",
      "example_en": "She wore that little dress and looked absolutely adorable at the party.",
      "example_cn": "她穿着那条小裙子，在派对上看起来美极了。"
    }
  ],
  "comparison": [
    {
      "word_to_compare": "cute",
      "analysis": "“Cute” (可爱的) 更口语化、更普遍，常用于描述外表吸引人但不一定带有深厚情感色彩的事物，如卡通形象或小物件。而 “adorable” 情感更强烈，常暗示一种令人想呵护、怜爱的温柔感，多用于人或动物，带有更浓厚的情感共鸣。"
    },
    {
      "word_to_compare": "charming",
      "analysis": "“Charming” (迷人的) 强调一种优雅、有魅力的气质，常用于形容人的举止、谈吐或风格，偏重于成熟或社交层面的吸引力。而 “adorable” 更侧重天真、稚嫩或无害的外表所引发的直接情感反应，更偏向感性而非理性欣赏。"
    },
    {
      "word_to_compare": "lovely",
      "analysis": "“Lovely” (美好的) 含义更广泛，可形容人、景、物或体验，强调整体的愉悦感和美感，不一定带有“可爱”的童真意味。而 “adorable” 更具体地指向因天真、小巧或笨拙而产生的喜爱，情感更聚焦、更细腻。"
    }
  ]
}