{
  "word": "adored",
  "pronunciation": "uh·dawrd",
  "concise_definition": "v. 热爱, 崇拜, 极度喜爱 (adore 的过去式和过去分词)",
  "forms": {
    "base_form": "adore",
    "third_person_singular": "adores",
    "present_participle": "adoring",
    "past_tense": "adored",
    "past_participle": "adored"
  },
  "definitions": [
    {
      "pos": "verb",
      "explanation_en": "To love someone or something deeply and often with great admiration or reverence, sometimes bordering on worship.",
      "explanation_cn": "指对某人或某物怀有深厚的感情，常常伴随着极大的钦佩或崇敬，有时近乎于崇拜。",
      "example_en": "She was adored by her students for her kindness and wisdom.",
      "example_cn": "她因仁慈与智慧而深受学生爱戴。"
    },
    {
      "pos": "verb",
      "explanation_en": "To enjoy or appreciate something intensely, often with emotional enthusiasm or passion.",
      "explanation_cn": "指对某事物怀有强烈的情感喜爱或热情欣赏。",
      "example_en": "He adored classical music and listened to it every evening.",
      "example_cn": "他酷爱古典音乐，每天晚上都会聆听。"
    }
  ],
  "comparison": [
    {
      "word_to_compare": "loved",
      "analysis": "“Loved” (爱) 是一个更通用、更中性的词，涵盖亲情、友情、爱情等多种情感，程度可轻可重。而 “adored” 情感更强烈，常带有崇拜、仰慕的色彩，通常用于表达近乎神圣的爱或极度的偏爱，语义更浓烈、更具情感张力。"
    },
    {
      "word_to_compare": "cherished",
      "analysis": "“Cherished” (珍爱) 强调对某人或某物的珍视与保护，常带有持久、细腻和情感依恋的意味，多用于回忆或长期关系中。而 “adored” 更强调当下的强烈喜爱与崇拜，情感更外放、更具激情。"
    },
    {
      "word_to_compare": "worshipped",
      "analysis": "“Worshipped” (崇拜) 通常用于宗教语境或极端的偶像化，带有神化对象的意味，有时含贬义（如盲目崇拜）。而 “adored” 虽也含敬仰，但更常用于世俗情感，语气更温暖、人性化，不必然涉及宗教或过度神化。"
    }
  ]
}