{
  "word": "adorned",
  "pronunciation": "uh·dornd",
  "concise_definition": "adj. 装饰过的, 修饰过的",
  "forms": {
    "base_form": "adorn",
    "present_participle": "adorning",
    "past_tense": "adorned",
    "past_participle": "adorned"
  },
  "definitions": [
    {
      "pos": "adjective",
      "explanation_en": "Covered or decorated with ornamental elements to enhance beauty, elegance, or visual appeal; often implies deliberate and artistic embellishment.",
      "explanation_cn": "用装饰性元素覆盖或修饰，以提升美感、优雅或视觉吸引力；通常暗示有意识且富有艺术性的点缀。",
      "example_en": "The cathedral was adorned with intricate stained-glass windows and golden filigree.",
      "example_cn": "这座大教堂装饰着精美的彩色玻璃窗和金色花饰。"
    },
    {
      "pos": "adjective",
      "explanation_en": "Figuratively used to describe something (e.g., speech, writing, or appearance) that has been enriched with stylistic or rhetorical elements to make it more impressive or elegant.",
      "explanation_cn": "比喻性地用于描述某物（如言语、写作或外表）通过添加修辞或风格性元素而变得更加令人印象深刻或优雅。",
      "example_en": "Her speech was adorned with poetic metaphors and classical allusions.",
      "example_cn": "她的演讲充满了诗意的隐喻和古典典故。"
    }
  ],
  "comparison": [
    {
      "word_to_compare": "decorated",
      "analysis": "“Decorated” (装饰的) 更通用，强调添加装饰物以美化，常用于物理对象（如房间、衣服），不强调艺术性或精致度。而 “adorned” 更具文学性和优雅感，常用于强调高雅、精致或象征性的装饰，多用于正式或诗意语境。"
    },
    {
      "word_to_compare": "embellished",
      "analysis": "“Embellished” (润色的) 与 “adorned” 在比喻义上接近，但更常用于语言或叙述中，暗示可能过度修饰甚至夸张，有时带有贬义（如“篡改事实”）。而 “adorned” 通常保持中性或褒义，强调提升美感而非扭曲原貌。"
    },
    {
      "word_to_compare": "ornamented",
      "analysis": "“Ornamented” (有装饰的) 与 “adorned” 几乎同义，但更侧重于装饰物本身的物理存在（如雕刻、花纹），常用于建筑或手工艺品。而 “adorned” 更强调装饰带来的整体效果和审美提升，适用范围更广，包括抽象概念。"
    }
  ]
}