{
  "word": "adore",
  "pronunciation": "uh·dawr",
  "concise_definition": "v. 崇拜, 爱慕, 极爱",
  "forms": {
    "third_person_singular": "adores",
    "past_tense": "adored",
    "past_participle": "adored",
    "present_participle": "adoring"
  },
  "definitions": [
    {
      "pos": "verb",
      "explanation_en": "To love someone or something deeply and with great admiration, often bordering on worship or reverence.",
      "explanation_cn": "指对某人或某物怀有深厚而充满敬仰的爱，情感接近崇拜或虔诚。",
      "example_en": "She adores her grandmother and visits her every weekend.",
      "example_cn": "她非常爱慕祖母，每个周末都去看望她。"
    },
    {
      "pos": "verb",
      "explanation_en": "To have an intense liking or enthusiasm for something, often used in casual contexts to express strong preference.",
      "explanation_cn": "指对某事物有强烈的喜爱或热情，常用于非正式语境中表达极度偏好。",
      "example_en": "I absolutely adore this new coffee shop—it has the best pastries in town.",
      "example_cn": "我超级喜欢这家新咖啡馆——它有城里最好的糕点。"
    }
  ],
  "comparison": [
    {
      "word_to_compare": "love",
      "analysis": "“Love” (爱) 是最广泛和基础的情感词汇，涵盖亲情、友情、浪漫之爱等多种类型，语义范围广但情感强度可变。而 “adore” 更强调带有敬仰、崇拜色彩的强烈喜爱，情感浓度更高，常用于表达对理想化对象的深情。"
    },
    {
      "word_to_compare": "cherish",
      "analysis": "“Cherish” (珍爱) 强调珍惜、呵护和长久的珍视，常用于表达对人或记忆的情感依恋，带有保护性和持久性。而 “adore” 更侧重于当下强烈的喜爱与仰慕，不一定包含守护的意味。"
    },
    {
      "word_to_compare": "worship",
      "analysis": "“Worship” (崇拜) 通常用于宗教语境，指对神灵的虔诚敬拜，也可引申为对人的极端崇拜，带有非理性或过度理想化的色彩。“Adore” 虽有类似敬仰之意，但语义更轻，常用于日常表达，不具宗教或极端色彩。"
    }
  ]
}