{
  "word": "adrenaline",
  "pronunciation": "ad·ruh·nay·lin",
  "concise_definition": "n. 肾上腺素, 肾上腺激素",
  "forms": {
    "plural": "adrenalin"
  },
  "definitions": [
    {
      "pos": "noun",
      "explanation_en": "A hormone and neurotransmitter produced by the adrenal glands in response to stress or excitement, which increases heart rate, blood pressure, and energy supplies to prepare the body for rapid action.",
      "explanation_cn": "由肾上腺分泌的一种激素和神经递质，在压力或兴奋时释放，可加快心率、升高血压、增加能量供应，使身体为迅速行动做好准备。",
      "example_en": "The sudden roar of the lion sent a surge of adrenaline through her body.",
      "example_cn": "狮子突然的咆哮让她体内涌起一阵肾上腺素。"
    },
    {
      "pos": "noun",
      "explanation_en": "A feeling of excitement, thrill, or heightened energy, often associated with risky or intense activities, metaphorically derived from the physiological effects of the hormone.",
      "explanation_cn": "一种兴奋、刺激或强烈能量感的体验，常用于比喻性地描述高风险或高强度活动带来的心理感受，源自肾上腺素的生理效应。",
      "example_en": "Skydiving gives you an incredible adrenaline rush.",
      "example_cn": "跳伞能带来难以置信的肾上腺素激增感。"
    }
  ],
  "comparison": [
    {
      "word_to_compare": "epinephrine",
      "analysis": "“Epinephrine” 是肾上腺素的科学术语，两者在生理学上完全等同，但在日常英语中，“adrenaline” 更常用，尤其在非医学语境中；“epinephrine” 多用于医学文献或药物说明中，如注射用肾上腺素（epinephrine injection）。"
    },
    {
      "word_to_compare": "cortisol",
      "analysis": "“Cortisol”（皮质醇）也是一种压力激素，但作用更偏向长期应激反应，如调节代谢、抑制免疫系统，而 “adrenaline” 是急性应激反应的快速启动者，作用迅速但短暂。两者常协同工作，但功能不同：adrenaline 是‘战斗或逃跑’的引擎，cortisol 是‘持续作战’的燃料。"
    },
    {
      "word_to_compare": "excitement",
      "analysis": "“Excitement”（兴奋）是心理或情绪状态的描述，而 “adrenaline” 是引发这种状态的生理物质或其比喻性代称。可以说 ‘adrenaline causes excitement’，但不能说 ‘excitement is adrenaline’ —— 前者是感受，后者是物质或其效应的代称。"
    }
  ]
}