{
  "word": "adrian",
  "pronunciation": "ad·ree·uhn",
  "concise_definition": "n. 阿德里安（人名）",
  "forms": {
    "plural": "adrians"
  },
  "definitions": [
    {
      "pos": "noun",
      "explanation_en": "A masculine given name of Latin origin, derived from the Roman family name 'Hadrianus', meaning 'from Hadria', an ancient town in northern Italy. It is commonly used in English-speaking countries and has historical and cultural associations with figures such as Emperor Hadrian.",
      "explanation_cn": "源自拉丁语的男性名，由罗马家族名 'Hadrianus' 演变而来，意为 '来自阿德里亚'（意大利北部一座古城镇）。该名字在英语国家广泛使用，并与历史人物如哈德良皇帝等有文化关联。",
      "example_en": "Adrian is a talented architect who designed the new city museum.",
      "example_cn": "阿德里安是一位才华横溢的建筑师，设计了这座新的城市博物馆。"
    },
    {
      "pos": "noun",
      "explanation_en": "A surname used by individuals and families, often indicating ancestral ties to the region of Hadria or bearing historical prestige associated with Roman lineage.",
      "explanation_cn": "用作姓氏，通常表示家族与阿德里亚地区有祖先联系，或承载与罗马血统相关的声望。",
      "example_en": "Dr. Adrian published groundbreaking research in neurology last year.",
      "example_cn": "阿德里安博士去年发表了在神经学领域的开创性研究。"
    }
  ],
  "comparison": [
    {
      "word_to_compare": "hadrian",
      "analysis": "“Hadrian” 是 “Adrian” 的原始拉丁形式，特指古罗马皇帝哈德良（Emperor Hadrian），具有明确的历史专指性。而 “Adrian” 是其现代英语变体，已演变为通用人名，不再特指历史人物，使用范围更广、更日常化。"
    },
    {
      "word_to_compare": "adrianne",
      "analysis": "“Adrianne” 是 “Adrian” 的女性化形式，常用于女性名字，拼写和发音略有变化以体现性别区分。两者词源相同，但 “Adrianne” 在文化语境中更明确地指向女性，而 “Adrian” 传统上为男性名，尽管现代用法中性别界限逐渐模糊。"
    },
    {
      "word_to_compare": "adriatic",
      "analysis": "“Adriatic” 指亚得里亚海（Adriatic Sea）或与之相关的地理特征，词源虽与 “Adrian” 同源（均来自 Hadria），但语义已完全地理化，不再用于人名。两者仅在词根上相关，语义上无直接联系。"
    }
  ]
}