{
  "word": "ads",
  "pronunciation": "ads",
  "concise_definition": "n. 广告",
  "forms": {
    "full_form": "advertisements"
  },
  "definitions": [
    {
      "pos": "noun",
      "explanation_en": "A paid public message designed to promote a product, service, brand, or idea, typically delivered through media such as television, radio, print, or digital platforms.",
      "explanation_cn": "一种付费的公共信息，旨在推广某种产品、服务、品牌或理念，通常通过电视、广播、印刷品或数字平台等媒介传播。",
      "example_en": "The company launched a new ad campaign to boost sales during the holiday season.",
      "example_cn": "该公司推出了一项新的广告活动，以在节假日期间提升销量。"
    },
    {
      "pos": "noun",
      "explanation_en": "Any form of promotional content, including online pop-ups, sponsored posts, or banner ads, intended to attract attention and influence consumer behavior.",
      "explanation_cn": "任何形式的促销内容，包括在线弹窗、赞助帖子或横幅广告，旨在吸引注意力并影响消费者行为。",
      "example_en": "I closed five ads before I could load the article I wanted to read.",
      "example_cn": "在我能加载想读的文章之前，我关闭了五个广告。"
    }
  ],
  "comparison": [
    {
      "word_to_compare": "advertisement",
      "analysis": "“Advertisement” 是 “ads” 的完整形式，语义完全相同，但 “advertisement” 更正式、更常用于书面语或正式语境，而 “ads” 是其口语化、缩略形式，广泛用于日常对话和媒体语境中。两者可互换，但语体不同。"
    },
    {
      "word_to_compare": "commercial",
      "analysis": "“Commercial” 通常特指电视或广播中播放的广告，尤其强调其作为节目间插播内容的性质。它多用于指有声有像的电视广告，而 “ads” 是更广泛的术语，涵盖所有媒介形式的广告，包括线上、户外、印刷等。"
    },
    {
      "word_to_compare": "promotion",
      "analysis": "“Promotion” (促销) 是一个更宽泛的概念，包括广告、折扣、赠品、公关活动等多种营销手段，而 “ads” 仅指其中的宣传性信息传播部分。所有 ads 都是 promotion，但并非所有 promotion 都是 ads。"
    }
  ]
}