{
  "word": "adultery",
  "pronunciation": "ad·ul·ter·ee",
  "concise_definition": "n. 通奸, 婚外性行为",
  "forms": {
    "plural": "adulteries"
  },
  "definitions": [
    {
      "pos": "noun",
      "explanation_en": "Voluntary sexual intercourse between a married person and someone who is not their spouse, considered a violation of marital vows and often legally or morally condemned.",
      "explanation_cn": "已婚人士与非配偶者自愿发生的性行为，被视为对婚姻誓言的违背，常在法律或道德上受到谴责。",
      "example_en": "The scandal erupted after evidence of adultery came to light.",
      "example_cn": "当通奸的证据曝光后，丑闻爆发了。"
    },
    {
      "pos": "noun",
      "explanation_en": "In some legal or religious contexts, adultery may refer specifically to a married woman engaging in sexual relations with a man who is not her husband, reflecting historical gender biases in law.",
      "explanation_cn": "在某些法律或宗教语境中，通奸特指已婚女性与非丈夫男性发生性关系，反映了历史上法律中的性别偏见。",
      "example_en": "Under ancient biblical law, adultery was punishable by death, but the definition applied disproportionately to women.",
      "example_cn": "根据古代圣经法律，通奸可处死刑，但该定义对女性的适用明显更严苛。"
    }
  ],
  "comparison": [
    {
      "word_to_compare": "fornication",
      "analysis": "“Fornication”（婚前性行为）指未婚人士之间的性行为，而 “adultery” 专指至少一方已婚的性关系。两者都涉及婚外性行为，但 “adultery” 的道德和法律后果通常更严重，因为它直接破坏婚姻契约。"
    },
    {
      "word_to_compare": "infidelity",
      "analysis": "“Infidelity”（不忠）是更宽泛的术语，涵盖任何形式的婚姻或伴侣关系中的背叛，包括情感出轨、秘密约会或性行为。而 “adultery” 严格限定于性行为，是 “infidelity” 的一种具体形式。"
    },
    {
      "word_to_compare": "affair",
      "analysis": "“Affair”（婚外情）通常指一段持续的、秘密的浪漫或性关系，可能包含情感成分，但不一定每次都涉及性行为。而 “adultery” 专指性行为本身，不强调情感联系，更偏向法律和道德定义。"
    }
  ]
}