{
  "word": "adulthood",
  "pronunciation": "ad·ult·hood",
  "concise_definition": "n. 成年, 成人期",
  "forms": {
    "plural": "adulthoods"
  },
  "definitions": [
    {
      "pos": "noun",
      "explanation_en": "The stage of life when a person is fully grown and legally recognized as an adult, typically beginning around age 18 or 21, marked by physical maturity, emotional responsibility, and legal rights and obligations.",
      "explanation_cn": "指一个人完全成长并被法律认定为成人的生命阶段，通常始于18岁或21岁，以身体成熟、情感责任感以及法律赋予的权利和义务为特征。",
      "example_en": "In many cultures, adulthood is marked by a coming-of-age ceremony.",
      "example_cn": "在许多文化中，成年会通过成年礼来标志。"
    },
    {
      "pos": "noun",
      "explanation_en": "The period of life characterized by independence, self-reliance, and the assumption of adult roles such as employment, parenthood, or civic responsibility.",
      "explanation_cn": "指以独立、自立以及承担成人角色（如就业、为人父母或公民责任）为特征的人生阶段。",
      "example_en": "He struggled to adjust to adulthood after graduating from college.",
      "example_cn": "他大学毕业后很难适应成年生活。"
    }
  ],
  "comparison": [
    {
      "word_to_compare": "youth",
      "analysis": "“Youth”（青年期）指从青春期到成年早期的过渡阶段，强调活力、不成熟和探索性，而 “adulthood” 则代表稳定、责任和自主性的确立。两者在生命周期中是相对的阶段。"
    },
    {
      "word_to_compare": "maturity",
      "analysis": "“Maturity”（成熟）是一个心理或情感状态，可以存在于任何年龄，不一定与法定成年同步；而 “adulthood” 是一个基于年龄和法律定义的社会阶段。一个人可以是成年人但尚未成熟，也可以在未成年时表现出高度成熟。"
    },
    {
      "word_to_compare": "manhood",
      "analysis": "“Manhood”（男子气概/男性成年）特指男性的成年阶段，常带有社会文化对男性角色的期待（如坚强、担当），而 “adulthood” 是性别中立的术语，适用于所有性别。"
    }
  ]
}