{
  "word": "adults",
  "pronunciation": "uh·dults",
  "concise_definition": "n. 成年人",
  "forms": {
    "singular": "adult"
  },
  "definitions": [
    {
      "pos": "noun",
      "explanation_en": "A person who has reached full physical and legal maturity, typically aged 18 or older, and is considered responsible for their own actions and decisions.",
      "explanation_cn": "指已经达到生理和法律上完全成熟的人，通常年龄为18岁或以上，能够对自己的行为和决定负责。",
      "example_en": "Adults are expected to pay taxes and vote in elections.",
      "example_cn": "成年人有义务缴税并参与选举投票。"
    },
    {
      "pos": "noun",
      "explanation_en": "A fully grown organism, especially in contrast to a juvenile or child, used in biological, psychological, or social contexts.",
      "explanation_cn": "指完全发育的生物体，尤其相对于幼体或儿童而言，常用于生物学、心理学或社会学语境中。",
      "example_en": "The study compared the cognitive development of adults and adolescents.",
      "example_cn": "这项研究比较了成年人与青少年的认知发展。"
    }
  ],
  "comparison": [
    {
      "word_to_compare": "grown-ups",
      "analysis": "“Grown-ups” 是 “adults” 的非正式口语表达，常用于家庭或儿童语境中，带有情感色彩，强调从儿童到成人的转变过程。而 “adults” 更中性、正式，广泛用于法律、学术和公共政策文本中。"
    },
    {
      "word_to_compare": "mature",
      "analysis": "“Mature” 是形容词，描述具有成熟特质的状态（如情绪稳定、判断力强），并不直接指代人。虽然 “mature adults” 可以连用，但 “mature” 本身不是名词，不能替代 “adults” 作为主语或宾语。"
    },
    {
      "word_to_compare": "elders",
      "analysis": "“Elders” 指年长者，通常暗示年龄更大、有经验或在社群中具有权威地位的人，如长者、前辈。它强调年龄和地位，而 “adults” 仅指达到法定成年年龄的人，不涉及年龄高低或社会角色。"
    }
  ]
}