{
  "word": "advancement",
  "pronunciation": "uhd·vans·muhnt",
  "concise_definition": "n. 进步, 推进, 晋升",
  "forms": {
    "plural": "advancements"
  },
  "definitions": [
    {
      "pos": "noun",
      "explanation_en": "The process of moving forward or making progress, especially in knowledge, technology, or social conditions, often through innovation or effort.",
      "explanation_cn": "指在知识、技术或社会状况等方面向前推进或取得进步的过程，通常通过创新或努力实现。",
      "example_en": "The advancement of medical technology has saved countless lives.",
      "example_cn": "医学技术的进步挽救了无数生命。"
    },
    {
      "pos": "noun",
      "explanation_en": "A promotion or improvement in one's position, rank, or status, especially in a career or organizational hierarchy.",
      "explanation_cn": "指在职业或组织层级中职位、等级或地位的提升或改善。",
      "example_en": "Her hard work led to a swift advancement in her career.",
      "example_cn": "她的努力使她的职业生涯迅速得到晋升。"
    },
    {
      "pos": "noun",
      "explanation_en": "The act of providing financial or material support to further a cause, project, or goal.",
      "explanation_cn": "指为推动某一事业、项目或目标而提供资金或物质支持的行为。",
      "example_en": "The foundation's advancement of scientific research has yielded groundbreaking results.",
      "example_cn": "该基金会对科学研究的支持取得了突破性成果。"
    }
  ],
  "comparison": [
    {
      "word_to_compare": "progress",
      "analysis": "“Progress” (进步) 是一个更广泛、更通用的词，泛指任何朝着更好状态的前进，可以是抽象的（如思想进步）或具体的（如工程进度）。而 “advancement” 更强调有方向性、有组织性的提升，常用于技术、职业或制度性领域，语义上更正式、更具目的性。"
    },
    {
      "word_to_compare": "improvement",
      "analysis": "“Improvement” (改进) 侧重于使某事物变得更好，通常是对现有状态的修正或优化，强调质量的提升。而 “advancement” 更强调向前发展、进入新阶段，常涉及从低级到高级的跃迁，不一定是修正错误，而是开拓新领域。"
    },
    {
      "word_to_compare": "promotion",
      "analysis": "“Promotion” (晋升) 专指在组织或职业体系中职位的提升，是 “advancement” 在职场语境下的一个具体子类。而 “advancement” 的范围更广，可涵盖技术、科学、社会等非职位相关的进步，不局限于人事变动。"
    }
  ]
}