{
  "word": "advantage",
  "pronunciation": "ad·van·tij",
  "concise_definition": "n. 优势, 利益, 好处",
  "forms": {
    "plural": "advantages"
  },
  "definitions": [
    {
      "pos": "noun",
      "explanation_en": "A condition or circumstance that provides a favorable position or greater chance of success compared to others, often in competition or comparison.",
      "explanation_cn": "指在竞争或比较中，相对于他人所处的有利条件或情境，能带来更大的成功机会。",
      "example_en": "Her fluency in three languages gives her a significant advantage in the job market.",
      "example_cn": "她精通三种语言，这使她在就业市场上具有显著优势。"
    },
    {
      "pos": "noun",
      "explanation_en": "A benefit or gain that results from a particular situation, action, or decision, often implying a practical or strategic benefit.",
      "explanation_cn": "指由某种情况、行动或决策所带来的实际利益或收益，通常具有实用或战略意义。",
      "example_en": "One advantage of living in the countryside is the clean air and quiet environment.",
      "example_cn": "住在乡村的一个好处是空气清新、环境安静。"
    },
    {
      "pos": "noun",
      "explanation_en": "In tennis or other sports, a point or score that must be won by two consecutive points to win the game after deuce.",
      "explanation_cn": "在网球等运动中，指在平分（deuce）后，必须连续赢得两分才能赢得该局的分数优势。",
      "example_en": "After deuce, he gained the advantage and eventually won the set.",
      "example_cn": "在平分后，他取得了优势，最终赢得了这一盘。"
    }
  ],
  "comparison": [
    {
      "word_to_compare": "benefit",
      "analysis": "“Benefit”（利益、好处）更广泛地指任何带来正面效果的事物，常用于健康、经济或社会层面，语气更中性或正式。而 “advantage” 更强调在竞争或对比中的相对优越性，常隐含与他人或他物的比较。"
    },
    {
      "word_to_compare": "edge",
      "analysis": "“Edge”（微弱优势）通常指一种细微的、决定性的优势，常用于口语或比喻语境，如 “have the edge over someone”。它比 “advantage” 更强调“临界点”上的优势，而 “advantage” 可以是显著或长期的。"
    },
    {
      "word_to_compare": "asset",
      "analysis": "“Asset”（资产、有利条件）多用于指人或组织所拥有的、可被利用的资源或特质（如技能、资金、人脉），强调其作为“资本”的价值。而 “advantage” 更侧重于在特定情境下产生的相对优势，不一定是一种“拥有物”。"
    }
  ]
}