{
  "word": "advancements",
  "pronunciation": "uhd·vans·muhnts",
  "concise_definition": "n. 进步, 发展, 推进",
  "forms": {
    "singular": "advancement"
  },
  "definitions": [
    {
      "pos": "noun",
      "explanation_en": "A significant progress or improvement in a field, technology, or system, often resulting from research, innovation, or deliberate effort.",
      "explanation_cn": "指在某一领域、技术或系统中取得的重大进步或改进，通常源于研究、创新或有意识的努力。",
      "example_en": "Recent advancements in artificial intelligence have transformed healthcare diagnostics.",
      "example_cn": "人工智能领域的最新进展彻底改变了医疗诊断方式。"
    },
    {
      "pos": "noun",
      "explanation_en": "The act of moving forward or making progress toward a goal, especially in a formal, professional, or societal context.",
      "explanation_cn": "指朝着某一目标前进或取得进展的行为，尤其在正式、专业或社会语境中。",
      "example_en": "The advancement of women in leadership roles has been slow but steady.",
      "example_cn": "女性在领导岗位上的晋升虽然缓慢，但稳步进行。"
    }
  ],
  "comparison": [
    {
      "word_to_compare": "progress",
      "analysis": "“Progress” (进步) 是一个更广泛、更通用的词，泛指任何向前的发展或改善，可以是渐进的、非结构性的。而 “advancement” 更强调具体、显著、有方向性的提升，常用于技术、科学或职业领域，带有更强的成果导向性。"
    },
    {
      "word_to_compare": "improvement",
      "analysis": "“Improvement” (改进) 侧重于使某事物变得更好，通常针对已有事物的缺陷进行修正或优化，语气较温和。而 “advancement” 更强调从较低水平跃升到更高水平，常指突破性或质的飞跃，不局限于修正问题。"
    },
    {
      "word_to_compare": "innovation",
      "analysis": "“Innovation” (创新) 指引入全新的方法、产品或思想，强调原创性和颠覆性。而 “advancement” 可以是基于已有成果的累积性进步，不一定是全新的。创新是实现进步的一种方式，但进步不必然来自创新。"
    }
  ]
}