{
  "word": "advantages",
  "pronunciation": "ad·van·tij·iz",
  "concise_definition": "n. 优势, 利益, 好处",
  "forms": {
    "singular": "advantage"
  },
  "definitions": [
    {
      "pos": "noun",
      "explanation_en": "A condition or circumstance that provides a favorable or superior position compared to others, often leading to greater success, efficiency, or benefit.",
      "explanation_cn": "指相对于其他事物或人而言所处的有利或优越条件，通常能带来更大的成功、效率或收益。",
      "example_en": "One advantage of living in the city is easy access to public transportation.",
      "example_cn": "住在城市的一个优势是能方便地使用公共交通。"
    },
    {
      "pos": "noun",
      "explanation_en": "A positive feature or quality that makes something more desirable or effective, especially when compared to alternatives.",
      "explanation_cn": "指某事物中使其更具吸引力或更有效的积极特征或品质，尤其在与其他选项比较时。",
      "example_en": "The main advantage of this phone is its long battery life.",
      "example_cn": "这款手机的主要优势是续航时间长。"
    },
    {
      "pos": "noun",
      "explanation_en": "A benefit gained from a particular action, decision, or situation, often used in contexts of trade-offs or comparisons.",
      "explanation_cn": "指从某一行动、决策或情境中获得的益处，常用于权衡利弊或对比不同选择的语境中。",
      "example_en": "The advantage of working remotely is greater flexibility in scheduling.",
      "example_cn": "远程工作的优势在于工作时间安排更灵活。"
    }
  ],
  "comparison": [
    {
      "word_to_compare": "benefits",
      "analysis": "“Benefits” (益处) 与 “advantages” 非常接近，常可互换，但 “benefits” 更侧重于结果带来的实际好处或福祉，常用于健康、福利、薪酬等具体回报语境；而 “advantages” 更强调相对优势或竞争中的有利地位，更具比较性。"
    },
    {
      "word_to_compare": "strengths",
      "analysis": "“Strengths” (优势/长处) 通常指内在的、固有的能力或特质，多用于个人能力、组织能力或产品特性分析（如 SWOT 分析）；而 “advantages” 更侧重于外部环境或情境中形成的有利条件，可能是暂时的或相对的。"
    },
    {
      "word_to_compare": "perks",
      "analysis": "“Perks” (额外福利) 是非正式用语，指超出基本待遇之外的额外好处，如公司提供的免费午餐、弹性工时等，通常带有轻松、非核心的意味；而 “advantages” 更正式、更广泛，涵盖战略、功能或结构性的优越性。"
    }
  ]
}