{
  "word": "advantageous",
  "pronunciation": "ad·van·tij·uh·s",
  "concise_definition": "adj. 有利的, 有益的, 有优势的",
  "forms": {
    "comparative": "more advantageous",
    "superlative": "most advantageous"
  },
  "definitions": [
    {
      "pos": "adjective",
      "explanation_en": "Providing a benefit or favorable condition that increases the likelihood of success, improvement, or favorable outcome.",
      "explanation_cn": "提供某种益处或有利条件，从而提高成功、改善或获得积极结果的可能性。",
      "example_en": "It would be advantageous to start the project early to avoid delays.",
      "example_cn": "尽早启动项目以避免延误是有利的。"
    },
    {
      "pos": "adjective",
      "explanation_en": "Favorable in terms of position, circumstance, or timing, often implying a strategic or practical edge over alternatives.",
      "explanation_cn": "在位置、环境或时机上具有优势，通常暗示相对于其他选择具有战略或实际上的有利条件。",
      "example_en": "The company’s location near the port is advantageous for international shipping.",
      "example_cn": "该公司位于港口附近，有利于国际航运。"
    },
    {
      "pos": "adjective",
      "explanation_en": "Conducive to personal or collective gain, often used to describe decisions, conditions, or arrangements that yield net benefits.",
      "explanation_cn": "有助于个人或集体获益，常用于描述能带来净收益的决策、条件或安排。",
      "example_en": "A flexible work schedule can be advantageous for employees with family responsibilities.",
      "example_cn": "灵活的工作时间对有家庭责任的员工是有利的。"
    }
  ],
  "comparison": [
    {
      "word_to_compare": "beneficial",
      "analysis": "“Beneficial” (有益的) 更广泛地指对健康、发展或福祉产生正面影响，常用于医学、环境或长期效果语境。而 “advantageous” 更强调在竞争、比较或策略情境中带来的相对优势，带有更强的功利性和比较意味。"
    },
    {
      "word_to_compare": "favorable",
      "analysis": "“Favorable” (有利的) 常用于描述态度、条件或环境的倾向性，如“favorable weather”或“favorable opinion”，侧重主观或客观的倾向，不一定包含明确的利益获取。而 “advantageous” 更强调实际利益或竞争优势，更具实用性。"
    },
    {
      "word_to_compare": "profitable",
      "analysis": "“Profitable” (盈利的) 专指经济或财务上的收益，通常用于商业语境。而 “advantageous” 的适用范围更广，可涵盖时间、效率、位置、策略等非金钱层面的优势，不必然涉及金钱回报。"
    }
  ]
}