{
  "word": "adversaries",
  "pronunciation": "ad·ver·suh·reez",
  "concise_definition": "n. 对手, 敌人, 竞争者",
  "forms": {
    "singular": "adversary"
  },
  "definitions": [
    {
      "pos": "noun",
      "explanation_en": "A person or group that opposes or competes against another, especially in a contest, conflict, or struggle; often implies a direct and active opposition.",
      "explanation_cn": "指在竞赛、冲突或斗争中与另一方相对立或竞争的人或群体，通常暗示一种直接且积极的对抗关系。",
      "example_en": "The two teams were fierce adversaries in the championship finals.",
      "example_cn": "这两支队伍在冠军决赛中是激烈的对手。"
    },
    {
      "pos": "noun",
      "explanation_en": "An opponent in a legal, political, or ideological context, where the relationship is defined by conflicting interests or goals.",
      "explanation_cn": "指在法律、政治或意识形态背景下，因利益或目标冲突而成为对立面的人或团体。",
      "example_en": "In court, the prosecutor and the defense attorney are adversaries working within the same system.",
      "example_cn": "在法庭上，检察官和辩护律师是身处同一制度中的对立双方。"
    }
  ],
  "comparison": [
    {
      "word_to_compare": "enemy",
      "analysis": "“Enemy” (敌人) 通常带有更强的敌意和道德判断，常用于战争、暴力或生死对立的情境，情感色彩更负面。而 “adversary” 更中性，可指竞技、法律或政治中的理性对手，不一定包含仇恨。"
    },
    {
      "word_to_compare": "opponent",
      "analysis": "“Opponent” (对手) 是最通用的词，适用于体育、辩论、选举等任何竞争场景，语义范围最广。而 “adversary” 更强调对抗的激烈性与结构性，常用于正式或文学语境，隐含更深层的利益冲突。"
    },
    {
      "word_to_compare": "rival",
      "analysis": "“Rival” (竞争对手) 通常指长期存在的、反复较量的对手，常带有尊重或惺惺相惜的意味，如商业或体育领域的常胜对手。而 “adversary” 更强调短期或特定情境下的对立，不一定有持续关系。"
    }
  ]
}