{
  "word": "advertising",
  "pronunciation": "ad·ver·tahy·zing",
  "concise_definition": "n. 广告, 广告业",
  "forms": {
    "plural": "advertisings (罕见, 通常用作不可数名词)"
  },
  "definitions": [
    {
      "pos": "noun",
      "explanation_en": "The activity or profession of producing advertisements to promote products, services, or ideas, typically through paid media such as television, radio, print, or digital platforms.",
      "explanation_cn": "指通过付费媒体（如电视、广播、印刷品或数字平台）制作广告以推广产品、服务或理念的活动或职业。",
      "example_en": "The company increased its advertising budget by 30% this quarter.",
      "example_cn": "该公司本季度将其广告预算提高了30%。"
    },
    {
      "pos": "noun",
      "explanation_en": "A specific advertisement or campaign designed to attract public attention and influence consumer behavior.",
      "explanation_cn": "指为吸引公众注意并影响消费者行为而设计的具体广告或宣传活动。",
      "example_en": "That TV commercial is a brilliant piece of advertising—memorable and emotionally compelling.",
      "example_cn": "那则电视广告是一则出色的广告作品——令人难忘且富有情感感染力。"
    }
  ],
  "comparison": [
    {
      "word_to_compare": "promotion",
      "analysis": "“Promotion”（促销/推广）是一个更广泛的概念，包括广告、折扣、赠品、公关活动等多种手段，目的是提升销量或知名度。而 “advertising” 仅指通过媒体传播的付费信息，是 promotion 的一种具体形式。"
    },
    {
      "word_to_compare": "marketing",
      "analysis": "“Marketing”（市场营销）是涵盖市场调研、产品开发、定价、分销和广告的完整商业策略体系。广告只是营销组合（marketing mix）中的一个组成部分，即 ‘Promotion’ 中的核心手段。因此，广告是营销的子集。"
    },
    {
      "word_to_compare": "commercial",
      "analysis": "“Commercial”（商业广告）通常特指电视或广播中播放的广告片段，是广告的一种具体形式。而 “advertising” 是一个抽象的总称，涵盖所有媒介和形式的广告活动。例如，一则电视商业（commercial）属于广告（advertising）的范畴，但广告不等于商业。"
    }
  ]
}