{
  "word": "advert",
  "pronunciation": "ad·vur·t",
  "concise_definition": "n. 广告, 宣传",
  "forms": {
    "plural": "adverts"
  },
  "definitions": [
    {
      "pos": "noun",
      "explanation_en": "A public announcement or message designed to promote a product, service, or idea, typically through paid media such as television, radio, print, or online platforms.",
      "explanation_cn": "指通过付费媒体（如电视、广播、印刷品或在线平台）发布的、旨在推广产品、服务或理念的公共宣传信息。",
      "example_en": "The company ran a clever advert during the Super Bowl that went viral on social media.",
      "example_cn": "这家公司曾在超级碗期间播放一则巧妙的广告，在社交媒体上迅速走红。"
    },
    {
      "pos": "noun",
      "explanation_en": "A brief notice or announcement, especially in a newspaper or magazine, often for selling goods, offering services, or seeking something (e.g., a job or roommate).",
      "explanation_cn": "指刊登在报纸或杂志上的简短公告，常用于出售商品、提供服务或寻求某物（如工作、合租室友）。",
      "example_en": "She found her new apartment through an advert in the local paper.",
      "example_cn": "她通过当地报纸上的一则广告找到了新公寓。"
    }
  ],
  "comparison": [
    {
      "word_to_compare": "advertisement",
      "analysis": "“Advertisement” 是 “advert” 的完整形式，两者在英式英语中常互换使用，但 “advertisement” 更正式、更通用，适用于所有语境；而 “advert” 是其口语化或缩略形式，多用于英国英语，美式英语中较少使用。"
    },
    {
      "word_to_compare": "commercial",
      "analysis": "“Commercial” (商业广告) 特指在电视或广播中播放的、有时间限制的广告片段，强调媒介形式和时长；而 “advert” 是更广义的术语，涵盖印刷、网络、户外等各种形式的广告，不限于视听媒体。"
    },
    {
      "word_to_compare": "promotion",
      "analysis": "“Promotion” (促销/推广) 范围更广，不仅包括广告，还涵盖折扣、赠品、公关活动、赞助等非广告手段，目的是提升知名度或销量；而 “advert” 专指通过付费传播的宣传信息，是 promotion 的一种具体手段。"
    }
  ]
}