{
  "word": "advertisers",
  "pronunciation": "ad·ver·tahy·erz",
  "concise_definition": "n. 广告商, 广告主, 广告投放者",
  "forms": {
    "singular": "advertiser"
  },
  "definitions": [
    {
      "pos": "noun",
      "explanation_en": "A person, company, or organization that pays for and creates advertisements to promote products, services, or ideas to a target audience.",
      "explanation_cn": "指支付费用并制作广告，以向目标受众推广产品、服务或理念的个人、公司或组织。",
      "example_en": "The major advertisers during the Super Bowl spent hundreds of millions of dollars on commercial spots.",
      "example_cn": "超级碗期间，主要广告商在广告时段上花费了数亿美元。"
    },
    {
      "pos": "noun",
      "explanation_en": "Entities that influence consumer behavior through strategic messaging, media placement, and branding efforts in competitive markets.",
      "explanation_cn": "指通过策略性信息传递、媒体投放和品牌建设，在竞争性市场中影响消费者行为的主体。",
      "example_en": "Digital advertisers now rely heavily on data analytics to personalize ads for individual users.",
      "example_cn": "数字广告商如今严重依赖数据分析，为个别用户定制广告。"
    }
  ],
  "comparison": [
    {
      "word_to_compare": "marketers",
      "analysis": "“Marketers”（营销人员）的范围更广，涵盖市场调研、产品定位、定价、分销和促销等整个营销流程；而 “advertisers” 仅特指负责投放广告、支付广告费用的主体，是营销活动中的一个子集。"
    },
    {
      "word_to_compare": "sponsors",
      "analysis": "“Sponsors”（赞助商）通常指为活动、节目或赛事提供资金支持以换取品牌曝光的实体，其广告形式常为间接植入或冠名；而 “advertisers” 更直接地通过广告内容（如电视广告、横幅广告）主动推广产品，目的性更强。"
    },
    {
      "word_to_compare": "promoters",
      "analysis": "“Promoters”（推广者）侧重于通过活动、演示、赠品或现场互动等方式直接刺激销售或提升知名度，手段更灵活多样；而 “advertisers” 主要依赖付费媒体渠道传播信息，形式更标准化、规模化。"
    }
  ]
}