{
  "word": "advertised",
  "pronunciation": "ad·ver·tahyzd",
  "concise_definition": "v. 广告, 宣传 (advertising 的过去式和过去分词)",
  "forms": {
    "base_form": "advertise",
    "third_person_singular": "advertises",
    "present_participle": "advertising",
    "past_tense": "advertised",
    "past_participle": "advertised"
  },
  "definitions": [
    {
      "pos": "verb",
      "explanation_en": "To publicly promote a product, service, or idea through paid media such as television, radio, print, or digital platforms, with the aim of attracting attention or encouraging purchase or support.",
      "explanation_cn": "通过付费媒体（如电视、广播、印刷品或数字平台）公开推广产品、服务或理念，旨在吸引注意或促使购买或支持。",
      "example_en": "The new smartphone was heavily advertised during the Super Bowl.",
      "example_cn": "这款新智能手机在超级碗期间进行了大量广告宣传。"
    },
    {
      "pos": "verb",
      "explanation_en": "To make something known or public in a noticeable way, often to draw attention to a quality, opportunity, or feature.",
      "explanation_cn": "以显著的方式使某事物为人所知，通常是为了突出某种品质、机会或特点。",
      "example_en": "The job posting was advertised in local newspapers and online job boards.",
      "example_cn": "这份工作公告刊登在本地报纸和在线招聘平台上。"
    }
  ],
  "comparison": [
    {
      "word_to_compare": "promoted",
      "analysis": "“Promoted” (推广) 是一个更广泛的术语，泛指任何提升知名度或吸引力的行为，包括广告、公关、促销活动、口碑传播等。而 “advertised” 特指通过付费媒体进行的正式宣传，是 “promoted” 的一种具体形式。"
    },
    {
      "word_to_compare": "publicized",
      "analysis": "“Publicized” (宣传) 强调使信息广为人知，但不一定涉及付费广告，可能通过新闻报道、社交媒体或事件制造实现。而 “advertised” 必须包含商业付费投放的意图，具有明确的营销目的。"
    },
    {
      "word_to_compare": "marketed",
      "analysis": "“Marketed” (营销) 涵盖整个营销策略，包括产品定位、定价、渠道、促销和广告。而 “advertised” 仅指其中的传播与宣传环节，是 “marketed” 的子集。"
    }
  ]
}