{
  "word": "adventurers",
  "pronunciation": "ad·ven·choo·ers",
  "concise_definition": "n. 冒险家, 好冒险的人",
  "forms": {
    "singular": "adventurer"
  },
  "definitions": [
    {
      "pos": "noun",
      "explanation_en": "A person who seeks out or engages in exciting, dangerous, or unusual experiences, often involving physical risk or exploration of unknown places.",
      "explanation_cn": "指主动寻求刺激、危险或不寻常经历的人，通常涉及身体风险或对未知地域的探索。",
      "example_en": "The adventurers crossed the Amazon rainforest on foot, mapping uncharted territories.",
      "example_cn": "这些冒险家徒步穿越了亚马逊雨林，绘制了未被探索的区域地图。"
    },
    {
      "pos": "noun",
      "explanation_en": "Someone who takes bold risks, especially in business or finance, in pursuit of great rewards or personal gain.",
      "explanation_cn": "指在商业或金融领域为追求巨大回报或个人利益而敢于承担重大风险的人。",
      "example_en": "He was an adventurer in the stock market, investing heavily in startups with uncertain futures.",
      "example_cn": "他在股市中是个冒险家，大量投资于前景不明的初创公司。"
    }
  ],
  "comparison": [
    {
      "word_to_compare": "explorers",
      "analysis": "“Explorers”（探险家）通常指以科学、地理或学术目的系统性地探索未知地区的人，强调客观记录与发现；而 “adventurers” 更侧重于个人对刺激、挑战和未知的主观追求，动机常包含娱乐、荣誉或自我实现。"
    },
    {
      "word_to_compare": "risk-takers",
      "analysis": "“Risk-takers”（冒险者）是一个更广泛的术语，泛指在任何领域（如投资、职业、生活）中愿意承担风险的人，不一定涉及物理冒险或探索；而 “adventurers” 特指那些投身于户外、探险或高危情境中的人，语义范围更具体。"
    },
    {
      "word_to_compare": "daredevils",
      "analysis": "“Daredevils”（玩命者）常带有贬义，强调鲁莽、不顾后果的危险行为，多用于特技表演或极端运动；而 “adventurers” 通常带有褒义或中性色彩，暗示勇气、智慧与准备，行为更具目的性和策略性。"
    }
  ]
}