{
  "word": "advertise",
  "pronunciation": "ad·ver·tayz",
  "concise_definition": "v. 登广告, 宣传, 促销",
  "forms": {
    "third_person_singular": "advertises",
    "past_tense": "advertised",
    "past_participle": "advertised",
    "present_participle": "advertising"
  },
  "definitions": [
    {
      "pos": "verb",
      "explanation_en": "To publicly promote a product, service, or idea through paid media such as television, radio, print, or digital platforms, with the goal of attracting attention and encouraging purchase or support.",
      "explanation_cn": "通过电视、广播、印刷品或数字平台等付费媒体公开推广产品、服务或理念，旨在吸引注意并促使购买或支持。",
      "example_en": "The company advertised its new smartphone during the Super Bowl.",
      "example_cn": "该公司在超级碗期间为其新款智能手机做了广告。"
    },
    {
      "pos": "verb",
      "explanation_en": "To make something known or draw attention to it in a noticeable way, even without formal payment, such as through word-of-mouth or public visibility.",
      "explanation_cn": "以显著的方式使某事物为人所知，即使没有正式付费，例如通过口碑传播或公众可见性。",
      "example_en": "Her bright red coat advertised her presence in the crowded subway.",
      "example_cn": "她那件鲜红色的外套在拥挤的地铁里格外引人注目。"
    }
  ],
  "comparison": [
    {
      "word_to_compare": "promote",
      "analysis": "“Promote” (推广) 是一个更广泛的术语，涵盖所有提升知名度、声誉或销售的行为，包括广告、公关、促销活动、赞助等。而 “advertise” 特指通过付费媒体进行的传播，是 “promote” 的一种具体手段。"
    },
    {
      "word_to_compare": "publicize",
      "analysis": "“Publicize” (宣传) 强调让信息广为人知，通常不涉及付费广告，可能通过新闻报道、社交媒体或事件制造实现。它更侧重于信息的传播，而非直接的商业销售目的，而 “advertise” 通常有明确的商业动机。"
    },
    {
      "word_to_compare": "market",
      "analysis": "“Market” (营销) 是一个系统性过程，包括市场调研、产品定位、定价、分销和广告等多个环节。而 “advertise” 仅是市场营销中的一个组成部分，即传播信息的环节。"
    }
  ]
}