{
  "word": "adventures",
  "pronunciation": "ad·ven·choorz",
  "concise_definition": "n. 冒险, 奇遇, 经历",
  "forms": {
    "singular": "adventure"
  },
  "definitions": [
    {
      "pos": "noun",
      "explanation_en": "An exciting or unusual experience, often involving risk, danger, or exploration, especially in unfamiliar or remote places.",
      "explanation_cn": "指一种激动人心或不寻常的经历，通常涉及风险、危险或探索，尤其发生在不熟悉或偏远的地区。",
      "example_en": "They embarked on an adventure through the Amazon rainforest, encountering rare wildlife and hidden tribes.",
      "example_cn": "他们踏上了穿越亚马逊雨林的冒险之旅，遇到了稀有野生动物和隐秘部落。"
    },
    {
      "pos": "noun",
      "explanation_en": "A series of daring or heroic exploits, often fictional, that involve overcoming obstacles or facing perilous situations.",
      "explanation_cn": "指一系列大胆或英雄式的行动，通常为虚构情节，涉及克服障碍或面对危险境况。",
      "example_en": "The book chronicles the adventures of a young pirate searching for a lost treasure.",
      "example_cn": "这本书记录了一位年轻海盗寻找失落宝藏的历险故事。"
    },
    {
      "pos": "noun",
      "explanation_en": "An unpredictable or unexpected event or series of events, often with a sense of excitement or surprise.",
      "explanation_cn": "指一种不可预测或出人意料的事件或一系列事件，常带有激动或惊喜的意味。",
      "example_en": "Her career has been one adventure after another—from acting to entrepreneurship.",
      "example_cn": "她的职业生涯充满了一个又一个奇遇——从演戏到创业。"
    }
  ],
  "comparison": [
    {
      "word_to_compare": "expedition",
      "analysis": "“Expedition”（远征）强调有明确目标、周密计划和组织的长途旅行或探索，通常用于科学、军事或地理目的，更注重系统性和目的性。而 “adventure” 更强调个人体验中的刺激、未知和情感冲击，不一定有严密规划。"
    },
    {
      "word_to_compare": "journey",
      "analysis": "“Journey”（旅程）泛指从一地到另一地的物理或隐喻性移动，可以是平静、日常或长途的，不必然包含危险或刺激。而 “adventure” 必须包含某种风险、挑战或非凡元素，是旅程中更具戏剧性和兴奋感的子集。"
    },
    {
      "word_to_compare": "quest",
      "analysis": "“Quest”（追寻）特指为实现某一崇高目标（如寻找圣物、真理或救赎）而进行的长期努力，常带有象征意义或精神内涵。而 “adventure” 更侧重于过程中的经历和刺激，不一定有深层目的，更偏向于外在的行动与体验。"
    }
  ]
}