{
  "word": "adversely",
  "pronunciation": "ad·vur·slee",
  "concise_definition": "adv. 不利地, 有害地, 反对地",
  "forms": {
    "comparative": "more adversely",
    "superlative": "most adversely"
  },
  "definitions": [
    {
      "pos": "adverb",
      "explanation_en": "In a way that causes harm, damage, or negative consequences; having a detrimental effect on something.",
      "explanation_cn": "以造成伤害、损害或负面后果的方式；对某事物产生不利影响。",
      "example_en": "The new policy has adversely affected small businesses in the region.",
      "example_cn": "这项新政策对该地区的小型企业造成了不利影响。"
    },
    {
      "pos": "adverb",
      "explanation_en": "In opposition to a desired outcome or expectation; contrary to what is favorable or beneficial.",
      "explanation_cn": "与期望结果或有利条件相悖；与有利或有益的情况相反。",
      "example_en": "Weather conditions adversely impacted the flight schedule, causing widespread delays.",
      "example_cn": "天气状况对航班安排产生了不利影响，导致大面积延误。"
    }
  ],
  "comparison": [
    {
      "word_to_compare": "negatively",
      "analysis": "“Negatively” (消极地) 是一个更通用的词，泛指任何负面的、不好的影响，可用于情绪、态度或结果。而 “adversely” 更强调客观的、实质性的损害或阻碍，常用于经济、健康、环境等正式语境中，语气更强烈、更具体。"
    },
    {
      "word_to_compare": "harmfully",
      "analysis": "“Harmfully” (有害地) 直接强调造成物理或实质性的伤害，多用于健康、安全或环境领域。而 “adversely” 范围更广，可涵盖非物理性的负面影响，如经济、社会或心理层面的不利后果。"
    },
    {
      "word_to_compare": "unfavorably",
      "analysis": "“Unfavorably” (不利地) 强调不符合期望或标准，常用于评价、比较或公众意见中，如“评价不利”。“Adversely” 则更侧重于实际发生的负面结果，具有更强的因果性和破坏性，语义更重。"
    }
  ]
}