{
  "word": "adverts",
  "pronunciation": "ad·vɜrts",
  "concise_definition": "n. 广告, 广告宣传 (为advert的复数形式)",
  "forms": {
    "singular": "advert"
  },
  "definitions": [
    {
      "pos": "noun",
      "explanation_en": "A public announcement or message designed to promote a product, service, or idea, typically broadcast through media such as television, radio, print, or digital platforms.",
      "explanation_cn": "一种旨在推广产品、服务或理念的公开宣传信息，通常通过电视、广播、印刷品或数字平台等媒介传播。",
      "example_en": "The company ran a series of catchy adverts during the Super Bowl.",
      "example_cn": "该公司在超级碗期间播放了一系列引人注目的广告。"
    },
    {
      "pos": "noun",
      "explanation_en": "A short promotional item, often appearing in newspapers or online, that draws attention to a specific offer or event.",
      "explanation_cn": "一种简短的促销内容，常出现在报纸或网络上，用以吸引人们对特定优惠或活动的关注。",
      "example_en": "I saw an advert for a 50% discount on winter coats in today’s magazine.",
      "example_cn": "我在今天的杂志上看到一则冬季外套五折优惠的广告。"
    }
  ],
  "comparison": [
    {
      "word_to_compare": "advertisement",
      "analysis": "“Advertisement” 是 “advert” 的完整形式，多用于美式英语，语义完全相同，但更正式、更常用于书面语和官方语境。而 “advert” 是英式英语中的缩略形式，更口语化、简洁，常用于日常对话和媒体标题中。两者可互换，但语体风格不同。"
    },
    {
      "word_to_compare": "commercial",
      "analysis": "“Commercial” (商业广告) 特指在电视或广播中播放的、有时间限制的广告片段，强调其媒介形式和时长。而 “advert” 是一个更广义的术语，涵盖印刷、网络、户外等各种形式的广告，不限于视听媒体。"
    },
    {
      "word_to_compare": "promo",
      "analysis": "“Promo” (促销宣传) 是 “promotion” 的缩略形式，通常指为推广活动、节目或品牌而做的短期宣传，目的更侧重于制造热度或短期吸引，而非直接销售产品。而 “advert” 更直接指向以销售或推广为目的的付费信息。"
    }
  ]
}