{
  "word": "advent",
  "pronunciation": "ad·vent",
  "concise_definition": "n. 到来, 出现, 降临",
  "forms": {
    "plural": "advents"
  },
  "definitions": [
    {
      "pos": "noun",
      "explanation_en": "The arrival or coming into being of something important, especially something that is awaited or significant in a historical, cultural, or religious context.",
      "explanation_cn": "指某件重要事物的到来或出现，尤其指在历史、文化或宗教背景下被期待的重要事件。",
      "example_en": "The advent of the internet revolutionized global communication.",
      "example_cn": "互联网的出现彻底改变了全球通信方式。"
    },
    {
      "pos": "noun",
      "explanation_en": "In Christian tradition, the season of preparation for the celebration of the birth of Jesus Christ, beginning four Sundays before Christmas.",
      "explanation_cn": "在基督教传统中，指圣诞节前四个星期的准备期，用于迎接耶稣基督的诞生。",
      "example_en": "During Advent, many churches light candles on an Advent wreath each Sunday.",
      "example_cn": "在降临节期间，许多教堂会在降临节花环上每周点燃一支蜡烛。"
    }
  ],
  "comparison": [
    {
      "word_to_compare": "arrival",
      "analysis": "“Arrival”（到达）泛指人或物抵达某地，强调物理位置的移动和终点，语义较中性、具体。而 “advent” 更侧重于具有重大意义或象征性的到来，常用于抽象概念或历史性事件，带有庄重或期待的色彩。"
    },
    {
      "word_to_compare": "emergence",
      "analysis": "“Emergence”（出现）强调从隐藏、无意识或低可见状态中显现出来，常用于自然过程或系统性变化（如新趋势的出现）。而 “advent” 更强调一个被期待的、有目的性的“降临”，常与时间点或里程碑事件相关，更具仪式感和历史分量。"
    },
    {
      "word_to_compare": "onset",
      "analysis": "“Onset”（开始、发作）通常指某种负面或突发状况的开端，如疾病、风暴或危机的开始，带有消极或紧急的语义色彩。而 “advent” 多用于中性或积极的事件，强调其重要性和历史性，不带有负面含义。"
    }
  ]
}