{
  "word": "adventurer",
  "pronunciation": "ad·ven·cher",
  "concise_definition": "n. 冒险家, 喜欢冒险的人",
  "forms": {
    "plural": "adventurers"
  },
  "definitions": [
    {
      "pos": "noun",
      "explanation_en": "A person who seeks out or engages in exciting, dangerous, or unusual experiences, often involving travel, exploration, or risk-taking in unknown or challenging environments.",
      "explanation_cn": "指主动寻求或参与刺激、危险或不寻常经历的人，通常涉及在未知或充满挑战的环境中旅行、探索或冒险。",
      "example_en": "The famous adventurer crossed the Amazon rainforest alone, mapping uncharted territories.",
      "example_cn": "这位著名的冒险家独自穿越了亚马逊雨林，绘制了未被探索的区域地图。"
    },
    {
      "pos": "noun",
      "explanation_en": "A person who takes bold risks, especially in business or politics, often with the hope of great gain, sometimes disregarding conventional rules or safety.",
      "explanation_cn": "指在商业或政治中敢于大胆冒险的人，常怀有巨大回报的期望，有时无视常规规则或安全准则。",
      "example_en": "He was an adventurer in the stock market, investing heavily in startups with no proven track record.",
      "example_cn": "他在股市中是个冒险家，大量投资于没有成功记录的初创公司。"
    }
  ],
  "comparison": [
    {
      "word_to_compare": "explorer",
      "analysis": "“Explorer”（探险家）通常指以科学、地理或系统性发现为目的进行探索的人，强调客观记录与知识贡献，如库克船长或阿蒙森。而 “adventurer” 更侧重个人体验、刺激和风险，不一定有学术或官方目的，动机更主观、更富激情。"
    },
    {
      "word_to_compare": "thrill-seeker",
      "analysis": "“Thrill-seeker”（寻求刺激者）专指追求强烈感官刺激或肾上腺素飙升的人，如跳伞、极限运动爱好者，其行为常以娱乐或自我挑战为主，不一定涉及长途旅行或环境探索。而 “adventurer” 的冒险往往包含更复杂的环境适应、文化接触或长期计划。"
    },
    {
      "word_to_compare": "pioneer",
      "analysis": "“Pioneer”（开拓者）强调在无人涉足的领域开创先河，为后来者铺路，常带有历史或社会进步的正面意义，如西部拓荒者或科技先驱。而 “adventurer” 更关注个人经历的惊险与独特性，不一定具有开创性或为他人带来系统性影响。"
    }
  ]
}