{
  "word": "adverse",
  "pronunciation": "ad·vurs",
  "concise_definition": "adj. 不利的, 有害的, 敌对的",
  "forms": {
    "comparative": "adverser",
    "superlative": "adversest"
  },
  "definitions": [
    {
      "pos": "adjective",
      "explanation_en": "Having a harmful or negative effect; working against the desired outcome or condition.",
      "explanation_cn": "产生有害或负面影响的；与期望的结果或状况相违背的。",
      "example_en": "Adverse weather conditions delayed the flight for over six hours.",
      "example_cn": "不利的天气状况使航班延误了六个多小时。"
    },
    {
      "pos": "adjective",
      "explanation_en": "Opposed or hostile in nature; acting in opposition to a person, group, or interest.",
      "explanation_cn": "性质上对立或敌对的；与某人、某群体或某种利益相对立的。",
      "example_en": "The two companies have been in adverse competition for market share.",
      "example_cn": "这两家公司一直在为市场份额展开激烈竞争。"
    },
    {
      "pos": "adjective",
      "explanation_en": "Used in legal or medical contexts to describe effects or conditions that are unintended and harmful, especially side effects of medication.",
      "explanation_cn": "用于法律或医学语境中，指非预期且有害的影响，尤指药物的副作用。",
      "example_en": "The patient experienced adverse reactions to the new drug.",
      "example_cn": "患者对该新药产生了不良反应。"
    }
  ],
  "comparison": [
    {
      "word_to_compare": "unfavorable",
      "analysis": "“Unfavorable”（不利的）语气较温和，常用于描述条件、环境或评价不理想，但不一定造成直接伤害。例如：unfavorable review（负面评价）。而 “adverse” 更强调实际的损害性或对抗性，常用于健康、法律或重大后果的语境中，语义更强。"
    },
    {
      "word_to_compare": "hostile",
      "analysis": "“Hostile”（敌对的）侧重于情感或态度上的敌意，常用于人与人、群体与群体之间的对抗关系。而 “adverse” 更广泛地用于描述客观的、非主观意愿的不利影响，不一定包含情绪色彩。例如：adverse conditions（不利条件）不等于 hostile conditions（敌对条件）。"
    },
    {
      "word_to_compare": "negative",
      "analysis": "“Negative”（负面的）是一个通用词，可形容情绪、结果、态度或影响，范围极广，但缺乏 “adverse” 所具有的“造成损害”的强烈语义。例如：negative feedback（负面反馈）可能是建设性的批评，而 adverse effects（不良影响）则明确指有害后果。"
    }
  ]
}