{
  "word": "adversity",
  "pronunciation": "ad·ver·si·tee",
  "concise_definition": "n. 逆境, 困难, 不幸",
  "forms": {
    "plural": "adversities"
  },
  "definitions": [
    {
      "pos": "noun",
      "explanation_en": "A difficult or unfavorable situation that presents challenges, obstacles, or hardship, often testing one's resilience, character, or determination.",
      "explanation_cn": "指一种困难或不利的处境，带来挑战、障碍或艰辛，通常考验一个人的韧性、品格或决心。",
      "example_en": "Despite great adversity, she managed to graduate from college and start her own business.",
      "example_cn": "尽管面临巨大逆境，她仍成功大学毕业并创办了自己的企业。"
    },
    {
      "pos": "noun",
      "explanation_en": "A state of misfortune or calamity, often referring to external circumstances beyond one's control that cause suffering or loss.",
      "explanation_cn": "指一种不幸或灾难的状态，通常指超出个人控制的外部环境所导致的痛苦或损失。",
      "example_en": "The family endured years of adversity after the flood destroyed their home.",
      "example_cn": "洪水摧毁了他们的家后，这家人经历了多年的苦难。"
    }
  ],
  "comparison": [
    {
      "word_to_compare": "difficulty",
      "analysis": "“Difficulty” (困难) 指具体任务或情境中的障碍或挑战，语义范围较窄，常用于日常语境，如学习困难、操作困难。而 “adversity” 更强调整体生活或命运层面的严峻逆境，带有更强的情感重量和持久性。"
    },
    {
      "word_to_compare": "hardship",
      "analysis": "“Hardship” (困苦) 与 “adversity” 非常接近，常可互换，但 “hardship” 更侧重于物质或身体上的艰苦，如贫穷、饥饿、劳累；而 “adversity” 可涵盖心理、社会、经济等多方面不利境况，语义更广。"
    },
    {
      "word_to_compare": "misfortune",
      "analysis": "“Misfortune” (不幸) 通常指偶然发生的负面事件，如车祸、丢失财物，强调事件的突发性和偶然性。而 “adversity” 更倾向于持续性的不利状态，常与个人的抗争和成长相关，带有更深刻的哲学或道德内涵。"
    }
  ]
}