{
  "word": "adversary",
  "pronunciation": "ad·ver·suh·ree",
  "concise_definition": "n. 对手, 敌人, 反对者",
  "forms": {
    "plural": "adversaries"
  },
  "definitions": [
    {
      "pos": "noun",
      "explanation_en": "A person or group that opposes or competes against another, especially in a contest, conflict, or legal proceeding; often implies a formal or sustained opposition.",
      "explanation_cn": "指在竞赛、冲突或法律程序中与另一方对立或竞争的人或团体，通常暗示一种正式或持续的对抗关系。",
      "example_en": "In the courtroom, the defense attorney faced a formidable adversary in the prosecutor.",
      "example_cn": "在法庭上，辩护律师面对的是一个强大的对手——检察官。"
    },
    {
      "pos": "noun",
      "explanation_en": "An opponent in a struggle or rivalry, whether physical, ideological, or emotional; can refer to both personal and abstract conflicts.",
      "explanation_cn": "指在身体、思想或情感上的斗争或竞争中的对手，可用于描述个人之间的对抗，也可用于抽象的冲突。",
      "example_en": "Her greatest adversary was not the other runner, but her own self-doubt.",
      "example_cn": "她最大的对手不是其他选手，而是她自己的自我怀疑。"
    }
  ],
  "comparison": [
    {
      "word_to_compare": "enemy",
      "analysis": "“Enemy” (敌人) 通常指具有敌意、可能带来直接威胁或伤害的个体或群体，情感色彩更强烈，常用于战争或政治语境。而 “adversary” 更中性，强调对立关系，不一定包含仇恨，常用于竞技、法律或辩论场景。"
    },
    {
      "word_to_compare": "opponent",
      "analysis": "“Opponent” (对手) 是最通用的词，适用于体育、选举、辩论等任何竞争场合，语气较温和。而 “adversary” 更具正式感和戏剧性，常暗示更深层次的冲突或长期对抗，语义范围更广，情感张力更强。"
    },
    {
      "word_to_compare": "rival",
      "analysis": "“Rival” (竞争对手) 强调在相同领域内为争夺同一目标而竞争的关系，通常带有尊重或持续性的意味，如商业或体育中的对手。而 “adversary” 更强调对立与对抗，可能不共享同一目标，甚至存在根本性冲突。"
    }
  ]
}