{
  "word": "adventurous",
  "pronunciation": "ad·ven·choo·rəs",
  "concise_definition": "adj. 爱冒险的, 有冒险精神的, 大胆的",
  "forms": {
    "comparative": "more adventurous",
    "superlative": "most adventurous"
  },
  "definitions": [
    {
      "pos": "adjective",
      "explanation_en": "Willing to take risks or try new and unusual experiences, especially those that involve danger or uncertainty.",
      "explanation_cn": "愿意承担风险或尝试新奇、不寻常的经历，尤其是那些涉及危险或不确定性的活动。",
      "example_en": "She's an adventurous traveler who has hiked across the Andes and sailed through the Arctic.",
      "example_cn": "她是一位爱冒险的旅行者，曾徒步穿越安第斯山脉，并航行穿越北极。"
    },
    {
      "pos": "adjective",
      "explanation_en": "Characterized by or involving risk, excitement, or boldness, often in a way that is exciting or unconventional.",
      "explanation_cn": "以冒险、刺激或大胆为特征的，常指一种令人兴奋或非传统的风格或行为。",
      "example_en": "The restaurant offers an adventurous menu with exotic ingredients from around the world.",
      "example_cn": "这家餐厅提供一份大胆创新的菜单，使用来自世界各地的异国食材。"
    }
  ],
  "comparison": [
    {
      "word_to_compare": "bold",
      "analysis": "“Bold”（大胆的）强调勇气和敢于挑战常规或权威，常用于形容决定、言论或行动的果敢，不一定涉及物理风险。而 “adventurous” 更侧重于对未知、新奇或危险体验的主动追求，常与旅行、运动或生活方式相关。"
    },
    {
      "word_to_compare": "daring",
      "analysis": "“Daring”（大胆的，鲁莽的）与 “adventurous” 意义接近，但语气更强，常带有不顾后果或近乎鲁莽的意味，可能隐含负面评价。而 “adventurous” 通常带有积极或钦佩的色彩，强调主动选择挑战而非冲动行事。"
    },
    {
      "word_to_compare": "risk-taking",
      "analysis": "“Risk-taking”（敢于冒险的）是一个更中性、更偏行为描述的形容词短语，常用于心理学或经济学语境，强调对风险的接受程度。而 “adventurous” 是一个更富情感色彩的形容词，不仅描述行为，也体现性格特质和精神态度。"
    }
  ]
}