{
  "word": "advertisement",
  "pronunciation": "ad·ver·tis·mənt",
  "concise_definition": "n. 广告, 宣传",
  "forms": {
    "plural": "advertisements"
  },
  "definitions": [
    {
      "pos": "noun",
      "explanation_en": "A public message or promotion designed to attract attention to a product, service, or idea, typically through paid media such as TV, radio, print, or digital platforms.",
      "explanation_cn": "一种通过付费媒体（如电视、广播、印刷品或数字平台）发布的公共信息或推广活动，旨在吸引人们对某种产品、服务或理念的注意。",
      "example_en": "The company launched a new advertisement campaign to promote its eco-friendly products.",
      "example_cn": "该公司推出了一项新的广告活动，以推广其环保产品。"
    },
    {
      "pos": "noun",
      "explanation_en": "A notice or announcement, often in a newspaper or online, offering something for sale, rent, or employment, or seeking something such as a partner or lost item.",
      "explanation_cn": "一种刊登在报纸或网络上的通知或公告，用于出售、出租、招聘，或寻找伴侣、失物等。",
      "example_en": "She found her missing cat through an advertisement in the local paper.",
      "example_cn": "她通过当地报纸上的一则广告找到了走失的猫。"
    }
  ],
  "comparison": [
    {
      "word_to_compare": "commercial",
      "analysis": "“Commercial”（商业广告）特指在电视、广播或网络上播放的、以销售产品为目的的广告片段，通常有时间限制且包含视听元素。而 “advertisement” 是更广泛的术语，涵盖所有形式的宣传，包括平面广告、户外广告、社交媒体帖子等。"
    },
    {
      "word_to_compare": "promotion",
      "analysis": "“Promotion”（促销）强调为促进销售或提升知名度而采取的一系列营销活动，可能包括折扣、赠品、活动等，不一定以广告形式呈现。而 “advertisement” 更侧重于通过媒体传播的特定信息内容，是促销的一种手段。"
    },
    {
      "word_to_compare": "publicity",
      "analysis": "“Publicity”（宣传）指通过媒体获得的公众关注，通常是免费的、非付费的，如新闻报道、名人效应或事件曝光。而 “advertisement” 是企业主动付费购买的传播渠道，具有明确的控制权和目标导向。"
    }
  ]
}