{
  "word": "advertiser",
  "pronunciation": "ad·ver·tahy·uhr",
  "concise_definition": "n. 广告商, 广告客户, 广告发布者",
  "forms": {
    "plural": "advertisers"
  },
  "definitions": [
    {
      "pos": "noun",
      "explanation_en": "A person, company, or organization that pays for and initiates advertising campaigns to promote products, services, or ideas to the public.",
      "explanation_cn": "指支付费用并发起广告活动，以向公众推广产品、服务或理念的个人、公司或组织。",
      "example_en": "The advertiser spent millions on a Super Bowl commercial to launch their new smartphone.",
      "example_cn": "这家广告商花费数百万美元在超级碗期间投放广告，以推出其新款智能手机。"
    },
    {
      "pos": "noun",
      "explanation_en": "A client who works with advertising agencies to design and place ads in media such as TV, radio, print, or digital platforms.",
      "explanation_cn": "指与广告公司合作，设计并在电视、广播、印刷或数字平台等媒体上投放广告的客户。",
      "example_en": "The advertiser provided clear brand guidelines to ensure consistency across all campaign materials.",
      "example_cn": "广告商提供了明确的品牌指南，以确保所有宣传材料的一致性。"
    }
  ],
  "comparison": [
    {
      "word_to_compare": "advertiser",
      "analysis": "“Advertiser” (广告商) 指的是出资并主导广告活动的主体，通常是品牌方或企业。它强调的是广告的发起者和资金提供者。而 “ad agency” (广告公司) 是受雇于广告商、负责创意、策划和执行广告的专业机构，二者是委托与被委托的关系。"
    },
    {
      "word_to_compare": "sponsor",
      "analysis": "“Sponsor” (赞助商) 通常指为活动、节目或赛事提供资金或资源支持的实体，其目的可能是品牌曝光或公益形象，不一定直接推销具体产品。而 “advertiser” 的核心目的是通过广告直接促进销售或品牌认知，其内容更具商业导向性。"
    },
    {
      "word_to_compare": "marketer",
      "analysis": "“Marketer” (营销人员) 的职责范围更广，涵盖市场调研、品牌定位、定价、渠道管理、促销策略等全过程，广告只是其工具之一。而 “advertiser” 专指负责广告投放的主体，是营销链条中的一个环节。"
    }
  ]
}