{
  "word": "advertisements",
  "pronunciation": "ad·ver·tis·muhnts",
  "concise_definition": "n. 广告, 广告宣传",
  "forms": {
    "singular": "advertisement"
  },
  "definitions": [
    {
      "pos": "noun",
      "explanation_en": "A public message or communication designed to promote a product, service, brand, or idea, typically through paid media such as TV, radio, print, or digital platforms.",
      "explanation_cn": "一种通过付费媒体（如电视、广播、印刷品或数字平台）发布的公共信息，旨在推广某种产品、服务、品牌或理念。",
      "example_en": "The company launched a series of advertisements during the Super Bowl to boost brand awareness.",
      "example_cn": "该公司在超级碗期间推出了一系列广告，以提升品牌知名度。"
    },
    {
      "pos": "noun",
      "explanation_en": "Any form of promotional content intended to attract attention, influence behavior, or encourage purchase, whether formal or informal.",
      "explanation_cn": "任何旨在吸引注意、影响行为或促进购买的宣传内容，无论其形式是否正式。",
      "example_en": "Social media influencers often post advertisements disguised as personal recommendations.",
      "example_cn": "社交媒体影响者经常发布伪装成个人推荐的广告。"
    }
  ],
  "comparison": [
    {
      "word_to_compare": "commercial",
      "analysis": "“Commercial”（商业广告）特指在电视、广播等媒体中播放的、有明确时间长度的付费广告片段，通常包含视听元素。而 “advertisement” 是更广泛的术语，涵盖所有形式的宣传内容，包括海报、横幅、文案等。"
    },
    {
      "word_to_compare": "promotion",
      "analysis": "“Promotion”（促销）指为推动销售而采取的一系列营销活动，可能包括折扣、赠品、活动等，不一定包含广告内容。而 “advertisement” 是促销的一种具体手段，侧重于信息传播而非直接激励。"
    },
    {
      "word_to_compare": "publicity",
      "analysis": "“Publicity”（宣传）通常指通过媒体获得的非付费曝光，如新闻报道、名人效应或事件引发的关注。它强调的是‘免费’的公众注意，而 “advertisement” 是企业主动付费购买的传播渠道，具有明确的控制权和目的性。"
    }
  ]
}