{
  "word": "adviser",
  "pronunciation": "ad·vahy·zur",
  "concise_definition": "n. 顾问, 建议者",
  "forms": {
    "plural": "advisers"
  },
  "definitions": [
    {
      "pos": "noun",
      "explanation_en": "A person who gives expert advice or guidance, especially in a professional, academic, or official capacity, to help someone make informed decisions.",
      "explanation_cn": "指在专业、学术或官方场合中，为他人提供专业建议或指导，以帮助其做出明智决策的人。",
      "example_en": "She consulted her financial adviser before investing in the stock market.",
      "example_cn": "她在投资股市之前咨询了她的财务顾问。"
    },
    {
      "pos": "noun",
      "explanation_en": "Someone who offers informal or personal counsel, often based on experience, even without formal authority or title.",
      "explanation_cn": "指基于经验提供非正式或个人建议的人，即使没有正式头衔或权威。",
      "example_en": "My grandfather was my best adviser on life choices—he always knew what to do.",
      "example_cn": "我祖父是我人生选择的最佳顾问——他总知道该怎么做。"
    }
  ],
  "comparison": [
    {
      "word_to_compare": "advisor",
      "analysis": "“Advisor” 是 “adviser” 的另一种拼写形式，两者在意义上完全相同，均可互换使用。主要区别在于地域偏好：“advisor” 更常用于美式英语，尤其是在官方或学术语境中（如大学学业顾问）；“adviser” 则在英式英语中更常见，且在非正式场合中使用频率更高。"
    },
    {
      "word_to_compare": "consultant",
      "analysis": "“Consultant” (顾问) 通常指受雇提供专业服务的外部专家，具有明确的合同关系和收费性质，常用于商业或技术领域。而 “adviser” 可以是无偿的、非正式的，或隶属于组织内部，范围更广，不必然涉及专业服务合同。"
    },
    {
      "word_to_compare": "counselor",
      "analysis": "“Counselor” (辅导员/咨询师) 更强调情感支持、心理疏导或道德指导，常见于教育、心理或宗教领域。而 “adviser” 更侧重于提供建议、策略或信息，以帮助做决定，情感成分较少。"
    }
  ]
}