{
  "word": "advice",
  "pronunciation": "ad·vys",
  "concise_definition": "n. 建议, 忠告, 意见",
  "forms": {
    "plural": "advice"
  },
  "definitions": [
    {
      "pos": "noun",
      "explanation_en": "A recommendation or guidance offered with the intention of helping someone make a decision or solve a problem, often based on experience, knowledge, or judgment.",
      "explanation_cn": "指为帮助他人做出决定或解决问题而提供的建议或指导，通常基于经验、知识或判断。",
      "example_en": "She gave me some valuable advice about choosing a career path.",
      "example_cn": "她给了我一些关于选择职业道路的宝贵建议。"
    },
    {
      "pos": "noun",
      "explanation_en": "An opinion or view expressed about how something should be done, often in a formal or authoritative context.",
      "explanation_cn": "指在正式或权威语境中表达的关于某事应如何处理的看法或意见。",
      "example_en": "The lawyer's advice was to settle the case out of court.",
      "example_cn": "律师的建议是庭外和解此案。"
    }
  ],
  "comparison": [
    {
      "word_to_compare": "suggestion",
      "analysis": "“Suggestion”（建议）语气更温和、非正式，通常不带有权威性，仅作为可选方案提出，接受与否由对方决定。而 “advice” 更倾向于带有指导性，有时隐含责任或经验的分量，听者更可能被期望遵从。"
    },
    {
      "word_to_compare": "counsel",
      "analysis": "“Counsel”（劝告）与 “advice” 意义相近，但更正式、书面化，常用于法律、专业或宗教语境，强调深思熟虑的指导。它有时特指专业顾问提供的意见，如法律顾问（legal counsel），而 “advice” 更通用，适用于日常或非专业场景。"
    },
    {
      "word_to_compare": "recommendation",
      "analysis": "“Recommendation”（推荐）通常指基于评估或标准而提出的优选方案，常用于服务、产品或程序的语境中（如餐厅推荐、书籍推荐）。它更侧重于“推荐某物”，而 “advice” 更侧重于“指导某人如何做某事”。"
    }
  ]
}