{
  "word": "advised",
  "pronunciation": "ad·vahyst",
  "concise_definition": "v. 建议, 劝告 (advice 的过去式和过去分词)",
  "forms": {
    "base_form": "advise",
    "third_person_singular": "advises",
    "past_tense": "advised",
    "past_participle": "advised",
    "present_participle": "advising"
  },
  "definitions": [
    {
      "pos": "verb",
      "explanation_en": "To offer suggestions or recommendations about what someone should do, often based on experience, knowledge, or expertise.",
      "explanation_cn": "基于经验、知识或专业能力，向他人提出应如何行动的建议或劝告。",
      "example_en": "The doctor advised her to rest for at least a week.",
      "example_cn": "医生建议她至少休息一周。"
    },
    {
      "pos": "verb",
      "explanation_en": "To give formal or official guidance, especially in a professional or institutional context.",
      "explanation_cn": "在专业或机构环境中提供正式或官方的指导。",
      "example_en": "The board advised the CEO to delay the product launch.",
      "example_cn": "董事会建议首席执行官推迟产品发布。"
    },
    {
      "pos": "verb",
      "explanation_en": "To inform or notify someone of something, often used in passive constructions like 'It was advised that...'.",
      "explanation_cn": "通知某人某事，常用于被动结构如 'It was advised that...'（建议……）。",
      "example_en": "All participants were advised to arrive 30 minutes early.",
      "example_cn": "所有参与者均被建议提前30分钟到达。"
    }
  ],
  "comparison": [
    {
      "word_to_compare": "recommended",
      "analysis": "“Recommended” (推荐) 通常带有更强的权威性或正式性，常用于产品、方案或路径的推荐，语气比 “advised” 更肯定，暗示这是最佳选择。而 “advised” 更侧重于提供意见，接受与否由对方决定。"
    },
    {
      "word_to_compare": "suggested",
      "analysis": "“Suggested” (提议) 语气更温和、非强制，常用于提出一个可能性或选项，不强调专业性。而 “advised” 通常隐含建议者具备专业知识或责任，建议更具分量。"
    },
    {
      "word_to_compare": "counseled",
      "analysis": "“Counseled” (劝导) 与 “advised” 意义接近，但更常用于心理、情感或长期指导的语境，如心理咨询或人生指导。它比 “advised” 更具持续性和深度，常用于正式或治疗性场合。"
    }
  ]
}