{
  "word": "advisers",
  "pronunciation": "ad·vahy·uhrz",
  "concise_definition": "n. 顾问, 咨询者, 建议者",
  "forms": {
    "singular": "adviser"
  },
  "definitions": [
    {
      "pos": "noun",
      "explanation_en": "A person who provides expert guidance, recommendations, or counsel on a particular subject, often in a professional or official capacity.",
      "explanation_cn": "指在特定领域提供专业指导、建议或咨询的人，通常在专业或官方场合中担任此角色。",
      "example_en": "The CEO consulted her financial advisers before making the investment decision.",
      "example_cn": "首席执行官在做出投资决定前咨询了她的财务顾问。"
    },
    {
      "pos": "noun",
      "explanation_en": "Someone who offers informal advice or support, especially in personal, educational, or organizational contexts.",
      "explanation_cn": "指在个人、教育或组织环境中提供非正式建议或支持的人。",
      "example_en": "As a freshman, I was assigned an academic adviser to help me choose my courses.",
      "example_cn": "作为一名新生，我被指派了一位学业顾问来帮助我选课。"
    }
  ],
  "comparison": [
    {
      "word_to_compare": "consultant",
      "analysis": "“Consultant”（顾问）通常指受雇提供专业服务的外部专家，具有明确的合同关系和收费性质，强调专业性和商业服务；而 “adviser” 可以是正式或非正式的，不一定收费，范围更广，包括内部员工或义务性建议者。"
    },
    {
      "word_to_compare": "counselor",
      "analysis": "“Counselor”（辅导员/心理顾问）多用于心理支持、教育指导或法律咨询等情感或道德层面的辅助角色，强调倾听与情感支持；而 “adviser” 更侧重于提供策略性、决策性或技术性的建议，情感成分较少。"
    },
    {
      "word_to_compare": "mentor",
      "analysis": "“Mentor”（导师）强调长期、个人化的指导关系，通常包含职业发展、价值观传递和人生经验的分享，带有情感纽带和榜样作用；而 “adviser” 的关系更功能化、目标导向，通常不涉及长期陪伴或情感投入。"
    }
  ]
}