{
  "word": "advisors",
  "pronunciation": "ad·vai·zurz",
  "concise_definition": "n. 顾问, 咨询者, 谋士",
  "forms": {
    "singular": "advisor"
  },
  "definitions": [
    {
      "pos": "noun",
      "explanation_en": "A person who provides expert advice or guidance, especially in a professional, academic, or organizational context, to help others make informed decisions.",
      "explanation_cn": "指在专业、学术或组织环境中提供专家建议或指导的人，以帮助他人做出明智的决策。",
      "example_en": "The CEO consulted her financial advisors before making the major investment.",
      "example_cn": "首席执行官在做出重大投资前咨询了她的财务顾问。"
    },
    {
      "pos": "noun",
      "explanation_en": "A person assigned to support and guide individuals, such as students or new employees, often in a mentoring or counseling role.",
      "explanation_cn": "指被指派来支持和指导个人（如学生或新员工）的人，通常承担辅导或咨询的角色。",
      "example_en": "Every freshman at the university is assigned an academic advisor to help choose courses.",
      "example_cn": "大学里的每一名新生都会被分配一名学术顾问，以帮助选课。"
    }
  ],
  "comparison": [
    {
      "word_to_compare": "consultant",
      "analysis": "“Consultant”（顾问）通常指受雇提供专业服务的外部专家，其角色更偏向商业或技术性服务，常按项目收费，具有临时性和契约性。而 “advisor” 更强调长期关系和信任，可能不一定是付费的，也可能是内部职位（如学校顾问）。"
    },
    {
      "word_to_compare": "counselor",
      "analysis": "“Counselor”（辅导员/咨询师）更侧重于情感支持、心理疏导或个人发展指导，常用于教育、医疗或心理健康领域。而 “advisor” 更关注事实性建议、策略规划或决策支持，情感成分较少。"
    },
    {
      "word_to_compare": "mentor",
      "analysis": "“Mentor”（导师）强调经验传承和长期个人发展关系，通常基于信任、尊重和非正式的指导，侧重于职业成长与人格塑造。而 “advisor” 更注重提供具体建议或解决方案，关系可能更正式、目标更明确。"
    }
  ]
}