{
  "word": "advise",
  "pronunciation": "ad·vahyz",
  "concise_definition": "v. 建议, 劝告, 通知",
  "forms": {
    "third_person_singular": "advises",
    "past_tense": "advised",
    "past_participle": "advised",
    "present_participle": "advising"
  },
  "definitions": [
    {
      "pos": "verb",
      "explanation_en": "To offer suggestions or recommendations about what someone should do, often based on experience, knowledge, or expertise.",
      "explanation_cn": "基于经验、知识或专业能力，向他人提出应如何行动的建议或劝告。",
      "example_en": "The doctor advised her to rest for at least a week.",
      "example_cn": "医生建议她至少休息一周。"
    },
    {
      "pos": "verb",
      "explanation_en": "To formally inform or notify someone of something, especially in official or legal contexts.",
      "explanation_cn": "在正式或法律语境中，向某人正式通知或告知某事。",
      "example_en": "The court advised all parties of their rights before the hearing.",
      "example_cn": "听证会前，法院通知了所有当事人他们的权利。"
    }
  ],
  "comparison": [
    {
      "word_to_compare": "suggest",
      "analysis": "“Suggest” (建议) 语气更温和、间接，常用于提出一个可能性或选项，不带有强制性或权威性。而 “advise” 通常隐含建议者具备专业知识或权威，语气更正式、更坚定，有时带有责任意味。"
    },
    {
      "word_to_compare": "recommend",
      "analysis": "“Recommend” (推荐) 与 “advise” 非常接近，常可互换，但 “recommend” 更侧重于表达偏好或推崇某事物，常用于产品、服务或人选；而 “advise” 更强调基于判断给出行动指导，尤其在涉及后果或风险时。"
    },
    {
      "word_to_compare": "notify",
      "analysis": "“Notify” (通知) 仅指传递信息，不包含任何建议或意见成分。而 “advise” 在作为“通知”使用时，通常隐含了信息的重要性或需要对方采取行动，语义更丰富。"
    }
  ]
}