{
  "word": "advisable",
  "pronunciation": "ad·vahy·zuh·buhl",
  "concise_definition": "adj. 可取的, 建议的, 明智的",
  "forms": {
    "comparative": "more advisable",
    "superlative": "most advisable"
  },
  "definitions": [
    {
      "pos": "adjective",
      "explanation_en": "Worth recommending or suggesting as the best or most prudent course of action, often based on careful consideration of risks or benefits.",
      "explanation_cn": "指经过权衡利弊后，值得推荐或建议为最佳或最明智的做法。",
      "example_en": "It is advisable to wear a helmet when riding a bicycle.",
      "example_cn": "骑自行车时戴头盔是明智的。"
    },
    {
      "pos": "adjective",
      "explanation_en": "Suitable or appropriate under the circumstances, implying that following the suggestion would lead to a favorable outcome.",
      "explanation_cn": "指在特定情况下合适或恰当，暗示遵循该建议将带来积极结果。",
      "example_en": "Given the weather forecast, it is advisable to reschedule the outdoor event.",
      "example_cn": "鉴于天气预报，最好将户外活动改期。"
    }
  ],
  "comparison": [
    {
      "word_to_compare": "recommended",
      "analysis": "“Recommended” (推荐的) 强调由权威、专家或经验丰富的来源正式提出建议，带有更强的权威性和指导性。而 “advisable” 更侧重于从理性判断出发，强调行为的明智性，不一定来自权威。"
    },
    {
      "word_to_compare": "wise",
      "analysis": "“Wise” (明智的) 描述的是个人的判断力或性格特质，常用于评价人或决定本身具有深远的智慧。而 “advisable” 更聚焦于某一具体行为或选择是否恰当，语气更中性、实用，不涉及道德或人格评价。"
    },
    {
      "word_to_compare": "prudent",
      "analysis": "“Prudent” (谨慎的) 强调避免风险、注重安全和长远利益，常带有保守或谨慎的色彩。而 “advisable” 更广泛，可以包括积极进取但经过考量的建议，不一定局限于保守选择。"
    }
  ]
}