{
  "word": "advisor",
  "pronunciation": "ad·vai·zher",
  "concise_definition": "n. 顾问, 指导者, 咨询者",
  "forms": {
    "plural": "advisors"
  },
  "definitions": [
    {
      "pos": "noun",
      "explanation_en": "A person who provides expert advice or guidance, especially in a professional, academic, or official context, to help others make informed decisions.",
      "explanation_cn": "指在专业、学术或官方背景下，为他人提供专业建议或指导，以帮助其做出明智决策的人。",
      "example_en": "She consulted her financial advisor before investing in the stock market.",
      "example_cn": "她在投资股市之前咨询了她的财务顾问。"
    },
    {
      "pos": "noun",
      "explanation_en": "An academic or institutional official who assists students in planning their course of study and meeting educational requirements.",
      "explanation_cn": "指协助学生规划学业路径、满足教育要求的学术或校方工作人员。",
      "example_en": "My academic advisor helped me choose the right electives for my major.",
      "example_cn": "我的学业顾问帮我选定了专业所需的选修课程。"
    }
  ],
  "comparison": [
    {
      "word_to_compare": "counselor",
      "analysis": "“Counselor”（辅导员/咨询师）通常更侧重于情感支持、心理辅导或个人发展指导，常用于教育、医疗或心理健康领域。而 “advisor” 更强调专业性、知识性建议，侧重于决策支持，如财务、学术或职业规划。"
    },
    {
      "word_to_compare": "consultant",
      "analysis": "“Consultant”（顾问）通常是受雇提供特定领域专业服务的外部专家，具有商业合同性质，常用于企业或项目场景。而 “advisor” 可以是正式职位，也可以是非正式角色，不一定涉及付费服务，更强调长期关系和指导性质。"
    },
    {
      "word_to_compare": "mentor",
      "analysis": "“Mentor”（导师）强调长期、个人化的指导关系，包含价值观传递、职业发展和人生经验的分享，具有情感纽带和榜样作用。而 “advisor” 更注重具体问题的解答和实用建议，关系通常更正式、目标导向更强。"
    }
  ]
}