{
  "word": "advises",
  "pronunciation": "ad·vahyz",
  "concise_definition": "v. 建议, 劝告, 提供意见",
  "forms": {
    "third_person_singular": "advises",
    "past_tense": "advised",
    "past_participle": "advised",
    "present_participle": "advising",
    "base_form": "advise"
  },
  "definitions": [
    {
      "pos": "verb",
      "explanation_en": "To offer suggestions or recommendations about what someone should do, often based on experience, knowledge, or expertise.",
      "explanation_cn": "基于经验、知识或专业能力，向他人提供应如何行动的建议或劝告。",
      "example_en": "The lawyer advises her client to settle the case out of court.",
      "example_cn": "律师建议她的客户在庭外解决此案。"
    },
    {
      "pos": "verb",
      "explanation_en": "To formally inform or notify someone of something, especially in an official or professional context.",
      "explanation_cn": "在正式或专业语境中，向某人通报或通知某事。",
      "example_en": "The embassy advises all citizens to avoid non-essential travel to the region.",
      "example_cn": "大使馆建议所有公民避免前往该地区进行非必要旅行。"
    }
  ],
  "comparison": [
    {
      "word_to_compare": "suggests",
      "analysis": "“Suggests” (建议) 语气较委婉，常用于提出可能性或选项，不带有强制性或权威性。而 “advises” 更倾向于表达基于专业判断的推荐，隐含更强的责任感或权威性，听者通常被期望认真对待。"
    },
    {
      "word_to_compare": "recommends",
      "analysis": "“Recommends” (推荐) 与 “advises” 非常接近，常可互换，但 “recommends” 更侧重于对某种选择、产品或方案的正面推崇，常用于消费或服务场景；而 “advises” 更广泛用于行为指导或风险规避，语义更偏重于谨慎劝告。"
    },
    {
      "word_to_compare": "warns",
      "analysis": "“Warns” (警告) 强调提醒潜在的危险、风险或负面后果，语气更紧迫、更具防范性。而 “advises” 通常是中性或积极的建议，不一定涉及危险，其目的更多是帮助决策而非防止危害。"
    }
  ]
}