{
  "word": "advocacy",
  "pronunciation": "ad·vuh·kuh·see",
  "concise_definition": "n. 倡导, 支持, 辩护",
  "forms": {
    "plural": "advocacies"
  },
  "definitions": [
    {
      "pos": "noun",
      "explanation_en": "The public support or promotion of a cause, policy, or group, often through active efforts such as lobbying, campaigning, or raising awareness to influence decision-makers or public opinion.",
      "explanation_cn": "指为某一事业、政策或群体所进行的公开支持或推动，通常通过游说、宣传或提高公众意识等积极手段，以影响决策者或公众舆论。",
      "example_en": "The organization's advocacy for climate action has led to new environmental legislation.",
      "example_cn": "该组织对气候行动的倡导促成了新的环境立法。"
    },
    {
      "pos": "noun",
      "explanation_en": "The act of speaking or arguing in favor of someone or something, especially in a legal or formal context, to protect rights or interests.",
      "explanation_cn": "指为某人或某事辩护或发声，尤其在法律或正式场合中，以保护其权利或利益。",
      "example_en": "Her advocacy for the accused ensured a fair trial despite public pressure.",
      "example_cn": "她为被告所做的辩护，确保了在公众压力下仍能获得公正审判。"
    }
  ],
  "comparison": [
    {
      "word_to_compare": "support",
      "analysis": "“Support” (支持) 是一个更广泛、更中性的词，可以指任何形式的帮助、赞同或资源提供，不一定包含主动推动或倡导的意图。而 “advocacy” 强调有组织、有目的、持续性的推动，通常带有改变现状的诉求。"
    },
    {
      "word_to_compare": "promotion",
      "analysis": "“Promotion” (推广) 多用于商业或市场营销语境，强调提升知名度、销量或受欢迎程度，目标通常是商业利益。而 “advocacy” 更侧重于社会正义、公共利益或人权等非商业性目标，常带有道德或伦理立场。"
    },
    {
      "word_to_compare": "defense",
      "analysis": "“Defense” (辩护) 通常指在受到批评、指控或威胁时进行的回应性保护，语境多为法律或对抗性情境。而 “advocacy” 更具主动性，是在问题尚未发生或尚未被重视时，提前推动改变，不局限于回应。"
    }
  ]
}