{
  "word": "advocates",
  "pronunciation": "ad·vuh·kuhts",
  "concise_definition": "n. 支持者, 倡导者, 律师",
  "forms": {
    "singular": "advocate"
  },
  "definitions": [
    {
      "pos": "noun",
      "explanation_en": "A person who publicly supports or recommends a particular cause, policy, or idea, often through active campaigning or persuasive efforts.",
      "explanation_cn": "指公开支持或推荐某一特定事业、政策或观点的人，通常通过积极的宣传或说服性努力来推动其主张。",
      "example_en": "She is a passionate advocate for climate change action and speaks at international forums.",
      "example_cn": "她是气候变化行动的坚定倡导者，经常在国际论坛上发言。"
    },
    {
      "pos": "noun",
      "explanation_en": "A lawyer who represents clients in court, especially in British English; one who pleads on behalf of another.",
      "explanation_cn": "指在法庭上代表当事人的律师，尤用于英式英语；亦指为他人辩护或代为申诉的人。",
      "example_en": "The advocate presented compelling evidence to support her client's innocence.",
      "example_cn": "这位律师提出了有力的证据，以证明其当事人的清白。"
    }
  ],
  "comparison": [
    {
      "word_to_compare": "supporter",
      "analysis": "“Supporter” (支持者) 是一个更广泛、更中性的词，泛指对某人或某事表示赞同或提供支持的人，不一定有公开倡导或积极行动。而 “advocate” 强调主动推动、积极宣传，通常带有改革或倡导的意图，语气更强。"
    },
    {
      "word_to_compare": "champion",
      "analysis": "“Champion” (拥护者/斗士) 常带有英雄主义色彩，强调为正义或弱势一方挺身而出、奋力斗争，情感色彩更强烈。而 “advocate” 更侧重理性、系统性的倡导，常用于政策、法律或社会议题中。"
    },
    {
      "word_to_compare": "proponent",
      "analysis": "“Proponent” (支持者/提议者) 更正式，常用于学术或政策语境，指提出并支持某一理论、计划或建议的人，但不一定参与公开宣传或行动。而 “advocate” 更强调行动和影响力，常涉及公众参与和说服过程。"
    }
  ]
}