{
  "word": "advocated",
  "pronunciation": "ad·vuh·keyt·id",
  "concise_definition": "v. 主张, 支持, 倡导（advocate 的过去式和过去分词）",
  "forms": {
    "base_form": "advocate",
    "third_person_singular": "advocates",
    "present_participle": "advocating",
    "noun_form": "advocate"
  },
  "definitions": [
    {
      "pos": "verb",
      "explanation_en": "To publicly support or speak in favor of a cause, idea, policy, or person, often with conviction and active effort.",
      "explanation_cn": "指公开支持或为某一事业、理念、政策或人物发声，通常带有坚定的信念和积极的行动。",
      "example_en": "She advocated for universal healthcare throughout her political career.",
      "example_cn": "她在整个政治生涯中一直倡导全民医疗保障。"
    },
    {
      "pos": "verb",
      "explanation_en": "To recommend or argue for a particular course of action, especially in legal, social, or ethical contexts.",
      "explanation_cn": "指在法律、社会或道德语境中推荐或论证某种特定的行动方案。",
      "example_en": "The lawyer advocated a reduced sentence based on the defendant's cooperation.",
      "example_cn": "律师基于被告的配合，主张减轻刑罚。"
    }
  ],
  "comparison": [
    {
      "word_to_compare": "supported",
      "analysis": "“Supported”（支持）是一个更广泛、更中性的词，可以指任何形式的协助或背书，包括物质、情感或口头上的支持，不一定包含主动倡导或说服的成分。而 “advocated” 强调积极、有目的的推动和辩护，通常带有改革或改变现状的意图。"
    },
    {
      "word_to_compare": "promoted",
      "analysis": "“Promoted”（推广）侧重于通过宣传、营销或鼓励来提高某事物的知名度或接受度，常用于商业或公共关系语境。而 “advocated” 更强调理念或原则上的立场，常与正义、权利或道德相关，具有更强的伦理色彩。"
    },
    {
      "word_to_compare": "championed",
      "analysis": "“Championed”（捍卫/力挺）与 “advocated” 非常接近，都表示强烈支持，但 “championed” 更具战斗性和情感投入，常用于形容为弱势群体或正义事业挺身而出，带有英雄主义色彩。而 “advocated” 更中性、理性，适用于正式或制度性场合。"
    }
  ]
}