{
  "word": "advocating",
  "pronunciation": "ad·vuh·keyt-ing",
  "concise_definition": "v. 倡导, 支持, 为……辩护",
  "forms": {
    "base_form": "advocate",
    "third_person_singular": "advocates",
    "past_tense": "advocated",
    "past_participle": "advocated",
    "present_participle": "advocating"
  },
  "definitions": [
    {
      "pos": "verb",
      "explanation_en": "To publicly support or speak in favor of a cause, idea, policy, or person, often with the aim of influencing others or bringing about change.",
      "explanation_cn": "公开支持或为某一事业、理念、政策或人物辩护，通常旨在影响他人或推动变革。",
      "example_en": "She is advocating for stricter environmental regulations to combat climate change.",
      "example_cn": "她正在倡导更严格的环境保护法规以应对气候变化。"
    },
    {
      "pos": "verb",
      "explanation_en": "To act as a legal representative or counselor for someone in a court of law or formal proceeding.",
      "explanation_cn": "在法庭或正式程序中作为某人的法律顾问或代理人进行辩护。",
      "example_en": "The lawyer was advocating for the defendant’s right to a fair trial.",
      "example_cn": "这位律师正在为被告争取公平审判的权利。"
    },
    {
      "pos": "verb",
      "explanation_en": "To promote or recommend something earnestly, often through persistent effort or public campaigning.",
      "explanation_cn": "通过持续的努力或公共宣传积极推广或推荐某事物。",
      "example_en": "He has been advocating for universal access to clean water for over a decade.",
      "example_cn": "他十多年来一直倡导全民享有清洁用水的权利。"
    }
  ],
  "comparison": [
    {
      "word_to_compare": "supporting",
      "analysis": "“Supporting” (支持) 是一个更广泛、更中性的词，可以指任何形式的协助或认同，不一定是公开或积极的推动。而 “advocating” 强调主动、公开、有目的性的倡导，通常带有推动变革的意图，语气更强、更具行动性。"
    },
    {
      "word_to_compare": "promoting",
      "analysis": "“Promoting” (推广) 通常用于商业、营销或传播语境，强调提升知名度或接受度，如推广产品或活动。而 “advocating” 更常用于社会、政治或道德议题，强调价值观和权利的捍卫，带有更强的伦理或正义色彩。"
    },
    {
      "word_to_compare": "defending",
      "analysis": "“Defending” (辩护) 侧重于回应批评或反驳攻击，常用于保护某人或某观点免受质疑。而 “advocating” 更主动，是为一个尚未被广泛接受的观点或政策争取支持，不一定是回应性的，而是前瞻性的推动。"
    }
  ]
}