{
  "word": "advocate",
  "pronunciation": "ad·vuh·kuht",
  "concise_definition": "n. 倡导者, 支持者; v. 倡导, 支持",
  "forms": {
    "third_person_singular": "advocates",
    "past_tense": "advocated",
    "past_participle": "advocated",
    "present_participle": "advocating",
    "plural": "advocates"
  },
  "definitions": [
    {
      "pos": "noun",
      "explanation_en": "A person who publicly supports or speaks in favor of a cause, policy, or group, often through active campaigning or legal representation.",
      "explanation_cn": "指公开支持或为某一事业、政策或群体发声的人，通常通过积极的倡导活动或法律代理来推动其利益。",
      "example_en": "She is a passionate advocate for climate change legislation.",
      "example_cn": "她是气候变化立法的坚定倡导者。"
    },
    {
      "pos": "noun",
      "explanation_en": "A lawyer who represents clients in court, especially in British English.",
      "explanation_cn": "（尤指英式英语）指在法庭上代表客户的律师。",
      "example_en": "The advocate presented compelling evidence to the jury.",
      "example_cn": "律师向陪审团提交了令人信服的证据。"
    },
    {
      "pos": "verb",
      "explanation_en": "To publicly support or recommend a particular idea, policy, or course of action, often with conviction and effort.",
      "explanation_cn": "指以坚定的态度和努力公开支持或推荐某种观点、政策或行动方案。",
      "example_en": "The organization advocates for equal access to education for all children.",
      "example_cn": "该组织倡导所有儿童享有平等的教育机会。"
    }
  ],
  "comparison": [
    {
      "word_to_compare": "support",
      "analysis": "“Support”（支持）是一个更广泛、更中性的词，可以指任何形式的协助或认同，包括情感、经济或行动上的支持，不一定包含公开倡导或推动变革的意图。而 “advocate” 强调主动、有目的、有时是激进地为某事发声，带有推动改变的使命感。"
    },
    {
      "word_to_compare": "champion",
      "analysis": "“Champion”（拥护者）与 “advocate” 非常接近，都表示为某事而战，但 “champion” 更具英雄主义色彩，常用于形容在斗争中处于前线、极具热情和领导力的人，语气更强烈、更具感染力。例如：a champion of human rights（人权斗士）。"
    },
    {
      "word_to_compare": "promote",
      "analysis": "“Promote”（推广）侧重于通过宣传、营销或鼓励来提高某事物的知名度或接受度，常用于商业、产品或文化领域，动机可能更功利。而 “advocate” 更强调道德或理念上的信念，常用于社会正义、人权等严肃议题，带有更强的价值判断。"
    }
  ]
}