{
  "word": "ae",
  "pronunciation": "ay",
  "concise_definition": "n. (苏格兰英语) 爱, 情人; (古英语) 一, 单一",
  "forms": {
    "plural": "aes"
  },
  "definitions": [
    {
      "pos": "noun",
      "explanation_en": "A Scottish English term for 'love' or 'lover', often used in poetry or dialectal contexts to express affection or romantic attachment.",
      "explanation_cn": "苏格兰英语中的一个词，意为‘爱’或‘情人’，常用于诗歌或方言语境中表达爱意或浪漫情感。",
      "example_en": "My ae darling, you're the only one I'll ever need.",
      "example_cn": "我唯一的爱人，你是我一生唯一需要的人。"
    },
    {
      "pos": "noun",
      "explanation_en": "An archaic or dialectal form of 'one', used in older Scots or Northern English to denote singularity or uniqueness.",
      "explanation_cn": "古英语或苏格兰/英格兰北部方言中表示‘一’的古旧形式，用于强调单一性或独特性。",
      "example_en": "He was ae man who knew the truth.",
      "example_cn": "他是唯一一个知道真相的人。"
    }
  ],
  "comparison": [
    {
      "word_to_compare": "love",
      "analysis": "“Love” 是现代标准英语中表达情感的通用词，涵盖亲情、友情、浪漫之爱等多种含义，语义广泛且中性。“ae” 仅用于苏格兰方言，语义更狭窄，专指浪漫意义上的‘爱人’，带有浓厚的地域和文学色彩。"
    },
    {
      "word_to_compare": "one",
      "analysis": "“One” 是现代英语中表示数字1或泛指‘某人’的标准词，语义清晰、通用。“ae” 是其古旧方言变体，仅在特定语境（如诗歌、民谣）中使用，现代英语中已基本废弃，不具备通用性。"
    },
    {
      "word_to_compare": "dear",
      "analysis": "“Dear” 在英语中可作亲昵称呼（如 My dear），但它是通用的、非地域性的表达，常用于正式或非正式场合。“ae” 则是苏格兰语境下的专属词，情感浓度更高，且具有强烈的民族语言身份特征，不可互换。"
    }
  ]
}