{
  "word": "aerial",
  "pronunciation": "e·er·ee·uhl",
  "concise_definition": "adj. 空中的, 飞行的; n. 天线",
  "forms": {
    "comparative": "aerialer",
    "superlative": "aerialest"
  },
  "definitions": [
    {
      "pos": "adjective",
      "explanation_en": "Relating to or occurring in the air or atmosphere; existing or operating in the air, especially in the context of flight or observation from above.",
      "explanation_cn": "与空气或大气有关的；存在于或运行于空中，尤其指飞行或从上方观察的情境。",
      "example_en": "The aerial view of the city revealed its intricate network of streets and parks.",
      "example_cn": "从空中俯瞰这座城市，可以看到其错综复杂的街道和公园网络。"
    },
    {
      "pos": "adjective",
      "explanation_en": "Designed for or transmitted through the air, especially in the context of radio or television signals.",
      "explanation_cn": "专为通过空气传输而设计的，尤指无线电或电视信号的传输方式。",
      "example_en": "The station broadcasts its programs via aerial signals to reach remote areas.",
      "example_cn": "该电台通过空中信号广播节目，以覆盖偏远地区。"
    },
    {
      "pos": "noun",
      "explanation_en": "A device, typically a metal rod or wire, used for receiving or transmitting radio or television signals.",
      "explanation_cn": "一种通常为金属杆或导线的装置，用于接收或发射无线电或电视信号。",
      "example_en": "He climbed onto the roof to adjust the aerial for better reception.",
      "example_cn": "他爬上屋顶调整天线，以获得更好的接收效果。"
    }
  ],
  "comparison": [
    {
      "word_to_compare": "airborne",
      "analysis": "“Airborne” (空中的) 强调某物正在空中飞行或被空气携带，通常指动态状态（如 airborne troops 空降部队）。而 “aerial” 更侧重于与空气或空中环境相关的事物，可以是静态的（如 aerial photography 空中摄影），不一定涉及运动。"
    },
    {
      "word_to_compare": "sky",
      "analysis": "“Sky” (天空) 是一个具体的自然空间名词，指地球上方的广阔大气层。它是一个地点概念，而 “aerial” 是一个形容词或名词，描述与天空相关的属性或设备，如 aerial view（空中视角）或 aerial antenna（天线）。两者词性与语义范畴不同。"
    },
    {
      "word_to_compare": "antenna",
      "analysis": "“Antenna” (天线) 是 “aerial” 作为名词时的同义词，尤其在美式英语中更常用。但在英式英语中，“aerial” 是更传统的说法。技术上两者可互换，但 “antenna” 更常用于专业电子语境，而 “aerial” 带有更口语或传统色彩。"
    }
  ]
}