{
  "word": "aerospace",
  "pronunciation": "ey·roh·spās",
  "concise_definition": "n. 航空航天, 航空与航天工业",
  "forms": {
    "plural": "aerospaces"
  },
  "definitions": [
    {
      "pos": "noun",
      "explanation_en": "The combined domain of Earth's atmosphere and outer space, especially in the context of aircraft, spacecraft, and related technologies and industries.",
      "explanation_cn": "指地球大气层与外层空间的综合领域，尤指与飞机、航天器及相关技术、产业相关的领域。",
      "example_en": "The aerospace industry employs thousands of engineers and technicians worldwide.",
      "example_cn": "航空航天工业在全球雇佣了成千上万的工程师和技术人员。"
    },
    {
      "pos": "noun",
      "explanation_en": "A collective term for the design, development, manufacturing, and operation of vehicles that operate in both the atmosphere and space, including jets, rockets, satellites, and space shuttles.",
      "explanation_cn": "用于统称在大气层和太空中运行的飞行器的设计、研发、制造与运营，包括喷气式飞机、火箭、卫星和航天飞机等。",
      "example_en": "NASA is a leading agency in aerospace research and exploration.",
      "example_cn": "美国国家航空航天局是航空航天研究与探索的领先机构。"
    }
  ],
  "comparison": [
    {
      "word_to_compare": "aviation",
      "analysis": "“Aviation”（航空）仅指在地球大气层内的飞行活动与技术，如民用飞机、直升机、机场运营等，不涉及太空。而 “aerospace” 包含航空与航天，范围更广，涵盖从低空飞行器到轨道卫星的全部技术体系。"
    },
    {
      "word_to_compare": "astronautics",
      "analysis": "“Astronautics”（航天学）专指人类在地球大气层以外空间的飞行与探索技术，如火箭推进、轨道力学、深空探测等。它是 “aerospace” 的子集，而 “aerospace” 还包括航空部分，是更全面的综合性术语。"
    },
    {
      "word_to_compare": "defense",
      "analysis": "“Defense”（国防）是一个更宽泛的政治与军事概念，涵盖陆、海、空、网络、太空等所有军事领域。虽然航空航天技术常被用于国防，但 “aerospace” 本身是技术性术语，不必然涉及军事用途，也广泛用于民用和科研领域。"
    }
  ]
}