{
  "word": "aeronautical",
  "pronunciation": "e·roh·naw·tik·l",
  "concise_definition": "adj. 飞行的, 航空的, 航空学的",
  "forms": {
    "comparative": "aeronautical",
    "superlative": "aeronautical"
  },
  "definitions": [
    {
      "pos": "adjective",
      "explanation_en": "Relating to the science, design, operation, or technology of aircraft and flight within the Earth's atmosphere.",
      "explanation_cn": "与飞机的设计、制造、操作或航空飞行技术相关的，特指在地球大气层内的飞行活动。",
      "example_en": "The university offers a degree in aeronautical engineering.",
      "example_cn": "这所大学提供航空工程学位。"
    },
    {
      "pos": "adjective",
      "explanation_en": "Pertaining to the field of aviation, including the study of aerodynamics, propulsion systems, and flight control mechanisms.",
      "explanation_cn": "指航空领域，包括空气动力学、推进系统和飞行控制系统等的研究。",
      "example_en": "Aeronautical charts are essential for pilots navigating through controlled airspace.",
      "example_cn": "航空图对于飞行员在管制空域中航行至关重要。"
    }
  ],
  "comparison": [
    {
      "word_to_compare": "aviation",
      "analysis": "“Aviation” (航空) 是一个名词，泛指飞行活动或整个航空行业，如商业航空、私人飞行等。而 “aeronautical” 是形容词，专门用于描述与飞行器设计、技术或科学相关的属性。例如：aviation industry（航空业） vs. aeronautical engineering（航空工程）。"
    },
    {
      "word_to_compare": "astronautical",
      "analysis": "“Astronautical” (航天的) 指的是在地球大气层以外的太空飞行活动，涉及航天器、轨道力学和深空探测。而 “aeronautical” 仅限于大气层内的飞行。两者常被合称为 “aerospace”（航空航天），但技术范畴截然不同。"
    },
    {
      "word_to_compare": "aerodynamic",
      "analysis": "“Aerodynamic” (空气动力学的) 专指物体在空气中运动时与气流相互作用的特性，如阻力、升力等，是 aeronautical 工程中的一个子领域。而 “aeronautical” 范围更广，涵盖设计、制造、导航、材料等整个航空系统。"
    }
  ]
}