{
  "word": "aeronautics",
  "pronunciation": "e·roh·naw·tiks",
  "concise_definition": "n. 航空学, 航空技术",
  "forms": {
    "plural": "aeronautics"
  },
  "definitions": [
    {
      "pos": "noun",
      "explanation_en": "The science or study of the design, development, and operation of aircraft and other flying vehicles within the Earth's atmosphere, including principles of flight, aerodynamics, propulsion, and control systems.",
      "explanation_cn": "指研究在地球大气层内飞行器（如飞机、直升机等）的设计、开发与运行的科学，涵盖飞行原理、空气动力学、推进系统和控制系统等。",
      "example_en": "Aeronautics has advanced dramatically since the Wright brothers' first flight in 1903.",
      "example_cn": "自莱特兄弟1903年首次飞行以来，航空学已取得了巨大进步。"
    },
    {
      "pos": "noun",
      "explanation_en": "The practical art or activity of flying aircraft, often referring to the skills and techniques of pilots and aviation engineers.",
      "explanation_cn": "指驾驶飞行器的实际技艺或活动，常用于描述飞行员和航空工程师所掌握的技能与技术。",
      "example_en": "Her lifelong passion for aeronautics led her to become a test pilot for experimental aircraft.",
      "example_cn": "她对航空学的终生热情使她成为了一名实验性飞机的试飞员。"
    }
  ],
  "comparison": [
    {
      "word_to_compare": "aviation",
      "analysis": "“Aviation” (航空) 更侧重于飞行活动本身，包括飞行操作、航线运输、机场管理等实际应用领域，是一个更广泛、更偏实践的术语。而 “aeronautics” 更强调科学理论和技术研究，是航空活动的学术基础。"
    },
    {
      "word_to_compare": "astronautics",
      "analysis": "“Astronautics” (航天学) 指的是在地球大气层以外的太空环境中飞行器的设计与运行，如卫星、火箭和宇宙飞船。而 “aeronautics” 仅限于大气层内的飞行，两者在应用空间上有明确区分。"
    },
    {
      "word_to_compare": "aerodynamics",
      "analysis": "“Aerodynamics” (空气动力学) 是 aeronautics 的一个子领域，专门研究空气与运动物体之间的相互作用力，如升力、阻力和气流。它提供理论支持，但不涵盖整个航空系统的设计与工程。"
    }
  ]
}