{
  "word": "aeroplane",
  "pronunciation": "air·uh·pleyn",
  "concise_definition": "n. 飞机",
  "forms": {
    "plural": "aeroplanes"
  },
  "definitions": [
    {
      "pos": "noun",
      "explanation_en": "A powered, fixed-wing aircraft that is capable of sustained flight through the air, typically used for transporting passengers or cargo over long distances.",
      "explanation_cn": "一种配备动力装置、具有固定机翼的航空器，能够在空中持续飞行，通常用于长途运送乘客或货物。",
      "example_en": "The aeroplane took off from Heathrow Airport at 8 a.m. sharp.",
      "example_cn": "这架飞机于早上8点准时从希思罗机场起飞。"
    },
    {
      "pos": "noun",
      "explanation_en": "A general term for any manned flying machine that relies on wings to generate lift, distinguishing it from helicopters or airships.",
      "explanation_cn": "泛指任何依靠机翼产生升力的载人飞行器，以区别于直升机或飞艇。",
      "example_en": "In the early 20th century, the invention of the aeroplane revolutionized global travel.",
      "example_cn": "20世纪初，飞机的发明彻底改变了全球旅行方式。"
    }
  ],
  "comparison": [
    {
      "word_to_compare": "airplane",
      "analysis": "“Airplane” 是美式英语拼写，而 “aeroplane” 是英式英语拼写，两者含义完全相同，仅在地域用法上存在差异。在正式写作中，英联邦国家（如英国、澳大利亚）倾向使用 “aeroplane”，而美国普遍使用 “airplane”。"
    },
    {
      "word_to_compare": "jet",
      "analysis": "“Jet” (喷气式飞机) 特指由喷气发动机推进的飞机，是 “aeroplane” 的一个子类。所有喷气式飞机都是飞机，但并非所有飞机都是喷气式（例如螺旋桨飞机）。因此 “jet” 更具体，强调推进方式，而 “aeroplane” 是更广泛的类别术语。"
    },
    {
      "word_to_compare": "aircraft",
      "analysis": "“Aircraft” (航空器) 是一个更广泛的上位词，涵盖所有能在空中飞行的装置，包括飞机、直升机、飞艇、无人机等。而 “aeroplane” 仅指具有固定机翼的飞行器，因此 “aircraft” 的范围远大于 “aeroplane”。"
    }
  ]
}