{
  "word": "aerodynamic",
  "pronunciation": "air·oh·dy·nuh·mik",
  "concise_definition": "adj. 空气动力学的, 有助于减少空气阻力的",
  "forms": {
    "comparative": "more aerodynamic",
    "superlative": "most aerodynamic"
  },
  "definitions": [
    {
      "pos": "adjective",
      "explanation_en": "Designed or shaped to reduce air resistance and allow smooth, efficient movement through the air, often applied to vehicles, aircraft, or objects in motion.",
      "explanation_cn": "设计或造型旨在减少空气阻力，使物体在空气中运动更加顺畅高效，常用于描述车辆、飞机或其他运动物体。",
      "example_en": "The new sports car has a sleek, aerodynamic body that improves fuel efficiency and speed.",
      "example_cn": "这款新型跑车拥有流线型的空气动力学车身，提升了燃油效率和速度。"
    },
    {
      "pos": "adjective",
      "explanation_en": "Relating to the study of how air moves around objects and the forces it exerts, especially in engineering and physics contexts.",
      "explanation_cn": "与空气如何围绕物体流动及其所产生的力相关的，尤其用于工程和物理领域。",
      "example_en": "Aerodynamic principles are essential in designing wind turbines and high-speed trains.",
      "example_cn": "空气动力学原理对于设计风力涡轮机和高速列车至关重要。"
    }
  ],
  "comparison": [
    {
      "word_to_compare": "streamlined",
      "analysis": "“Streamlined”（流线型的）强调外形光滑、线条连续，以减少阻力，常用于描述外观设计；而 “aerodynamic” 更侧重于功能效果——即是否真正降低了空气动力学阻力。一个物体可以看起来是 streamlined，但若未经过科学测试，未必真正 aerodynamic。"
    },
    {
      "word_to_compare": "efficient",
      "analysis": "“Efficient”（高效的）是一个广义词，泛指以最少资源达成最大效果，可用于能源、时间、人力等；而 “aerodynamic” 是特定于空气动力环境下的效率，是 “efficient” 在空气阻力维度上的具体表现。"
    },
    {
      "word_to_compare": "drag-free",
      "analysis": "“Drag-free”（无阻力的）是理想化或理论化的说法，现实中不存在完全无阻力的物体；而 “aerodynamic” 是实际工程中追求的优化状态，意味着阻力被显著降低，但并非为零。它更贴近现实应用，而非绝对概念。"
    }
  ]
}