{
  "word": "aesthetically",
  "pronunciation": "es·thet·ik·lee",
  "concise_definition": "adv. 审美上, 美学上, 美观地",
  "forms": {
    "adjective": "aesthetic"
  },
  "definitions": [
    {
      "pos": "adverb",
      "explanation_en": "In a way that relates to beauty, artistic taste, or the appreciation of visual or sensory appeal; emphasizing harmony, balance, or pleasing form.",
      "explanation_cn": "以与美、艺术品味或视觉/感官吸引力相关的 manner；强调和谐、平衡或悦目的形式。",
      "example_en": "The room was arranged aesthetically, with soft lighting and carefully chosen artwork.",
      "example_cn": "房间以审美方式布置，配有柔和的灯光和精心挑选的艺术品。"
    },
    {
      "pos": "adverb",
      "explanation_en": "Used to describe how something is perceived or experienced in terms of its sensory or artistic qualities, often in contrast to functionality or practicality.",
      "explanation_cn": "用于描述某物在感官或艺术品质方面的感知或体验方式，常与功能性或实用性形成对比。",
      "example_en": "While the phone is functional, it is not aesthetically pleasing to many users.",
      "example_cn": "虽然这部手机功能实用，但对许多用户来说并不美观。"
    }
  ],
  "comparison": [
    {
      "word_to_compare": "beautifully",
      "analysis": "“Beautifully” (美丽地) 强调事物本身具有高度的美感，是主观的、情感化的赞美；而 “aesthetically” 更侧重于符合美学原则或设计标准，具有专业性和客观性，常用于艺术、设计语境中。"
    },
    {
      "word_to_compare": "visually",
      "analysis": "“Visually” (视觉上) 仅指通过视觉感知的方式，不必然涉及美感或艺术性；而 “aesthetically” 不仅涉及视觉，还包含对形式、风格、和谐等美学价值的判断。例如，一个布局可能视觉上清晰，但未必审美上优雅。"
    },
    {
      "word_to_compare": "stylishly",
      "analysis": "“Stylishly” (时尚地) 强调符合当前流行趋势或潮流，具有时代性；而 “aesthetically” 更关注永恒的美学原则，如比例、对称、留白等，不一定与流行相关。一个设计可以很审美但不时尚，反之亦然。"
    }
  ]
}