{
  "word": "aesthetic",
  "pronunciation": "es·thet·ik",
  "concise_definition": "n. 美学, 审美观; adj. 美学的, 审美的",
  "forms": {
    "plural": "aesthetics"
  },
  "definitions": [
    {
      "pos": "noun",
      "explanation_en": "A set of principles or beliefs concerning what is beautiful or artistically pleasing, often guiding the creation or evaluation of art, design, or culture.",
      "explanation_cn": "指一套关于何为美或艺术上令人愉悦的原则或信念，通常用于指导艺术、设计或文化的创作与评价。",
      "example_en": "The museum's exhibition reflects a minimalist aesthetic, emphasizing clean lines and neutral tones.",
      "example_cn": "该博物馆的展览体现了极简主义的审美观，强调简洁的线条和中性色调。"
    },
    {
      "pos": "adjective",
      "explanation_en": "Relating to the appreciation of beauty or good taste; having a pleasing appearance or style, often intentionally designed to be visually harmonious.",
      "explanation_cn": "与对美的欣赏或良好品位相关；具有令人愉悦的外观或风格，通常经过有意设计以达到视觉上的和谐。",
      "example_en": "She chose an aesthetic layout for her website, combining soft colors and elegant typography.",
      "example_cn": "她为自己的网站选择了一种审美的布局，融合了柔和的色彩与优雅的字体。"
    }
  ],
  "comparison": [
    {
      "word_to_compare": "beautiful",
      "analysis": "“Beautiful” (美丽的) 是一个主观的、情感化的形容词，直接描述某物令人愉悦的外观，侧重于感受。而 “aesthetic” 更强调系统性的审美原则或风格，可用于分析和设计语境，不仅限于‘美’，也可能包含‘极简’‘破碎’等非传统美感。"
    },
    {
      "word_to_compare": "artistic",
      "analysis": "“Artistic” (艺术的) 指与艺术创作或艺术家特质相关，强调技巧、创意或表达。而 “aesthetic” 更关注视觉或感官上的和谐与风格，不一定涉及艺术创作本身，例如一个产品的包装可以有‘aesthetic’但不一定是‘artistic’。"
    },
    {
      "word_to_compare": "style",
      "analysis": "“Style” (风格) 是一个更宽泛的词，泛指某种特定的表达方式，可应用于穿衣、写作、建筑等。而 “aesthetic” 更聚焦于视觉美感和感官体验，是风格中关于‘美’的那部分。一个风格可以包含多个美学元素，但美学本身不构成完整风格。"
    }
  ]
}