{
  "word": "aesthetics",
  "pronunciation": "es·thet·iks",
  "concise_definition": "n. 美学, 审美, 审美观",
  "forms": {
    "singular": "aesthetic"
  },
  "definitions": [
    {
      "pos": "noun",
      "explanation_en": "The philosophical study of beauty, art, and taste, focusing on the nature of sensory or emotional experience and how it is perceived and judged.",
      "explanation_cn": "指研究美、艺术与品位的哲学学科，关注感官或情感体验的本质，以及人们如何感知和评判这些体验。",
      "example_en": "Her thesis explores the aesthetics of modern architecture in post-war Europe.",
      "example_cn": "她的论文探讨了战后欧洲现代建筑的美学特征。"
    },
    {
      "pos": "noun",
      "explanation_en": "A particular style or set of principles concerning what is considered beautiful or visually pleasing in art, design, or fashion.",
      "explanation_cn": "指在艺术、设计或时尚中被认为美丽或视觉上令人愉悦的一种特定风格或原则体系。",
      "example_en": "The room has a minimalist aesthetic, with clean lines and neutral colors.",
      "example_cn": "这个房间具有极简主义的审美风格，线条简洁，色彩中性。"
    }
  ],
  "comparison": [
    {
      "word_to_compare": "beauty",
      "analysis": "“Beauty” (美) 是一个具体、主观的感知或属性，指某物本身具有的令人愉悦的特质；而 “aesthetics” 是对这种美的系统性研究或理论框架，是关于‘为何美’和‘如何评判美’的学问。"
    },
    {
      "word_to_compare": "style",
      "analysis": "“Style” (风格) 指某种特定的表现形式或外在特征，如穿衣风格、写作风格；而 “aesthetics” 更深层，涉及支撑这种风格的审美理念和价值判断。一个风格可以基于某种美学，但美学本身不等同于风格。"
    },
    {
      "word_to_compare": "art",
      "analysis": "“Art” (艺术) 是美学研究的对象之一，是创造性的表达形式；而 “aesthetics” 是分析艺术为何具有感染力、如何引发情感反应的理论体系。艺术是实践，美学是反思。"
    }
  ]
}