{
  "word": "af",
  "pronunciation": "af",
  "concise_definition": "adv. 极其, 非常 (俚语)",
  "forms": {
    "no_plural": true,
    "no_past_tense": true,
    "no_past_participle": true,
    "no_present_participle": true
  },
  "definitions": [
    {
      "pos": "adverb",
      "explanation_en": "An informal intensifier used to emphasize the degree of something, often in casual or online speech; equivalent to 'very' or 'extremely'.",
      "explanation_cn": "一种非正式的加强语气副词，用于强调某事物的程度，常见于口语或网络用语中，相当于‘非常’或‘极其’。",
      "example_en": "That movie was af funny.",
      "example_cn": "那部电影简直太好笑了。"
    },
    {
      "pos": "adverb",
      "explanation_en": "Used to express strong approval, excitement, or emphasis in youth or internet culture, often replacing 'as f***' in written form to avoid explicit language.",
      "explanation_cn": "在青年文化或网络语境中使用，以表达强烈的赞同、兴奋或强调，常作为 'as f***' 的委婉书面替代形式，避免使用粗俗语言。",
      "example_en": "I'm af tired of this traffic.",
      "example_cn": "我简直被这交通堵得要命。"
    }
  ],
  "comparison": [
    {
      "word_to_compare": "very",
      "analysis": "“Very” 是标准英语中常用的程度副词，语气中性、正式，适用于所有语境。而 “af” 是高度非正式的俚语，仅用于口语或网络交流，带有强烈的情感色彩和年轻化特征，不能用于书面语或正式场合。"
    },
    {
      "word_to_compare": "extremely",
      "analysis": "“Extremely” 是 “very” 的更强形式，语义更精确，仍属正式语体。而 “af” 虽在语义强度上接近，但其使用依赖语境和文化认同，不具备普遍可接受性，且常带有戏谑或夸张语气。"
    },
    {
      "word_to_compare": "super",
      "analysis": "“Super” 作为副词也用于非正式语境，表示‘非常’，但语气较温和、童趣或过时。而 “af” 更具当代网络俚语的冲击力和情绪张力，常用于表达极端情绪，语义强度和风格上都更强烈、更年轻化。"
    }
  ]
}