{
  "word": "afar",
  "pronunciation": "uh·fahr",
  "concise_definition": "adv. 在远处, 从远方",
  "forms": {
    "comparative": "farther",
    "superlative": "farthest"
  },
  "definitions": [
    {
      "pos": "adverb",
      "explanation_en": "At or from a great distance; used to describe something that is visible, audible, or detectable from far away.",
      "explanation_cn": "指在很远的距离上；用于描述某物从远处可见、可闻或可感知。",
      "example_en": "The lighthouse could be seen afar across the stormy sea.",
      "example_cn": "这座灯塔在风暴肆虐的海面上远处清晰可见。"
    },
    {
      "pos": "adverb",
      "explanation_en": "In a distant place or from a remote location, often implying travel, observation, or longing.",
      "explanation_cn": "指在遥远的地方，常暗示旅行、观察或思乡之情。",
      "example_en": "He traveled afar in search of wisdom and new cultures.",
      "example_cn": "他远赴他乡，寻求智慧与新的文化。"
    }
  ],
  "comparison": [
    {
      "word_to_compare": "far",
      "analysis": "“Far” 是形容词或副词，泛指距离远，使用范围更广，可修饰名词（如 faraway place）或作比较（far more）。而 “afar” 仅作副词，强调动作或感知发生于“远方”，常用于文学或正式语境，且多与视觉、听觉动词搭配，如 see afar, hear afar，具有更强的画面感和诗意。"
    },
    {
      "word_to_compare": "distant",
      "analysis": "“Distant” 是形容词，描述事物在空间或情感上的疏远，如 a distant relative 或 distant memory。它侧重于状态，而非动作发生的地点。而 “afar” 是副词，强调动作或观察发生的位置在远方，具有动态性。"
    },
    {
      "word_to_compare": "remote",
      "analysis": "“Remote” 通常指地理位置偏僻、人迹罕至，带有孤立、隔绝的含义，如 a remote village。它强调的是地点的封闭性，而 “afar” 仅强调距离，不隐含孤立或难以到达的意味。例如，你可以说 “I saw the mountains afar”，但不能说 “I saw the mountains remote”。"
    }
  ]
}