{
  "word": "afc",
  "pronunciation": "eɪ ef siː",
  "concise_definition": "n. 亚洲足球联合会",
  "forms": {
    "abbreviation": "AFC"
  },
  "definitions": [
    {
      "pos": "noun",
      "explanation_en": "The Asian Football Confederation, the governing body for association football, futsal, and beach soccer in Asia, responsible for organizing major continental competitions such as the AFC Asian Cup.",
      "explanation_cn": "亚洲足球联合会，是负责管理亚洲地区足球、五人制足球和沙滩足球的管理机构，负责组织亚洲杯等重大洲际赛事。",
      "example_en": "Japan won the AFC Asian Cup in 2011, defeating Australia in the final.",
      "example_cn": "日本队在2011年亚洲杯决赛中击败澳大利亚，夺得冠军。"
    }
  ],
  "comparison": [
    {
      "word_to_compare": "FIFA",
      "analysis": "“FIFA”（国际足联）是全球性的足球管理机构，负责世界杯和全球足球事务；而 “AFC” 仅限于亚洲地区，是 FIFA 的下属洲际联合会。AFC 的赛事和规则需遵循 FIFA 的总体框架。"
    },
    {
      "word_to_compare": "UEFA",
      "analysis": "“UEFA”（欧洲足球协会联盟）是欧洲的足球管理机构，与 AFC 类似，但管辖范围为欧洲。两者在组织结构、赛事体系（如欧洲杯 vs 亚洲杯）和俱乐部参赛资格（如欧冠 vs 亚冠）上平行对应，但影响力和商业价值存在显著差异。"
    },
    {
      "word_to_compare": "CONMEBOL",
      "analysis": "“CONMEBOL”（南美足联）是南美洲的足球管理机构，与 AFC 同属 FIFA 的洲际成员，但南美足球以技术流和俱乐部传统著称，而 AFC 近年来更注重基础设施建设和国家队水平的整体提升。"
    }
  ]
}