{
  "word": "affairs",
  "pronunciation": "uh·feyrz",
  "concise_definition": "n. 事务, 事项, 情况, 关系",
  "forms": {
    "singular": "affair"
  },
  "definitions": [
    {
      "pos": "noun",
      "explanation_en": "Matters or activities of a particular kind, especially those involving organization, business, or public interest; often used in plural form to refer to ongoing concerns or operations.",
      "explanation_cn": "指某一类特定的事务或活动，尤指涉及组织、商业或公共利益的事务；常以复数形式出现，指持续进行的事务或运作。",
      "example_en": "Foreign affairs are managed by the Ministry of Foreign Affairs.",
      "example_cn": "外交事务由外交部负责管理。"
    },
    {
      "pos": "noun",
      "explanation_en": "Personal matters, especially romantic or sexual relationships, often implying secrecy or impropriety.",
      "explanation_cn": "指个人事务，尤其是浪漫或性关系，常暗示隐秘或不正当的性质。",
      "example_en": "The politician was embroiled in a scandal involving personal affairs.",
      "example_cn": "这位政客因涉及私人感情纠纷而陷入丑闻。"
    },
    {
      "pos": "noun",
      "explanation_en": "A specific event, situation, or incident, often one that is notable or unusual.",
      "explanation_cn": "指一个具体的事件、情况或事端，通常指值得注意或不寻常的事件。",
      "example_en": "It was a strange affair—no one could explain what had happened.",
      "example_cn": "这是一桩怪事——没人能解释发生了什么。"
    }
  ],
  "comparison": [
    {
      "word_to_compare": "matters",
      "analysis": "“Matters” (事情) 是一个更广泛、更中性的词，泛指任何需要关注或处理的问题，可用于正式或非正式语境。而 “affairs” 更常用于指有组织性、系统性或社会性的事务，尤其在政治、外交或私人关系语境中更具特定含义。"
    },
    {
      "word_to_compare": "issues",
      "analysis": "“Issues” (问题) 通常指存在争议、需要解决或讨论的难题，带有一定负面或紧迫性色彩。而 “affairs” 更侧重于描述事务本身的存在或状态，不一定包含冲突或争议，例如“state affairs”（国家事务）是中性描述。"
    },
    {
      "word_to_compare": "business",
      "analysis": "“Business” (事务) 在口语中可与 “affairs” 互换，如 “personal business”，但 “business” 更常指商业活动或具体工作职责，而 “affairs” 范围更广，可涵盖政治、情感、公共事务等，语义更抽象、更正式。"
    }
  ]
}