{
  "word": "affair",
  "pronunciation": "uh·feyr",
  "concise_definition": "n. 事务, 事件, 私事, 情事",
  "forms": {
    "plural": "affairs"
  },
  "definitions": [
    {
      "pos": "noun",
      "explanation_en": "A matter or event, especially one of public or general interest, often involving organization, activity, or concern.",
      "explanation_cn": "指一件事务或事件，尤指具有公共或普遍关注性质的事项，常涉及组织、活动或关切。",
      "example_en": "Foreign affairs is a critical department in every government.",
      "example_cn": "外交事务是每个政府的关键部门。"
    },
    {
      "pos": "noun",
      "explanation_en": "A personal matter, especially one that is private, romantic, or scandalous, such as a love affair.",
      "explanation_cn": "指个人事务，尤其是私密的、浪漫的或丑闻性的关系，如婚外情。",
      "example_en": "The politician was forced to resign after his affair with a staff member became public.",
      "example_cn": "这位政客与一名职员的婚外情曝光后被迫辞职。"
    },
    {
      "pos": "noun",
      "explanation_en": "An activity or undertaking, often used in phrases like 'a social affair' or 'a business affair', implying a formal or organized event.",
      "explanation_cn": "指一项活动或事务，常用于短语如 '社交活动' 或 '商业事务'，暗示一种正式或有组织的事件。",
      "example_en": "The wedding was a grand affair with over two hundred guests.",
      "example_cn": "这场婚礼是一场盛大的活动，有两百多位宾客出席。"
    }
  ],
  "comparison": [
    {
      "word_to_compare": "matter",
      "analysis": "“Matter” (事情) 更中性、更广泛，可指任何需要处理或关注的问题，常用于抽象或逻辑语境（如 'It's a matter of time'）。而 “affair” 更具情境性，常暗示事件的复杂性、社会性或情感色彩，尤其在指个人私事或公共事务时更正式。"
    },
    {
      "word_to_compare": "incident",
      "analysis": "“Incident” (事件) 通常指一个具体、短暂、有时是意外或负面的事件，如事故或冲突，强调其突发性和孤立性。而 “affair” 更强调持续性、背景或社会意义，如政治事务或情感关系，不一定具有负面含义。"
    },
    {
      "word_to_compare": "business",
      "analysis": "“Business” (事务) 在指事务时多用于商业或工作语境（如 'It's none of your business'），强调责任或利益关系。而 “affair” 更广泛，可涵盖政治、社交、情感等非商业领域，且常带有更浓厚的人文或情感色彩。"
    }
  ]
}