{
  "word": "affection",
  "pronunciation": "uh·fek·shuhn",
  "concise_definition": "n. 喜爱, 感情, 友好, 爱慕",
  "forms": {
    "plural": "affections"
  },
  "definitions": [
    {
      "pos": "noun",
      "explanation_en": "A gentle feeling of fondness, warmth, or love toward someone or something, often based on personal connection or emotional attachment.",
      "explanation_cn": "指对某人或某物怀有的温和的喜欢、温暖或爱意，通常源于个人联系或情感依恋。",
      "example_en": "She showed deep affection for her grandmother, visiting her every weekend.",
      "example_cn": "她对祖母怀有深厚的爱，每周都去探望她。"
    },
    {
      "pos": "noun",
      "explanation_en": "A mild or platonic emotional bond, often expressed through small gestures, such as hugs, kind words, or thoughtful acts, without romantic or sexual connotations.",
      "explanation_cn": "指一种温和或非浪漫的情感联结，常通过拥抱、温柔的话语或体贴的行为表达，不带有浪漫或性意味。",
      "example_en": "His affection for his colleagues was evident in the way he always remembered their birthdays.",
      "example_cn": "他对同事的友好感情体现在他总记得他们的生日。"
    }
  ],
  "comparison": [
    {
      "word_to_compare": "love",
      "analysis": "“Love” (爱) 是一种更强烈、更深刻、更全面的情感，可能包含激情、承诺和牺牲，常用于亲密关系或家庭纽带中。而 “affection” 更温和、更日常，通常不涉及强烈欲望或长期承诺，更偏向于温情和亲近感。"
    },
    {
      "word_to_compare": "attachment",
      "analysis": "“Attachment” (依恋) 更侧重于心理或情感上的依赖，有时带有不安全感或占有欲，常见于心理学语境。而 “affection” 更强调积极的情感表达，是双向的、温暖的，不一定包含依赖成分。"
    },
    {
      "word_to_compare": "devotion",
      "analysis": "“Devotion” (忠诚/奉献) 强调持久的、甚至自我牺牲的投入，常用于宗教、责任或对事业的忠诚。而 “affection” 更轻柔、更自发，是情感流露而非义务驱动。"
    }
  ]
}