{
  "word": "affectionate",
  "pronunciation": "uh·fek·shuh·nuht",
  "concise_definition": "adj. 富有感情的, 温柔的, 亲昵的",
  "forms": {
    "comparative": "more affectionate",
    "superlative": "most affectionate"
  },
  "definitions": [
    {
      "pos": "adjective",
      "explanation_en": "Showing or expressing warm feelings of love, fondness, or tenderness toward someone, often through physical gestures or kind words.",
      "explanation_cn": "表现出对某人温暖的爱意、喜爱或温柔，常通过肢体动作或亲切的话语传达。",
      "example_en": "She gave her child an affectionate hug before leaving for work.",
      "example_cn": "她上班前给了孩子一个充满爱意的拥抱。"
    },
    {
      "pos": "adjective",
      "explanation_en": "Characterized by a gentle, loving nature that makes someone easily approachable and emotionally open.",
      "explanation_cn": "具有温柔、充满爱意的特质，使人容易亲近且情感外露。",
      "example_en": "His affectionate personality made him popular among his colleagues.",
      "example_cn": "他温柔亲切的性格使他在同事中很受欢迎。"
    }
  ],
  "comparison": [
    {
      "word_to_compare": "loving",
      "analysis": "“Loving” (充满爱的) 更强调深层的情感联结和无私的爱，常用于描述长期、稳定的关系，如父母对子女的爱。而 “affectionate” 更侧重于外在表现，如拥抱、亲吻或温柔言语，可以是短暂或习惯性的表达，不一定代表深刻的情感基础。"
    },
    {
      "word_to_compare": "demonstrative",
      "analysis": "“Demonstrative” (外露情感的) 指倾向于公开表达情感，不限于爱意，也可用于表达愤怒、兴奋等。它是一个更广义的词，而 “affectionate” 专指爱与温情的表达，情感色彩更正面、更具体。"
    },
    {
      "word_to_compare": "cuddly",
      "analysis": "“Cuddly” (宜于拥抱的) 通常用于形容外表柔软、令人想拥抱的人或物（如婴儿、毛绒玩具），强调的是物理上的吸引力和舒适感。而 “affectionate” 描述的是主动表达情感的行为，主体通常是人，强调情感互动而非外貌特征。"
    }
  ]
}