{
  "word": "affect",
  "pronunciation": "uh·fekt",
  "concise_definition": "v. 影响, 感染, 装出",
  "forms": {
    "third_person_singular": "affects",
    "past_tense": "affected",
    "past_participle": "affected",
    "present_participle": "affecting"
  },
  "definitions": [
    {
      "pos": "verb",
      "explanation_en": "To have an influence on or produce a change in something, often subtly or indirectly, especially in terms of behavior, condition, or emotion.",
      "explanation_cn": "指对某事物产生影响或引起变化，通常以微妙或间接的方式，尤其涉及行为、状态或情绪。",
      "example_en": "The rainy weather affected our plans for a picnic.",
      "example_cn": "阴雨天气影响了我们野餐的计划。"
    },
    {
      "pos": "verb",
      "explanation_en": "To produce a physical or psychological effect, especially in medical or emotional contexts (e.g., a disease affecting the body or someone being affected by grief).",
      "explanation_cn": "指在医学或情感语境中产生生理或心理上的作用，例如疾病影响身体，或某人因悲伤而情绪低落。",
      "example_en": "The virus affected her respiratory system, causing severe coughing.",
      "example_cn": "这种病毒影响了她的呼吸系统，导致严重咳嗽。"
    },
    {
      "pos": "verb",
      "explanation_en": "To pretend to have or feel something, especially an emotion or attitude, often for show or to deceive.",
      "explanation_cn": "指假装拥有或感受某种情绪或态度，通常是为了表现或欺骗他人。",
      "example_en": "He affected a British accent to sound more sophisticated.",
      "example_cn": "他假装带有英国口音，以显得更有教养。"
    }
  ],
  "comparison": [
    {
      "word_to_compare": "influence",
      "analysis": "“Influence” (影响) 更强调一种持续、间接或潜移默化的作用力，常用于描述观点、行为或决策的引导，语气较中性或积极。而 “affect” 更侧重于直接或即时的改变，常用于描述结果性的变化，尤其在情绪或生理层面。"
    },
    {
      "word_to_compare": "impact",
      "analysis": "“Impact” (影响/冲击) 通常指强烈、显著甚至突然的效应，常带有负面或重大后果的含义，如自然灾害或经济危机的影响。而 “affect” 更中性、更广泛，可用于轻微或日常的影响，语义范围更广。"
    },
    {
      "word_to_compare": "emotion",
      "analysis": "“Emotion” (情感) 是名词，指内心的感受状态，如喜悦、愤怒；而 “affect” 作为动词时，是导致情感变化的原因，作为名词时（心理学术语）指外在表现的情绪状态。注意：作为名词的 “affect”（/ˈæfɛkt/）与动词发音不同，常用于临床心理学，指可观察到的情绪表达。"
    }
  ]
}