{
  "word": "affecting",
  "pronunciation": "uh·fek·ting",
  "concise_definition": "adj. 感人的, 动人的; v. 影响 (affect 的现在分词形式)",
  "forms": {
    "base_form": "affect",
    "third_person_singular": "affects",
    "past_tense": "affected",
    "past_participle": "affected",
    "present_participle": "affecting"
  },
  "definitions": [
    {
      "pos": "adjective",
      "explanation_en": "Evoking strong emotion, especially sympathy, sadness, or tenderness; moving or touching in a profound way.",
      "explanation_cn": "唤起强烈情感，尤其是同情、悲伤或温柔之情；深刻地打动人心的。",
      "example_en": "The affecting performance of the young actor left the audience in tears.",
      "example_cn": "这位年轻演员感人至深的表演让观众泪流满面。"
    },
    {
      "pos": "verb",
      "explanation_en": "The present participle of 'affect', meaning to have an influence on or produce a change in something, often subtly or indirectly.",
      "explanation_cn": "是动词 'affect' 的现在分词形式，意为对某事物产生影响或引起某种变化，通常指微妙或间接的影响。",
      "example_en": "Climate change is affecting weather patterns across the globe.",
      "example_cn": "气候变化正在影响全球的天气模式。"
    }
  ],
  "comparison": [
    {
      "word_to_compare": "emotional",
      "analysis": "“Emotional” (情绪化的) 描述的是与情绪相关的事物，可能指强烈、外露或不稳定的情绪，不一定是正面或感人的。而 “affecting” 特指能引发观众或读者深层情感共鸣的，通常带有正面或温柔的感动意味。"
    },
    {
      "word_to_compare": "touching",
      "analysis": "“Touching” (感人的) 与 “affecting” 意义非常接近，常可互换，但 “touching” 更口语化、更温和，常用于描述小而温馨的瞬间；而 “affecting” 语义更正式、更深刻，常用于文学或艺术评论中，强调情感冲击力更强。"
    },
    {
      "word_to_compare": "influencing",
      "analysis": "“Influencing” (影响) 是 “affect” 的近义词，但更强调持续性、主动性的引导作用，常用于社会、经济或行为层面。而 “affecting” 作为动词时更中性，可指任何类型的影响，包括轻微或被动的；作为形容词时，它完全不用于表示‘影响’，仅用于‘感人’义项。"
    }
  ]
}