{
  "word": "affectionately",
  "pronunciation": "uh·fek·shuh·nuh·tli",
  "concise_definition": "adv. 亲切地, 充满爱意地",
  "forms": {
    "adjective": "affectionate"
  },
  "definitions": [
    {
      "pos": "adverb",
      "explanation_en": "In a manner that shows warm, tender, or loving feelings toward someone or something; characterized by fondness and emotional closeness.",
      "explanation_cn": "以一种表现出温暖、温柔或爱意的方式；充满喜爱与情感上的亲近。",
      "example_en": "She smiled affectionately at her newborn baby, whispering sweet nothings.",
      "example_cn": "她温柔地望着新生儿，轻声细语地呢喃着甜言蜜语。"
    },
    {
      "pos": "adverb",
      "explanation_en": "Used to describe actions or expressions that convey deep personal attachment or endearment, often in a gentle or sentimental way.",
      "explanation_cn": "用于描述那些传达深厚个人依恋或亲昵感的行为或表达方式，通常带有温和或感伤的色彩。",
      "example_en": "He signed the letter affectionately, 'Love, Dad.'",
      "example_cn": "他以充满爱意的口吻在信末署名：‘爱你的爸爸。’"
    }
  ],
  "comparison": [
    {
      "word_to_compare": "lovingly",
      "analysis": "“Lovingly” (充满爱地) 与 “affectionately” 极为接近，都表示基于情感的温柔表达。但 “lovingly” 更强调纯粹的爱，常用于亲密关系或母性关怀；而 “affectionately” 可用于更广泛的关系，如朋友、家人，甚至宠物，情感浓度略低，更偏重亲切感。"
    },
    {
      "word_to_compare": "fondly",
      "analysis": "“Fondly” (深情地) 强调对人或事物怀有持久的喜爱或怀念，常用于回忆或过去的关系中，带有怀旧色彩。而 “affectionately” 更侧重于当下行为中流露的温情，更具即时性和互动性。"
    },
    {
      "word_to_compare": "warmly",
      "analysis": "“Warmly” (热情地) 描述的是态度或行为上的热情与友好，可能不包含深层情感依恋，更多是礼貌或社交性的温暖。而 “affectionately” 则明确包含情感纽带，是私人化、非正式的表达。"
    }
  ]
}