{
  "word": "affects",
  "pronunciation": "uh·fekts",
  "concise_definition": "v. 影响, 感染, 装腔作势",
  "forms": {
    "third_person_singular": "affects",
    "past_tense": "affected",
    "past_participle": "affected",
    "present_participle": "affecting"
  },
  "definitions": [
    {
      "pos": "verb",
      "explanation_en": "To have an influence on or produce a change in something, often subtly or indirectly, especially in terms of behavior, condition, or outcome.",
      "explanation_cn": "指对某事物产生影响或引起变化，通常以微妙或间接的方式，尤其涉及行为、状态或结果。",
      "example_en": "The new policy will affect how employees manage their work hours.",
      "example_cn": "这项新政策将影响员工如何管理他们的工作时间。"
    },
    {
      "pos": "verb",
      "explanation_en": "To produce a physical or physiological change in a person or organism, especially due to disease or external factors.",
      "explanation_cn": "指因疾病或外部因素而对人或生物体产生生理或身体上的改变。",
      "example_en": "The virus affects the respiratory system, causing coughing and fever.",
      "example_cn": "这种病毒影响呼吸系统，导致咳嗽和发烧。"
    },
    {
      "pos": "verb",
      "explanation_en": "To pretend to have a certain emotion, quality, or attitude, often in an artificial or exaggerated way.",
      "explanation_cn": "指假装具有某种情感、品质或态度，通常带有做作或夸张的成分。",
      "example_en": "He affects a British accent to sound more sophisticated.",
      "example_cn": "他假装说英国口音，以显得更有教养。"
    }
  ],
  "comparison": [
    {
      "word_to_compare": "influence",
      "analysis": "“Influence” (影响) 更强调一种潜移默化、长期或间接的作用力，常用于人际关系、思想或文化层面，语气较温和。而 “affect” 更直接，常指具体、可观察的改变，尤其在生理或心理状态上。"
    },
    {
      "word_to_compare": "impact",
      "analysis": "“Impact” (影响/冲击) 通常指强烈、显著甚至突然的效应，常用于重大事件或后果，语义强度高于 “affect”。例如：地震影响了城市（affect），但地震对城市造成巨大冲击（impact）。"
    },
    {
      "word_to_compare": "emotion",
      "analysis": "“Emotion” (情感) 是名词，指内心的感受（如快乐、悲伤），而 “affect” 作为名词时（/ˈæfɛkt/）在心理学中特指外在表现出来的情绪状态，如面部表情或行为反应。两者词性不同，但常被混淆。此处 “affects” 是动词形式，与名词 “emotion” 无直接词义重叠。"
    }
  ]
}