{
  "word": "affiliations",
  "pronunciation": "uh·fili·ey·shuhnz",
  "concise_definition": "n. 附属关系, 联系, 会员身份",
  "forms": {
    "singular": "affiliation"
  },
  "definitions": [
    {
      "pos": "noun",
      "explanation_en": "A formal or official connection or association between an individual or organization and a larger group, institution, or cause, often implying loyalty, membership, or shared interests.",
      "explanation_cn": "指个人或组织与更大的团体、机构或事业之间正式或官方的联系，通常暗示忠诚、会员身份或共同利益。",
      "example_en": "Her affiliations with several academic societies enhanced her credibility in the field.",
      "example_cn": "她与多个学术团体的隶属关系提升了她在该领域的可信度。"
    },
    {
      "pos": "noun",
      "explanation_en": "Political, religious, or ideological associations that may influence public perception or raise questions about bias or allegiance.",
      "explanation_cn": "指可能影响公众看法或引发关于偏见或忠诚度质疑的政治、宗教或意识形态关联。",
      "example_en": "The politician's affiliations with controversial groups sparked public debate.",
      "example_cn": "这位政治家与有争议团体的关联引发了公众辩论。"
    }
  ],
  "comparison": [
    {
      "word_to_compare": "associations",
      "analysis": "“Associations” (关联/组织) 范围更广，可指任何类型的关系或正式组织，不一定带有隶属或忠诚的含义。而 “affiliations” 更强调从属关系，通常指个体或组织归属于某个上级或主流机构，隐含层级或正式接纳的意味。"
    },
    {
      "word_to_compare": "alliances",
      "analysis": "“Alliances” (联盟) 通常指两个或多个实体为共同目标而建立的战略性合作关系，强调合作与互惠，常用于政治或军事语境。而 “affiliations” 更侧重于单向的归属或从属，不必然涉及合作或协议。"
    },
    {
      "word_to_compare": "connections",
      "analysis": "“Connections” (关系/人脉) 更口语化，泛指任何类型的人际或社会联系，可能是非正式的、偶然的或利益驱动的。而 “affiliations” 更正式，通常指制度性、组织性的归属关系，具有明确的身份标识意义。"
    }
  ]
}