{
  "word": "affiliation",
  "pronunciation": "uh·fili·ay·shun",
  "concise_definition": "n. 所属关系, 联系, 附属, 会员资格",
  "forms": {
    "plural": "affiliations"
  },
  "definitions": [
    {
      "pos": "noun",
      "explanation_en": "A formal or official connection or association between an individual, organization, or group and another entity, often implying loyalty, membership, or shared purpose.",
      "explanation_cn": "指个人、组织或团体与另一实体之间正式或官方的联系或隶属关系，通常暗示着忠诚、成员身份或共同目标。",
      "example_en": "Her affiliation with the environmental NGO has led to several public awareness campaigns.",
      "example_cn": "她与这家环保非政府组织的隶属关系促成了多项公众意识宣传活动。"
    },
    {
      "pos": "noun",
      "explanation_en": "A relationship of being connected or aligned with a particular group, movement, ideology, or institution, especially in political, religious, or academic contexts.",
      "explanation_cn": "指与某一特定群体、运动、意识形态或机构的关联或一致，尤其在政治、宗教或学术语境中。",
      "example_en": "The professor's political affiliations were a topic of debate during the faculty meeting.",
      "example_cn": "这位教授的政治派别在教职员工会议上引发了争论。"
    }
  ],
  "comparison": [
    {
      "word_to_compare": "association",
      "analysis": "“Association” (关联/协会) 指两个或多个实体之间的联系，可以是正式的也可以是非正式的，范围更广，不一定包含隶属或从属关系。而 “affiliation” 更强调一种从属、归属或加入某组织的正式身份，常带有层级或忠诚意味。"
    },
    {
      "word_to_compare": "membership",
      "analysis": "“Membership” (会员资格) 专指成为某个组织或团体正式成员的状态，是 “affiliation” 的一种具体形式。所有 membership 都是 affiliation，但并非所有 affiliation 都是 membership —— 例如，某人可能因理念认同而与某组织有 affiliation，但未正式注册为会员。"
    },
    {
      "word_to_compare": "connection",
      "analysis": "“Connection” (联系) 是最宽泛的词，可指任何类型的关系，包括情感、血缘、网络或偶然的关联，不具正式性或结构性。而 “affiliation” 通常隐含制度性、组织性或长期性的关系，语义更具体、更正式。"
    }
  ]
}