{
  "word": "affinity",
  "pronunciation": "uh·fin·uh·tee",
  "concise_definition": "n. 好感, 倾向, 吸引力, 亲和力",
  "forms": {
    "plural": "affinities"
  },
  "definitions": [
    {
      "pos": "noun",
      "explanation_en": "A natural liking for or attraction to someone or something, often based on shared interests, values, or characteristics.",
      "explanation_cn": "指对某人或某物自然产生的喜爱或吸引力，通常基于共同的兴趣、价值观或特征。",
      "example_en": "She has an affinity for classical music and attends concerts regularly.",
      "example_cn": "她对古典音乐有浓厚兴趣，经常参加音乐会。"
    },
    {
      "pos": "noun",
      "explanation_en": "A close resemblance or connection between two things, especially in nature, chemistry, or biology, suggesting a natural compatibility or relationship.",
      "explanation_cn": "指两事物之间存在的密切相似性或联系，尤其在自然、化学或生物学中，暗示一种天然的相容性或关系。",
      "example_en": "There is a strong affinity between the chemical structures of these two compounds.",
      "example_cn": "这两种化合物的化学结构之间存在很强的亲和力。"
    },
    {
      "pos": "noun",
      "explanation_en": "A group or class of people who share similar interests, beliefs, or social characteristics, often used in sociological or political contexts.",
      "explanation_cn": "指具有相似兴趣、信仰或社会特征的一群人，常用于社会学或政治语境中。",
      "example_en": "The political party appealed to various affinities, including young professionals and environmental activists.",
      "example_cn": "该政党吸引了包括年轻专业人士和环保活动家在内的多个群体。"
    }
  ],
  "comparison": [
    {
      "word_to_compare": "preference",
      "analysis": "“Preference”（偏好）强调在多个选项中做出有意识的选择，通常基于理性判断或主观倾向。而 “affinity” 更偏向于一种无意识的、情感上的吸引或天然契合，不一定涉及选择过程。"
    },
    {
      "word_to_compare": "attraction",
      "analysis": "“Attraction”（吸引力）含义更广泛，可指物理、情感或性方面的吸引，常带有强烈的情感或生理色彩。而 “affinity” 更侧重于精神、智力或结构性的共鸣，情感强度通常较温和且持久。"
    },
    {
      "word_to_compare": "kinship",
      "analysis": "“Kinship”（亲属关系/血缘联系）特指基于血缘、家族或文化传承的紧密联系，具有明确的社会或生物学基础。而 “affinity” 可以是后天形成的、非血缘的联系，如兴趣、价值观或化学性质上的相似性。"
    }
  ]
}