{
  "word": "affirm",
  "pronunciation": "uh·furm",
  "concise_definition": "v. 断言, 确认, 支持, 维护",
  "forms": {
    "third_person_singular": "affirms",
    "past_tense": "affirmed",
    "past_participle": "affirmed",
    "present_participle": "affirming"
  },
  "definitions": [
    {
      "pos": "verb",
      "explanation_en": "To state something firmly or confidently, especially in the face of doubt or opposition, often to assert the truth or validity of a claim.",
      "explanation_cn": "坚定地声明某事，尤其在面对怀疑或反对时，旨在断言某一主张的真实性或有效性。",
      "example_en": "She affirmed her commitment to the project despite the challenges.",
      "example_cn": "尽管面临挑战，她仍坚定地表示对该项目的承诺。"
    },
    {
      "pos": "verb",
      "explanation_en": "To confirm or validate something officially, such as a decision, ruling, or agreement, often in a legal or formal context.",
      "explanation_cn": "在法律或正式语境中，正式确认或核准某项决定、裁决或协议。",
      "example_en": "The court affirmed the lower court's ruling on the case.",
      "example_cn": "法院确认了下级法院对该案的裁决。"
    },
    {
      "pos": "verb",
      "explanation_en": "To support or uphold a principle, belief, or value, often by words or actions that reinforce its importance.",
      "explanation_cn": "通过言语或行动支持或维护某一原则、信念或价值观，以强化其重要性。",
      "example_en": "His actions affirm the values of integrity and compassion.",
      "example_cn": "他的行为体现了正直与仁爱的价值观。"
    }
  ],
  "comparison": [
    {
      "word_to_compare": "assert",
      "analysis": "“Assert” (断言) 强调以自信或强势的方式表达观点，常带有主张权利或立场的意味，可能隐含对抗性。而 “affirm” 更侧重于确认真实性或支持已有立场，语气更稳定、更少对抗性，常用于正式或法律语境。"
    },
    {
      "word_to_compare": "confirm",
      "analysis": "“Confirm” (确认) 通常指通过证据、事实或权威来源来核实某事的真实性，强调客观验证。而 “affirm” 更多是主观的坚定表态，不一定依赖外部证据，有时甚至是在缺乏证据时仍坚持立场。"
    },
    {
      "word_to_compare": "uphold",
      "analysis": "“Uphold” (维护) 常用于法律或道德体系中，指坚持或捍卫规则、判决或原则，强调责任与义务。它与 “affirm” 在支持价值观方面有重叠，但 “uphold” 更具制度性与持续性，而 “affirm” 可以是一次性表态。"
    }
  ]
}