{
  "word": "affirmative",
  "pronunciation": "uh·furm·uh·tiv",
  "concise_definition": "adj. 肯定的, 赞成的, 是的; n. 肯定的回答",
  "forms": {
    "comparative": "more affirmative",
    "superlative": "most affirmative"
  },
  "definitions": [
    {
      "pos": "adjective",
      "explanation_en": "Expressing or indicating agreement, consent, or confirmation; not negative or denying.",
      "explanation_cn": "表达或表明同意、认可或确认；非否定或否认的。",
      "example_en": "She gave an affirmative nod when asked if she understood the instructions.",
      "example_cn": "当被问及是否理解指示时，她点头表示肯定。"
    },
    {
      "pos": "adjective",
      "explanation_en": "Characterized by a positive or assertive tone, often used to convey confidence or certainty in a statement or decision.",
      "explanation_cn": "具有积极或坚定的语气，常用于表达对陈述或决定的自信与确定性。",
      "example_en": "The manager gave an affirmative response to the proposal, signaling strong support.",
      "example_cn": "经理对这项提案给出了肯定的答复，表明了强有力的支持。"
    },
    {
      "pos": "noun",
      "explanation_en": "A word or gesture used to express agreement, such as 'yes' or a nod.",
      "explanation_cn": "用于表达同意的词语或手势，如‘是的’或点头。",
      "example_en": "The judge waited for an affirmative from the witness before proceeding.",
      "example_cn": "法官在继续之前等待证人给出肯定的回答。"
    }
  ],
  "comparison": [
    {
      "word_to_compare": "positive",
      "analysis": "“Positive” (积极的) 范围更广，可指态度、情绪、结果或科学上的阳性反应，强调正面性或肯定性，但不一定涉及同意。而 “affirmative” 更具体地指向对问题、请求或陈述的明确认可或答复，常用于对话或正式回应中。"
    },
    {
      "word_to_compare": "yes",
      "analysis": "“Yes” 是最直接、口语化的肯定回答，通常作为独立词使用。而 “affirmative” 更正式、书面化，常见于军事、航空、法律或专业语境中，语气更庄重，有时用于避免歧义（如无线电通讯中）。"
    },
    {
      "word_to_compare": "confirmatory",
      "analysis": "“Confirmatory” (确认性的) 强调通过证据或行动来验证某事的真实性，侧重于“证实”过程。而 “affirmative” 更侧重于表达主观的同意或接受，不一定伴随证据支持。例如，一个证人说‘是的’是 affirmative，而DNA检测结果是 confirmatory。"
    }
  ]
}