{
  "word": "affirming",
  "pronunciation": "uh·furm·ing",
  "concise_definition": "adj. 肯定的, 支持的, 确认的",
  "forms": {
    "base_form": "affirm",
    "comparative": "more affirming",
    "superlative": "most affirming"
  },
  "definitions": [
    {
      "pos": "adjective",
      "explanation_en": "Providing reassurance, validation, or positive recognition that supports someone's feelings, identity, or beliefs, often fostering confidence and emotional well-being.",
      "explanation_cn": "提供安慰、认可或积极的肯定，支持某人的情感、身份或信念，通常有助于增强自信和情绪健康。",
      "example_en": "Her affirming words helped me feel seen and valued after a long period of self-doubt.",
      "example_cn": "她在长期自我怀疑之后，用肯定的话语让我感到被看见和被重视。"
    },
    {
      "pos": "adjective",
      "explanation_en": "Characterized by the act of stating something as true or valid, especially in a firm or confident manner, often to reinforce a principle or decision.",
      "explanation_cn": "以坚定或自信的方式声明某事为真实或有效，常用于强化某一原则或决定。",
      "example_en": "The judge's affirming ruling upheld the lower court's decision.",
      "example_cn": "法官的肯定性裁决维持了下级法院的判决。"
    }
  ],
  "comparison": [
    {
      "word_to_compare": "encouraging",
      "analysis": "“Encouraging”（鼓励的）侧重于激发动力、希望或勇气，常用于激励他人采取行动或克服困难。而 “affirming” 更强调对已有状态、身份或感受的确认与认可，不必然推动改变，而是肯定现状的价值。"
    },
    {
      "word_to_compare": "supportive",
      "analysis": "“Supportive”（支持的）含义更广泛，可指提供物质、情感或行动上的帮助，范围涵盖从倾听、帮助到资源提供。“Affirming” 是一种特定类型的支持，专指语言或行为上对个体价值、信念或身份的正面确认，更具心理和情感针对性。"
    },
    {
      "word_to_compare": "assertive",
      "analysis": "“Assertive”（自信的/断言的）强调清晰、坚定地表达观点或权利，有时可能带有对抗性或主导性。而 “affirming” 是以建设性、接纳性的方式确认他人或事物的真实性，其语气更温和、包容，旨在建立联结而非主张权力。"
    }
  ]
}