{
  "word": "affiliated",
  "pronunciation": "uh·fil·ee·ay·tuhd",
  "concise_definition": "adj. 附属的, 联系的, 加入的",
  "forms": {
    "base_form": "affiliate",
    "plural": "affiliated",
    "adverb": "affiliatedly",
    "noun": "affiliation"
  },
  "definitions": [
    {
      "pos": "adjective",
      "explanation_en": "Connected or associated with a larger organization, institution, or group, often through formal ties or official recognition.",
      "explanation_cn": "与一个更大的组织、机构或团体有联系，通常通过正式关系或官方认可建立。",
      "example_en": "The local clinic is affiliated with a major university hospital.",
      "example_cn": "这家地方诊所与一家大型大学医院有附属关系。"
    },
    {
      "pos": "adjective",
      "explanation_en": "Belonging to or aligned with a particular cause, movement, or ideology, often by choice or shared values.",
      "explanation_cn": "属于或与某一特定事业、运动或意识形态保持一致，通常是出于自愿或价值观的契合。",
      "example_en": "She is an affiliated member of the environmental advocacy group.",
      "example_cn": "她是该环保倡导组织的附属成员。"
    }
  ],
  "comparison": [
    {
      "word_to_compare": "associated",
      "analysis": "“Associated” (关联的) 指两个事物之间存在某种联系，但这种联系可能是松散的、非正式的或临时的。而 “affiliated” 强调更正式、制度化或组织化的隶属关系，通常有明确的章程或协议支持。"
    },
    {
      "word_to_compare": "connected",
      "analysis": "“Connected” (连接的) 是一个更宽泛、更口语化的词，可用于物理、情感或社会关系，不强调组织结构。而 “affiliated” 专指在组织体系中的从属或加盟关系，具有更强的结构性和权威性。"
    },
    {
      "word_to_compare": "aligned",
      "analysis": "“Aligned” (对齐的/一致的) 强调立场、目标或利益上的协调一致，常用于政治、战略或意识形态语境，但不一定意味着正式隶属。而 “affiliated” 不仅表示一致，还意味着正式加入或归属于某个实体。"
    }
  ]
}