{
  "word": "affirmation",
  "pronunciation": "uh·furm·ey·shuhn",
  "concise_definition": "n. 肯定, 断言, 确认, 积极肯定语",
  "forms": {
    "plural": "affirmations"
  },
  "definitions": [
    {
      "pos": "noun",
      "explanation_en": "A confident and forceful statement of fact or belief, often used to assert something as true or valid, especially in legal, religious, or formal contexts.",
      "explanation_cn": "一种自信而有力的事实或信念陈述，常用于在法律、宗教或正式场合中断言某事为真或有效。",
      "example_en": "The witness gave a solemn affirmation that she had seen the suspect at the scene.",
      "example_cn": "证人庄严地断言她曾在现场看到过嫌疑人。"
    },
    {
      "pos": "noun",
      "explanation_en": "A positive statement repeated to reinforce self-belief, promote confidence, or encourage personal growth, commonly used in psychology and self-help practices.",
      "explanation_cn": "一种重复使用的积极陈述，用于强化自我信念、提升自信或促进个人成长，常见于心理学和自我提升实践中。",
      "example_en": "She starts each day with the affirmation: 'I am capable and worthy of success.'",
      "example_cn": "她每天以这句话开始新的一天：'我有能力，也配得上成功。'"
    }
  ],
  "comparison": [
    {
      "word_to_compare": "assertion",
      "analysis": "“Assertion”（断言）与 “affirmation” 非常接近，都表示坚定地陈述某事。但 “assertion” 更强调通过逻辑或证据主张某种观点，可能带有辩论或对抗性；而 “affirmation” 更侧重于确认、支持或肯定某种既定事实或信念，语气更稳定、更少争议。"
    },
    {
      "word_to_compare": "declaration",
      "analysis": "“Declaration”（声明）通常指正式、公开地宣布某事，常用于官方、政治或法律语境，如宣布独立或战争。它强调程序性和权威性，而 “affirmation” 更侧重于个人或内在信念的确认，不一定具有公开性或仪式性。"
    },
    {
      "word_to_compare": "positive affirmation",
      "analysis": "“Positive affirmation” 是 “affirmation” 在心理自助语境中的特化形式，专指用于重塑思维模式的积极语句。虽然所有 ‘positive affirmations’ 都是 ‘affirmations’，但并非所有 ‘affirmations’ 都是 ‘positive’ 的——例如法律上的断言可能是中性甚至负面的。因此，后者是前者的子集。"
    }
  ]
}