{
  "word": "affiliates",
  "pronunciation": "uh·fil·ee·ayts",
  "concise_definition": "n. 附属机构, 附属成员, 合作伙伴",
  "forms": {
    "singular": "affiliate"
  },
  "definitions": [
    {
      "pos": "noun",
      "explanation_en": "An organization or individual that is officially connected to or associated with a larger organization, often through formal agreements, shared goals, or branding, but remains legally independent.",
      "explanation_cn": "指与一个更大组织正式关联或联系的机构或个人，通常通过正式协议、共同目标或品牌合作，但保持法律上的独立性。",
      "example_en": "The nonprofit works with dozens of local affiliates to deliver services across the country.",
      "example_cn": "这家非营利组织与数十个地方附属机构合作，为全国提供服务。"
    },
    {
      "pos": "noun",
      "explanation_en": "In marketing, a person or company that promotes another organization's products or services in exchange for a commission, often through online platforms or referral links.",
      "explanation_cn": "在营销中，指通过在线平台或推荐链接推广其他组织的产品或服务，并从中获得佣金的个人或公司。",
      "example_en": "The e-commerce site pays its affiliates a 10% commission for every sale generated through their referral links.",
      "example_cn": "该电子商务网站通过其推荐链接每产生一笔销售，就向附属合作伙伴支付10%的佣金。"
    }
  ],
  "comparison": [
    {
      "word_to_compare": "subsidiary",
      "analysis": "“Subsidiary”（子公司）指被另一家公司完全或部分控股的法律实体，通常在财务和管理上受母公司控制。而 “affiliate” 虽然有关联，但不一定是控股关系，独立性更强，控制权更弱。"
    },
    {
      "word_to_compare": "partner",
      "analysis": "“Partner”（合作伙伴）强调双方在项目或业务中平等协作、共同承担风险与收益，关系更对等。而 “affiliate” 通常是单向依赖或从属关系，一方为主导，另一方为辅助推广或执行者。"
    },
    {
      "word_to_compare": "branch",
      "analysis": "“Branch”（分支机构）是母公司的直接延伸，属于同一法律实体，受总部统一管理。而 “affiliate” 是独立法人，虽与主组织有关联，但拥有自己的管理结构和法律身份。"
    }
  ]
}