{
  "word": "affluent",
  "pronunciation": "af·flu·ent",
  "concise_definition": "adj. 富裕的, 丰裕的",
  "forms": {
    "comparative": "more affluent",
    "superlative": "most affluent"
  },
  "definitions": [
    {
      "pos": "adjective",
      "explanation_en": "Having a great deal of money, property, or other material goods; characterized by wealth and abundance.",
      "explanation_cn": "拥有大量金钱、财产或其他物质财富的；以富裕和丰裕为特征的。",
      "example_en": "The affluent neighborhood was filled with luxury cars and large, beautifully landscaped homes.",
      "example_cn": "这个富裕的社区里停满了豪华汽车，房屋宽敞且园林景观优美。"
    },
    {
      "pos": "adjective",
      "explanation_en": "Flowing in abundance; describing a steady and plentiful supply of something, often used metaphorically for resources or opportunities.",
      "explanation_cn": "形容某物丰沛流淌；常用于隐喻性地描述资源或机会的充足供应。",
      "example_en": "The region is affluent in natural resources, including oil and minerals.",
      "example_cn": "该地区自然资源丰富，包括石油和矿产。"
    }
  ],
  "comparison": [
    {
      "word_to_compare": "wealthy",
      "analysis": "“Wealthy” (富有的) 是最直接的同义词，强调拥有大量财富，常用于描述个人或家庭的经济状况。而 “affluent” 更具书面语色彩，常用于描述群体、社区或社会阶层的整体富裕状态，语气更正式、更温和。"
    },
    {
      "word_to_compare": "rich",
      "analysis": "“Rich” (富有的) 用法更广泛，既可指金钱财富，也可指非金钱的丰富（如 rich in experience）。它更口语化，有时带有主观色彩（如“rich man”可能隐含贬义）。“Affluent” 则几乎专指经济上的富裕，且通常不含价值判断，更中性、客观。"
    },
    {
      "word_to_compare": "prosperous",
      "analysis": "“Prosperous” (繁荣的) 强调经济上的成功和兴旺，常用于描述国家、地区或企业的整体发展状态，隐含持续增长和稳定繁荣的含义。“Affluent” 更侧重于当前的物质拥有状态，不一定包含成长或发展的动态过程。"
    }
  ]
}