{
  "word": "afflicted",
  "pronunciation": "uh·flik·tid",
  "concise_definition": "adj. 受苦的, 受折磨的, 患病的",
  "forms": {
    "base_form": "afflict",
    "present_participle": "afflicting",
    "past_tense": "afflicted",
    "past_participle": "afflicted"
  },
  "definitions": [
    {
      "pos": "adjective",
      "explanation_en": "Suffering from physical pain, illness, or emotional distress; deeply troubled or tormented by a condition or circumstance.",
      "explanation_cn": "遭受身体疼痛、疾病或情感痛苦的；被某种状况或环境深深折磨或困扰的。",
      "example_en": "The afflicted villagers had no access to clean water or medical care.",
      "example_cn": "这些受苦的村民无法获得干净的水或医疗护理。"
    },
    {
      "pos": "adjective",
      "explanation_en": "Used to describe someone who is the victim of a widespread or severe problem, often with a tone of sympathy or solemnity.",
      "explanation_cn": "用于描述遭受广泛或严重问题困扰的人，常带有同情或庄重的语气。",
      "example_en": "The charity provides aid to the afflicted families affected by the earthquake.",
      "example_cn": "该慈善机构为地震中受影响的家庭提供援助。"
    }
  ],
  "comparison": [
    {
      "word_to_compare": "suffering",
      "analysis": "“Suffering” (受苦) 是一个更通用的词，可作名词或动词，强调经历痛苦的过程，不特指由外部因素引起的长期状态。而 “afflicted” 更强调被某种具体疾病、灾难或不幸所击中，常带有被动和沉重的意味，多用于书面或正式语境。"
    },
    {
      "word_to_compare": "distressed",
      "analysis": "“Distressed” (痛苦的、焦虑的) 更侧重心理或情绪上的不安与焦虑，常用于描述短期或可缓解的情绪状态。而 “afflicted” 通常指更持久、更严重的身心折磨，可能涉及生理疾病或灾难性事件，情感色彩更沉重。"
    },
    {
      "word_to_compare": "tormented",
      "analysis": "“Tormented” (备受折磨的) 强调持续的、剧烈的精神或肉体痛苦，常带有主观的、近乎残酷的压迫感，如内疚、恐惧或幻觉带来的折磨。而 “afflicted” 更中性，常用于描述客观存在的疾病或灾难造成的痛苦，不必然包含心理层面的煎熬。"
    }
  ]
}