{
  "word": "affliction",
  "pronunciation": "uh·flik·shun",
  "concise_definition": "n. 痛苦, 疾病, 灾难, 苦难",
  "forms": {
    "plural": "afflictions"
  },
  "definitions": [
    {
      "pos": "noun",
      "explanation_en": "A state of pain, suffering, or distress caused by illness, hardship, or misfortune, often implying a prolonged or severe condition.",
      "explanation_cn": "指由疾病、艰难处境或不幸引起的痛苦、折磨或精神困扰，通常暗示一种持久或严重的状态。",
      "example_en": "The elderly man endured many afflictions in his later years, including arthritis and vision loss.",
      "example_cn": "这位老人晚年饱受多种病痛折磨，包括关节炎和视力丧失。"
    },
    {
      "pos": "noun",
      "explanation_en": "A cause of suffering or a source of persistent trouble, often used in a metaphorical or spiritual context to describe trials sent by fate or divine will.",
      "explanation_cn": "指造成痛苦的根源或持续的困扰，常用于隐喻或宗教语境中，表示命运或神意所降下的考验。",
      "example_en": "In many religious texts, poverty and illness are seen as afflictions meant to test one's faith.",
      "example_cn": "在许多宗教典籍中，贫穷和疾病被视为考验信仰的苦难。"
    }
  ],
  "comparison": [
    {
      "word_to_compare": "disease",
      "analysis": "“Disease” (疾病) 是一个医学术语，特指身体或心理功能的病理状态，具有明确的生理或生化基础。而 “affliction” 范围更广，可包括疾病，也涵盖精神痛苦、经济困境、自然灾害等非医学意义上的苦难。"
    },
    {
      "word_to_compare": "suffering",
      "analysis": "“Suffering” (痛苦) 是一个更广泛、更主观的情感体验，泛指任何形式的身心痛苦，不一定有具体原因。而 “affliction” 更强调痛苦的来源——它通常指某种外在的、可识别的灾祸或压迫性力量，具有更强的客观性和具体性。"
    },
    {
      "word_to_compare": "plague",
      "analysis": "“Plague” (瘟疫/灾祸) 通常指大规模、突发性的灾难，尤其指传染病或神罚式的集体灾难，带有强烈的历史或宗教色彩。而 “affliction” 更常用于个体或小范围的持续性苦难，语义更温和、更个人化。"
    }
  ]
}