{
  "word": "affleck",
  "pronunciation": "uh·flek",
  "concise_definition": "n. 阿弗莱克（姓氏）",
  "forms": {
    "plural": "Afflecks"
  },
  "definitions": [
    {
      "pos": "noun",
      "explanation_en": "A surname, most notably associated with the American actor and filmmaker Ben Affleck and his brother, actor Matt Affleck.",
      "explanation_cn": "一个姓氏，最著名的是与美国演员兼电影制作人本·阿弗莱克及其弟弟、演员马特·阿弗莱克相关。",
      "example_en": "Ben Affleck won an Academy Award for Best Original Screenplay for Good Will Hunting.",
      "example_cn": "本·阿弗莱克因《心灵捕手》获得奥斯卡最佳原创剧本奖。"
    }
  ]
}
