{
  "word": "affordable",
  "pronunciation": "uh·fawr·duh·buhl",
  "concise_definition": "adj. 负担得起的, 价格合理的",
  "forms": {
    "comparative": "more affordable",
    "superlative": "most affordable"
  },
  "definitions": [
    {
      "pos": "adjective",
      "explanation_en": "Priced at a level that most people can reasonably pay without financial strain, implying good value for money.",
      "explanation_cn": "指价格处于大多数人能够合理承担的水平，不会造成经济压力，通常意味着物有所值。",
      "example_en": "The new smartphone offers high-end features at an affordable price.",
      "example_cn": "这款新智能手机以合理的价格提供了高端功能。"
    },
    {
      "pos": "adjective",
      "explanation_en": "Accessible or attainable in terms of cost, time, or effort, not limited to monetary value but also applicable to resources or opportunities.",
      "explanation_cn": "不仅限于金钱成本，也可指在时间、精力或资源上易于获得或实现的，强调可及性与可行性。",
      "example_en": "Quality healthcare should be affordable for every citizen.",
      "example_cn": "优质的医疗服务应当为每一位公民所负担得起。"
    }
  ],
  "comparison": [
    {
      "word_to_compare": "cheap",
      "analysis": "“Cheap”（便宜的）通常仅强调价格低，但可能隐含质量差或低劣的负面含义；而 “affordable” 强调价格合理且与价值相称，不贬低品质，是更中性甚至积极的表达。"
    },
    {
      "word_to_compare": "inexpensive",
      "analysis": "“Inexpensive”（价格低廉的）与 “affordable” 都表示价格不高，但 “inexpensive” 更侧重于绝对价格低，而 “affordable” 更强调消费者是否有能力支付，带有主观性和情境依赖性。例如，一件昂贵的奢侈品对富人来说可能是 affordable，但对穷人则不是。"
    },
    {
      "word_to_compare": "reasonable",
      "analysis": "“Reasonable”（合理的）是一个更宽泛的形容词，可用于价格、要求、行为等，强调合乎情理；而 “affordable” 专指经济负担能力，语义范围更窄、更具体。两者可重叠，但 “affordable” 更聚焦于财务可行性。"
    }
  ]
}