{
  "word": "afghan",
  "pronunciation": "af·gan",
  "concise_definition": "n. 阿富汗人, 阿富汗语; adj. 阿富汗的; n. 阿富汗毛毯",
  "forms": {
    "plural": "afghans"
  },
  "definitions": [
    {
      "pos": "noun",
      "explanation_en": "A person from Afghanistan, or of Afghan descent; also refers to the official languages of Afghanistan, primarily Dari and Pashto.",
      "explanation_cn": "指来自阿富汗的人，或具有阿富汗血统的人；也可指阿富汗的官方语言，主要是达里语和普什图语。",
      "example_en": "Many Afghan refugees have settled in neighboring countries after decades of conflict.",
      "example_cn": "经过数十年的冲突，许多阿富汗难民已在邻国定居。"
    },
    {
      "pos": "adjective",
      "explanation_en": "Relating to Afghanistan, its people, culture, or products.",
      "explanation_cn": "与阿富汗、其人民、文化或产品相关的。",
      "example_en": "Afghan carpets are renowned for their intricate designs and high-quality wool.",
      "example_cn": "阿富汗地毯以其复杂的图案和优质羊毛而闻名。"
    },
    {
      "pos": "noun",
      "explanation_en": "A type of knitted or crocheted blanket, often made of wool and featuring colorful geometric patterns, traditionally associated with Afghanistan.",
      "explanation_cn": "一种针织或钩编的毛毯，通常由羊毛制成，带有彩色几何图案，传统上与阿富汗相关。",
      "example_en": "She draped the soft afghan over the couch to keep warm during the winter evenings.",
      "example_cn": "她在冬天的傍晚把柔软的阿富汗毛毯搭在沙发上保暖。"
    }
  ],
  "comparison": [
    {
      "word_to_compare": "afghani",
      "analysis": "“Afghani” (阿富汗尼) 是阿富汗的官方货币单位，与 “afghan”（指人或物）不同。虽然拼写相似，但语义完全不同：前者是金融术语，后者是民族、语言或物品的名称。例如：100 afghani = 1 afghan currency unit，而 “an afghan” 指的是人或毛毯。"
    },
    {
      "word_to_compare": "pakistan",
      "analysis": "“Pakistan” 是阿富汗的邻国，但两者在民族、语言和文化上虽有重叠（如普什图族横跨两国），但 “afghan” 特指与阿富汗国家身份直接相关的人或物，而 “pakistan” 指的是另一个主权国家，不可互换。"
    },
    {
      "word_to_compare": "carpet",
      "analysis": "“Carpet” (地毯) 是一个通用词，泛指任何铺在地上的织物，而 “afghan” 作为名词特指一种具有阿富汗风格的毛毯，通常用于沙发或床上，而非地面铺设。两者在用途、尺寸和文化语境上均有区别。"
    }
  ]
}