{
  "word": "afghanistan",
  "pronunciation": "af·gah·nis·tahn",
  "concise_definition": "n. 阿富汗（中亚国家）",
  "forms": {
    "proper_noun": "Afghanistan"
  },
  "definitions": [
    {
      "pos": "noun",
      "explanation_en": "A landlocked country in Central Asia, bordered by Pakistan, Iran, Turkmenistan, Uzbekistan, Tajikistan, and China; historically a crossroads of civilizations and a region of geopolitical significance.",
      "explanation_cn": "位于中亚的内陆国家，与巴基斯坦、伊朗、土库曼斯坦、乌兹别克斯坦、塔吉克斯坦和中国接壤；历史上是文明交汇之地，具有重要的地缘政治意义。",
      "example_en": "Afghanistan has endured decades of conflict, from Soviet occupation to Taliban rule and international intervention.",
      "example_cn": "阿富汗经历了数十年的冲突，从苏联占领到塔利班统治，再到国际干预。"
    },
    {
      "pos": "noun",
      "explanation_en": "The people, culture, or national identity associated with the country of Afghanistan, including its diverse ethnic groups such as Pashtuns, Tajiks, Hazaras, and Uzbeks.",
      "explanation_cn": "与阿富汗国家相关的人民、文化或民族认同，包括普什图人、塔吉克人、哈扎拉人和乌兹别克人等多元民族群体。",
      "example_en": "Afghanistan's rich tradition of poetry and music reflects its deep cultural heritage.",
      "example_cn": "阿富汗丰富的诗歌与音乐传统反映了其深厚的文化遗产。"
    }
  ],
  "comparison": [
    {
      "word_to_compare": "pakistan",
      "analysis": "“Pakistan”（巴基斯坦）是阿富汗的邻国，同属南亚与中亚交界地带，两国共享普什图族文化与漫长边境线，但巴基斯坦为伊斯兰共和国，人口更多、经济结构更依赖农业与制造业，而阿富汗长期处于战乱与部落社会结构中。"
    },
    {
      "word_to_compare": "iran",
      "analysis": "“Iran”（伊朗）是阿富汗的西部邻国，以波斯文化为主导，官方语言为波斯语，而阿富汗虽有波斯语（达里语）为官方语言之一，但民族构成更复杂，且伊朗为什叶派主导，阿富汗则以逊尼派为主。两国在宗教与地缘政治上存在差异。"
    },
    {
      "word_to_compare": "tajikistan",
      "analysis": "“Tajikistan”（塔吉克斯坦）是阿富汗的北部邻国，主要民族为塔吉克人，语言与文化与阿富汗北部的塔吉克群体高度相似，但塔吉克斯坦曾为苏联加盟共和国，政治体制更集中，而阿富汗长期缺乏中央集权，部落与地方势力影响深远。"
    }
  ]
}