{
  "word": "afl",
  "pronunciation": "æf·el",
  "concise_definition": "n. 澳式足球联盟（Australian Football League）",
  "forms": {
    "full_form": "Australian Football League"
  },
  "definitions": [
    {
      "pos": "noun",
      "explanation_en": "The premier professional competition for Australian rules football, featuring teams from across Australia and serving as the highest level of the sport in the country.",
      "explanation_cn": "澳大利亚澳式足球的最高级别职业联赛，汇集了来自澳大利亚各地的球队，是该国澳式足球运动的最高竞技平台。",
      "example_en": "The AFL Grand Final is one of the most-watched sporting events in Australia each year.",
      "example_cn": "澳式足球联盟总决赛是每年澳大利亚收视率最高的体育赛事之一。"
    }
  ],
  "comparison": [
    {
      "word_to_compare": "NFL",
      "analysis": "“NFL”（国家橄榄球联盟）是美国职业美式橄榄球的顶级联赛，强调身体对抗、战术阵型和短时间爆发力；而 “AFL” 是澳式足球的顶级联赛，比赛场地更大、节奏更快、更注重持续奔跑、高空争球和团队配合，规则和文化背景截然不同。"
    },
    {
      "word_to_compare": "Premier League",
      "analysis": "“Premier League”（英格兰足球超级联赛）是全球最知名的足球（soccer）联赛，使用圆形球和脚部控球；而 “AFL” 使用椭圆形球，允许手抛、踢球和身体冲撞，规则更接近于美式橄榄球与足球的混合体，属于完全不同的运动体系。"
    },
    {
      "word_to_compare": "NRL",
      "analysis": "“NRL”（国家橄榄球联盟，National Rugby League）是澳大利亚和新西兰的顶级职业橄榄球联盟（rugby league），比赛以持球奔跑、擒抱和攻防转换为主；而 “AFL” 虽然也有身体对抗，但更强调踢球得分、高空争球和长距离传球，运动形式和得分机制差异显著。"
    }
  ]
}