{
  "word": "afloat",
  "pronunciation": "uh·flōt",
  "concise_definition": "adj. 漂浮的, 有资金维持的, 未破产的",
  "forms": {
    "comparative": "more afloat",
    "superlative": "most afloat"
  },
  "definitions": [
    {
      "pos": "adjective",
      "explanation_en": "Floating on water; not sinking or submerged.",
      "explanation_cn": "漂浮在水面上；未下沉或淹没。",
      "example_en": "The small boat stayed afloat despite the rough waves.",
      "example_cn": "尽管波涛汹涌，小船仍漂浮在水面上。"
    },
    {
      "pos": "adjective",
      "explanation_en": "Financially solvent; able to remain operational or avoid bankruptcy by maintaining sufficient funds or credit.",
      "explanation_cn": "财务上未破产的；能够通过维持足够的资金或信用来维持运营。",
      "example_en": "The company managed to stay afloat during the economic downturn by cutting costs and securing a loan.",
      "example_cn": "该公司通过削减成本并获得贷款，在经济衰退期间得以维持运营。"
    },
    {
      "pos": "adjective",
      "explanation_en": "In a state of temporary stability or continuation, often despite difficulties; not yet settled or resolved.",
      "explanation_cn": "处于一种暂时的稳定或持续状态，尽管面临困难；尚未解决或确定。",
      "example_en": "His career was afloat after the scandal, but no one knew how long it would last.",
      "example_cn": "丑闻之后他的事业尚在维持，但没人知道能持续多久。"
    }
  ],
  "comparison": [
    {
      "word_to_compare": "floating",
      "analysis": "“Floating” 是 “afloat” 的动词形式的形容词化，更侧重于物理上的漂浮状态，常用于描述物体在液体表面的状态，如“a floating leaf”。而 “afloat” 更常用于比喻义，尤其在财务或生存语境中，强调维持运转或避免沉没的动态过程。"
    },
    {
      "word_to_compare": "solvent",
      "analysis": "“Solvent” (有偿付能力的) 是一个更正式、更精确的财务术语，专指资产大于负债的法律和会计状态。而 “afloat” 更口语化，强调的是“勉强维持”的状态，不一定达到真正的财务健康，可能只是暂时避免破产。"
    },
    {
      "word_to_compare": "surviving",
      "analysis": "“Surviving” (幸存) 强调在危机或逆境中存活下来，常用于生命或存在层面，如“surviving a war”。而 “afloat” 更强调在持续的压力下保持功能或运转，尤其适用于组织、经济或情绪层面的“不沉没”，带有更强的持续性与动态维持的意味。"
    }
  ]
}