{
  "word": "aforementioned",
  "pronunciation": "aw·fuhr·mehn·shuhnd",
  "concise_definition": "adj. 前述的, 上文提到的",
  "definitions": [
    {
      "pos": "adjective",
      "explanation_en": "Referring to something that has been mentioned or stated earlier in a text, conversation, or document, typically used to avoid repetition and maintain clarity.",
      "explanation_cn": "指在文本、对话或文件中先前已提及或陈述过的事物，常用于避免重复并保持表达清晰。",
      "example_en": "The aforementioned policy will be implemented next quarter.",
      "example_cn": "前述政策将于下个季度实施。"
    }
  ],
  "comparison": [
    {
      "word_to_compare": "previous",
      "analysis": "“Previous” (先前的) 指时间或顺序上紧接在当前之前的事物，强调时间上的先后关系，不一定出现在同一文本中。而 “aforementioned” 特指在同一语境或文本中前面已经提到的内容，具有更强的语篇指向性。"
    },
    {
      "word_to_compare": "aforementioned",
      "analysis": "“Prior” (之前的) 与 “previous” 类似，多用于正式语境，强调时间或逻辑上的优先性，但不必然与上下文中的具体提及相关。而 “aforementioned” 是一个明确的指代词，专用于回指前文内容，具有文本内指称功能。"
    },
    {
      "word_to_compare": "above-mentioned",
      "analysis": "“Above-mentioned” 与 “aforementioned” 意义几乎完全相同，都表示“上文提到的”，常可互换使用。区别在于语体偏好：“aforementioned” 更常见于法律、学术或正式文件中，而 “above-mentioned” 在现代英语中略显口语化或非正式，但两者在含义上无实质差异。"
    }
  ]
}
