{
  "word": "afp",
  "pronunciation": "æfˈpiː",
  "concise_definition": "n. 法新社（法国新闻社）",
  "forms": {
    "abbreviation": "AFP"
  },
  "definitions": [
    {
      "pos": "noun",
      "explanation_en": "Agence France-Presse, the French national news agency, founded in 1835, and one of the world's oldest and largest international news agencies, providing news coverage in multiple languages to media outlets globally.",
      "explanation_cn": "法新社（Agence France-Presse），成立于1835年的法国国家通讯社，是全球历史最悠久、规模最大的国际新闻机构之一，以多种语言向全球媒体提供新闻报道。",
      "example_en": "The breaking news about the summit was first reported by AFP.",
      "example_cn": "关于峰会的突发新闻最初由法新社报道。"
    }
  ],
  "comparison": [
    {
      "word_to_compare": "AP",
      "analysis": "“AP”（美联社，Associated Press）是美国最大的新闻通讯社，与AFP同为全球主要新闻来源。两者都提供客观、快速的国际新闻，但AP主要以英语为主，总部位于美国，而AFP以法语为母语，总部在巴黎，其报道视角常带有欧洲中心倾向。"
    },
    {
      "word_to_compare": "Reuters",
      "analysis": "“Reuters”（路透社）是英国的国际新闻机构，以金融和商业新闻见长，与AFP一样是全球媒体的重要信源。但Reuters更侧重于经济数据和市场动态，而AFP在政治、文化及全球南方国家的报道上更具广泛覆盖性。"
    },
    {
      "word_to_compare": "Xinhua",
      "analysis": "“Xinhua”（新华社）是中国的国家通讯社，代表中国政府立场，其报道风格与AFP的西方中立立场形成对比。AFP强调独立性和国际视角，而Xinhua更注重国家叙事和意识形态导向，两者在国际舆论场中常代表不同话语体系。"
    }
  ]
}