{
  "word": "afraid",
  "pronunciation": "uh·freyd",
  "concise_definition": "adj. 害怕的, 恐惧的, 担心的",
  "forms": {
    "comparative": "more afraid",
    "superlative": "most afraid"
  },
  "definitions": [
    {
      "pos": "adjective",
      "explanation_en": "Feeling fear or anxiety about something that might happen or is happening; often used to express apprehension or dread.",
      "explanation_cn": "对可能发生或正在发生的事情感到恐惧或焦虑；常用于表达担忧或害怕。",
      "example_en": "She was afraid to walk home alone after dark.",
      "example_cn": "她不敢在天黑后独自回家。"
    },
    {
      "pos": "adjective",
      "explanation_en": "Used politely to introduce bad news, a refusal, or an apology, softening the impact of the statement.",
      "explanation_cn": "用于礼貌地引出坏消息、拒绝或道歉，以缓和语气。",
      "example_en": "I'm afraid I can't attend the meeting tomorrow.",
      "example_cn": "恐怕我明天无法参加会议了。"
    },
    {
      "pos": "adjective",
      "explanation_en": "Having a strong inclination or tendency to do something, often used in the structure 'afraid of' to express a habitual fear or aversion.",
      "explanation_cn": "指对某事有强烈的倾向或习惯性恐惧，常用于 'afraid of' 结构表达对某事物的持续畏惧或反感。",
      "example_en": "He's afraid of spiders and screams whenever he sees one.",
      "example_cn": "他害怕蜘蛛，每次看到都会尖叫。"
    }
  ],
  "comparison": [
    {
      "word_to_compare": "frightened",
      "analysis": "“Frightened” (受惊的) 更强调因突发或强烈刺激而产生的短暂恐惧反应，常带有生理上的惊吓感，如被巨响吓到。而 “afraid” 更广泛，可指持续性的、心理上的担忧或恐惧，不一定伴随惊吓。"
    },
    {
      "word_to_compare": "terrified",
      "analysis": "“Terrified” (极度恐惧的) 是 “afraid” 的加强形式，表示极端、强烈的恐惧，程度远超一般意义上的害怕。它常用于描述生死攸关或极端危险的情境，而 “afraid” 可用于轻微到严重的各种恐惧程度。"
    },
    {
      "word_to_compare": "nervous",
      "analysis": "“Nervous” (紧张的) 通常指因不确定性或压力而产生的焦虑，不一定涉及具体危险，如面试前的紧张。而 “afraid” 更直接指向对潜在威胁或负面结果的恐惧，情感强度更高，更偏向于对危险的预期。"
    }
  ]
}