{
  "word": "africa",
  "pronunciation": "uh·frik·uh",
  "concise_definition": "n. 非洲",
  "forms": {
    "plural": "Africas"
  },
  "definitions": [
    {
      "pos": "noun",
      "explanation_en": "The second-largest continent on Earth, located south of Europe and west of Asia, comprising 54 recognized sovereign states and home to a vast diversity of cultures, languages, and ecosystems.",
      "explanation_cn": "地球第二大洲，位于欧洲以南、亚洲以西，包含54个被承认的主权国家，拥有极其丰富的文化、语言和生态系统。",
      "example_en": "Africa is known for its rich wildlife, including lions, elephants, and giraffes in the savannas.",
      "example_cn": "非洲以其丰富的野生动物而闻名，例如草原上的狮子、大象和长颈鹿。"
    },
    {
      "pos": "noun",
      "explanation_en": "A collective term referring to the people, history, and cultural heritage of the African continent, often used in contexts of identity, politics, or global representation.",
      "explanation_cn": "作为对非洲大陆人民、历史和文化遗产的统称，常用于身份认同、政治或全球代表性语境中。",
      "example_en": "The global art scene has increasingly recognized the importance of African artists and their contributions.",
      "example_cn": "全球艺术界越来越认识到非洲艺术家及其贡献的重要性。"
    }
  ],
  "comparison": [
    {
      "word_to_compare": "continent",
      "analysis": "“Continent”（大陆）是一个地理学术语，泛指地球上七大块主要陆地板块，如亚洲、欧洲、北美洲等。而 “Africa” 是特指其中的一个具体大陆名称，具有明确的地理边界和文化内涵，不能与其他大陆互换使用。"
    },
    {
      "word_to_compare": "nation",
      "analysis": "“Nation”（国家）指拥有主权政府和明确边界的独立政治实体，如尼日利亚、南非等。而 “Africa” 是一个包含多个国家的地理与文化区域，不是一个单一国家，因此不能与 “nation” 混用。"
    },
    {
      "word_to_compare": "subcontinent",
      "analysis": "“Subcontinent”（次大陆）指一个大陆内部具有显著地理、文化或政治独立性的区域，如南亚次大陆（印度、巴基斯坦等）。非洲虽内部多样，但作为一个整体大陆被国际公认，不属于任何更大陆地的子区域，因此与 “subcontinent” 概念不同。"
    }
  ]
}