{
  "word": "africans",
  "pronunciation": "uh·frik·uhnz",
  "concise_definition": "n. 非洲人（复数）",
  "forms": {
    "singular": "african"
  },
  "definitions": [
    {
      "pos": "noun",
      "explanation_en": "People who are native to or originate from the continent of Africa, encompassing a vast diversity of ethnic groups, languages, cultures, and nationalities.",
      "explanation_cn": "指源自或原住于非洲大陆的人，涵盖众多民族、语言、文化和国籍，具有极大的多样性。",
      "example_en": "Africans have made significant contributions to global music, art, and literature.",
      "example_cn": "非洲人为全球音乐、艺术和文学作出了重要贡献。"
    },
    {
      "pos": "noun",
      "explanation_en": "A collective term used to refer to individuals from African countries, often in contrast to people from other continents, especially in contexts of migration, identity, or politics.",
      "explanation_cn": "作为集体术语，用于指代来自非洲国家的个体，常在移民、身份认同或政治语境中与其他大洲的人群形成对比。",
      "example_en": "The conference brought together Africans from over 50 countries to discuss economic development.",
      "example_cn": "本次会议汇集了来自50多个非洲国家的代表，共同探讨经济发展。"
    }
  ],
  "comparison": [
    {
      "word_to_compare": "black",
      "analysis": "“Black”（黑人）是一个基于肤色的种族分类术语，常用于北美和欧洲语境中，指代具有非洲血统的人群，但不局限于非洲大陆出生者（如非裔美国人）。而 “Africans” 是地理和文化身份术语，特指来自非洲的人，无论其肤色如何（如北非的阿拉伯裔非洲人）。两者在语义范围和使用语境上存在重要区别。"
    },
    {
      "word_to_compare": "continentals",
      "analysis": "“Continentals”（大陆人）通常指欧洲大陆居民，有时泛指除岛屿国家外的大陆居民，与地理区域相关，但不特指非洲。而 “Africans” 专指非洲大陆的居民，具有明确的地域和文化指向性，不可互换。"
    },
    {
      "word_to_compare": "natives",
      "analysis": "“Natives”（原住民）泛指某地的原始居民，可应用于任何地区（如美洲原住民、澳大利亚原住民），是一个更宽泛的术语。而 “Africans” 是一个特定地理群体的名称，不强调是否为“最早居民”，而是强调当前的国籍或出身地。"
    }
  ]
}