{
  "word": "afro",
  "pronunciation": "af·roh",
  "concise_definition": "n. 非洲式卷发发型, 非洲风格的",
  "forms": {
    "plural": "afros"
  },
  "definitions": [
    {
      "pos": "noun",
      "explanation_en": "A hairstyle characterized by tightly curled, voluminous hair worn by people of African descent, often styled to extend outward from the scalp in a rounded, full shape.",
      "explanation_cn": "一种由非裔人群佩戴的发型，特点是头发紧密卷曲、蓬松饱满，通常从头皮向外呈圆形蓬松状延伸。",
      "example_en": "In the 1970s, the afro became a powerful symbol of Black pride and cultural identity.",
      "example_cn": "在20世纪70年代，非洲式卷发成为黑人自豪感与文化认同的有力象征。"
    },
    {
      "pos": "adjective",
      "explanation_en": "Relating to or characteristic of African culture, especially in the context of hair, fashion, or aesthetics associated with Black identity.",
      "explanation_cn": "与非洲文化相关或具有其特征的，尤其指与黑人身份相关的发型、时尚或美学风格。",
      "example_en": "She wore an afro dress with bold geometric patterns inspired by West African textiles.",
      "example_cn": "她穿着一件受西非织物启发、带有大胆几何图案的非洲风格连衣裙。"
    }
  ],
  "comparison": [
    {
      "word_to_compare": "curls",
      "analysis": "“Curls”（卷发）是一个泛指所有类型卷曲头发的通用词，不特指某种文化或风格。而 “afro” 是一种具有特定文化背景和历史意义的卷发造型，特指非裔人群的蓬松卷发，具有强烈的社会与政治象征意义。"
    },
    {
      "word_to_compare": "dreadlocks",
      "analysis": "“Dreadlocks”（脏辫）是另一种非裔文化中常见的发型，由头发自然缠绕或编结成绳状，强调宗教、灵性或反主流文化立场。而 “afro” 强调的是头发的自然蓬松体积和圆形轮廓，更侧重于展现自然美与种族自豪感，而非编结形态。"
    },
    {
      "word_to_compare": "natural",
      "analysis": "“Natural”（自然发型）是一个更宽泛的术语，泛指任何不经过化学直发处理的黑人发型，包括 afro、dreadlocks、bantu knots 等。因此，afro 是 natural 发型的一种具体形式，但 natural 不等于 afro。"
    }
  ]
}