{
  "word": "aft",
  "pronunciation": "aft",
  "concise_definition": "n. 船尾, 后部; adv. 在船尾, 向后",
  "forms": {
    "comparative": "aft",
    "superlative": "aft"
  },
  "definitions": [
    {
      "pos": "noun",
      "explanation_en": "The rear part of a ship or boat, located behind the main mast or center of the vessel; the opposite of 'fore'.",
      "explanation_cn": "船或船艇的后部，位于主桅杆之后或船体中心之后；与 'fore'（船首）相对。",
      "example_en": "The crew gathered aft to watch the sunset over the horizon.",
      "example_cn": "船员们聚集在船尾，观看地平线上的日落。"
    },
    {
      "pos": "adverb",
      "explanation_en": "Toward the rear of a ship or boat; used to indicate direction or position relative to the stern.",
      "explanation_cn": "朝向船或船艇的后部；用于表示相对于船尾的方向或位置。",
      "example_en": "The captain ordered the crew to move aft to balance the weight.",
      "example_cn": "船长命令船员向后移动以平衡重量。"
    }
  ],
  "comparison": [
    {
      "word_to_compare": "stern",
      "analysis": "“Stern”（船尾）是船舶后部的正式术语，特指船体最后端的结构部分，常用于航海技术语境中，强调物理结构；而 “aft” 更侧重于方向或位置，既可以作名词也可以作副词，使用范围更广，常用于描述动作或位置的相对性。"
    },
    {
      "word_to_compare": "rear",
      "analysis": "“Rear”（后部）是通用词，可用于任何物体或群体的后方，如军队、车辆或建筑；而 “aft” 是航海专用术语，仅用于船舶或航空器，具有专业语境限制。"
    },
    {
      "word_to_compare": "back",
      "analysis": "“Back”（后部）是日常用语，泛指任何事物的背面或后方，如人的背部、房间的后部；而 “aft” 专用于船舶，语义范围狭窄但精确，不能用于陆地或人体语境。"
    }
  ]
}