{
  "word": "afterwards",
  "pronunciation": "af·tər·wɔrdz",
  "concise_definition": "adv. 其后, 然后, 随后",
  "forms": {
    "none": "无词形变化"
  },
  "definitions": [
    {
      "pos": "adverb",
      "explanation_en": "At a later time; following in sequence after an event or action has occurred.",
      "explanation_cn": "在之后的时间；在某一事件或行动发生之后按顺序发生。",
      "example_en": "We had dinner, and afterwards we went for a walk.",
      "example_cn": "我们吃了晚饭，随后去散步了。"
    },
    {
      "pos": "adverb",
      "explanation_en": "Used to indicate a consequence or result that follows logically or chronologically from a prior event.",
      "explanation_cn": "用于表示在前一事件之后逻辑上或时间上随之而来的结果或后果。",
      "example_en": "He studied hard; afterwards, he passed the exam with flying colors.",
      "example_cn": "他努力学习，随后以优异成绩通过了考试。"
    }
  ],
  "comparison": [
    {
      "word_to_compare": "later",
      "analysis": "“Later” (稍后) 更侧重于时间上的延迟，常用于表达不确定或相对的时间点（如“see you later”），语气更随意；而 “afterwards” 强调事件发生的先后顺序，通常用于叙述一系列已发生的动作，具有更强的连贯性和叙事性。"
    },
    {
      "word_to_compare": "subsequently",
      "analysis": "“Subsequently” (随后) 与 “afterwards” 意义相近，但更正式，多用于书面语或学术、法律语境中，强调逻辑或时间上的后续关系，语气更客观严谨；“afterwards” 更口语化，常用于日常叙述。"
    },
    {
      "word_to_compare": "then",
      "analysis": "“Then” (然后) 可作副词、形容词或连词，用作时间顺序词时与 “afterwards” 有重叠，但 “then” 更常用于列举步骤或条件（如“first… then…”），而 “afterwards” 更强调前一事件完成后的自然延续，不用于结构化序列的开头。"
    }
  ]
}