{
  "word": "afterlife",
  "pronunciation": "af·ter·līf",
  "concise_definition": "n. 来世, 死后的生活",
  "forms": {
    "plural": "afterlives"
  },
  "definitions": [
    {
      "pos": "noun",
      "explanation_en": "The continuation of existence or consciousness after physical death, often believed in religious or spiritual traditions as a realm or state of being such as heaven, hell, reincarnation, or spiritual peace.",
      "explanation_cn": "指肉体死亡后意识或存在的延续，常为宗教或灵性传统所信仰，表现为一种存在状态或领域，如天堂、地狱、轮回或精神安宁。",
      "example_en": "Many cultures believe in an afterlife where the soul is judged and sent to a place of reward or punishment.",
      "example_cn": "许多文化相信来世，灵魂将在那里接受审判并被送往奖赏或惩罚之地。"
    },
    {
      "pos": "noun",
      "explanation_en": "A metaphorical or literary reference to the lasting impact, influence, or legacy of a person, idea, or work after their physical end or disappearance.",
      "explanation_cn": "比喻性或文学性地指某人、某种思想或作品在实体消亡后仍持续存在的影响、声誉或遗产。",
      "example_en": "Shakespeare's plays have an enduring afterlife in theaters and classrooms around the world.",
      "example_cn": "莎士比亚的戏剧在世界各地的剧院和课堂中拥有持久的后世影响。"
    }
  ],
  "comparison": [
    {
      "word_to_compare": "immortality",
      "analysis": "“Immortality”（不朽）强调永恒存在、永不消亡的状态，通常指肉体或名声的无限延续，不必然涉及死后世界。而 “afterlife” 专指死亡之后的另一种存在形式，具有明确的“死后”时间界限，常与宗教信仰相关。"
    },
    {
      "word_to_compare": "resurrection",
      "analysis": "“Resurrection”（复活）特指死者肉体重新获得生命，回归现世，如基督教中耶稣复活的教义。它是一个具体的事件，而非持续的状态。而 “afterlife” 是死亡后进入的另一种存在状态，不涉及重返人间。"
    },
    {
      "word_to_compare": "legacy",
      "analysis": "“Legacy”（遗产）指一个人或事物在生前或死后留下的影响、成就或物质遗存，是现实世界中的延续。而 “afterlife” 更偏向形而上的、超自然的死后存在，尽管在比喻用法中两者可重叠，但 “legacy” 更强调现实影响，而 “afterlife” 更强调精神或超验维度。"
    }
  ]
}