{
  "word": "after",
  "pronunciation": "af·tər",
  "concise_definition": "prep. 在……之后, adv. 后来, 在后面, conj. 在……之后",
  "definitions": [
    {
      "pos": "preposition",
      "explanation_en": "Indicating a time that comes later than a specified point or event; used to show sequence or delay.",
      "explanation_cn": "表示在某个特定时间点或事件之后发生，用于表明先后顺序或延迟。",
      "example_en": "We will have dinner after the movie.",
      "example_cn": "我们看完电影后吃晚饭。"
    },
    {
      "pos": "adverb",
      "explanation_en": "At a later time; subsequently; used to describe something that happens following a previous event.",
      "explanation_cn": "在稍后的时间；随后；用于描述发生在先前事件之后的事情。",
      "example_en": "She left the room and after, we heard a loud noise.",
      "example_cn": "她离开了房间，随后我们听到了一声巨响。"
    },
    {
      "pos": "conjunction",
      "explanation_en": "Connecting two clauses to indicate that the action in the second clause occurs following the action in the first clause.",
      "explanation_cn": "连接两个从句，表示第二个从句中的动作发生在第一个从句动作之后。",
      "example_en": "After he finished his homework, he went to bed.",
      "example_cn": "他做完作业后就去睡觉了。"
    },
    {
      "pos": "preposition",
      "explanation_en": "Following in position, order, or priority; used to denote physical or logical succession.",
      "explanation_cn": "表示在位置、顺序或优先级上跟随；用于指物理或逻辑上的先后关系。",
      "example_en": "She stood after her brother in the line.",
      "example_cn": "她站在她哥哥后面排队。"
    },
    {
      "pos": "adverb",
      "explanation_en": "In the future; later on; often used in phrases like 'after all' or 'afterwards' to imply a consequence or contrast.",
      "explanation_cn": "在未来；稍后；常用于短语如 'after all' 或 'afterwards'，以表示结果或转折。",
      "example_en": "After all, he’s just a child.",
      "example_cn": "毕竟，他还只是个孩子。"
    }
  ],
  "comparison": [
    {
      "word_to_compare": "behind",
      "analysis": "“Behind” (在……后面) 主要强调空间上的位置关系，通常指物理上的位于某物之后，如 “The car is behind the house.” 而 “after” 更侧重于时间顺序或逻辑顺序，也可用于空间，但语义更抽象，如 “He arrived after me.”"
    },
    {
      "word_to_compare": "subsequently",
      "analysis": "“Subsequently” (随后) 是一个正式的副词，专用于描述时间上的先后，语气更书面化，常用于学术或法律文本。而 “after” 更通用，可用于口语和书面语，且可作介词、连词和副词，功能更丰富。"
    },
    {
      "word_to_compare": "following",
      "analysis": "“Following” (在……之后) 与 “after” 在表示时间或顺序时可互换，但 “following” 更正式，常用于书面语和新闻报道，且多作介词，不能作连词。例如：“Following the meeting, we had lunch.” 不能说 “Following we had lunch.” 而 “after” 可以作连词引导从句。"
    }
  ]
}
