{
  "word": "afterward",
  "pronunciation": "af·tər·wɔrd",
  "concise_definition": "adv. 之后, 随后, 后来",
  "forms": {
    "variant": "afterwards"
  },
  "definitions": [
    {
      "pos": "adverb",
      "explanation_en": "At a later time; following in time after something else has happened or been mentioned.",
      "explanation_cn": "在之后的时间；指在某事发生或提及之后的某个时间点。",
      "example_en": "We had dinner, and afterward we went for a walk.",
      "example_cn": "我们吃了晚饭，之后去散步了。"
    },
    {
      "pos": "adverb",
      "explanation_en": "Used to indicate sequence in a narrative or series of events, often implying a logical or chronological progression.",
      "explanation_cn": "用于叙述或一系列事件中，表示时间或逻辑上的先后顺序，常暗示一种自然的进程。",
      "example_en": "She studied hard, and afterward she passed the exam with flying colors.",
      "example_cn": "她努力学习，随后以优异的成绩通过了考试。"
    }
  ],
  "comparison": [
    {
      "word_to_compare": "later",
      "analysis": "“Later” (稍后) 更侧重于相对于当前时间的延迟，常用于表达不确定或相对的时间点（如“see you later”）。而 “afterward” 更强调在前文所述事件之后发生，具有更强的上下文依赖性和序列性。"
    },
    {
      "word_to_compare": "subsequently",
      "analysis": "“Subsequently” (随后) 是更正式的书面语，常用于学术、法律或官方文本中，语气更严肃；“afterward” 则更口语化、日常化，适用于大多数非正式和一般性语境。两者在时间顺序上可互换，但语体不同。"
    },
    {
      "word_to_compare": "then",
      "analysis": "“Then” (然后) 可表示时间顺序，也可表示因果关系（如“if you study, then you’ll pass”），语义更宽泛；而 “afterward” 仅用于表示时间上的先后，不带逻辑推论含义，更纯粹地描述事件的时序。"
    }
  ]
}