{
  "word": "aftermath",
  "pronunciation": "af·ter·math",
  "concise_definition": "n. 后果, 后效, 余波",
  "forms": {
    "plural": "aftermaths"
  },
  "definitions": [
    {
      "pos": "noun",
      "explanation_en": "The period of time following a significant, often destructive event, during which the consequences and effects are still being felt or dealt with.",
      "explanation_cn": "指在一场重大事件（通常是破坏性事件）发生后的一段时间，期间其后果和影响仍在持续或被处理。",
      "example_en": "In the aftermath of the earthquake, rescue teams worked around the clock to save survivors.",
      "example_cn": "地震过后，救援队伍昼夜不停地工作，营救幸存者。"
    },
    {
      "pos": "noun",
      "explanation_en": "The results or consequences of an event, especially those that are negative, disruptive, or long-lasting.",
      "explanation_cn": "指某一事件（尤指负面、破坏性或持久性事件）所产生的结果或影响。",
      "example_en": "The aftermath of the financial crisis led to widespread unemployment and economic reform.",
      "example_cn": "金融危机的后果导致了大规模失业和经济改革。"
    }
  ],
  "comparison": [
    {
      "word_to_compare": "consequence",
      "analysis": "“Consequence”（后果）泛指任何事件导致的结果，可以是正面或负面的，且更侧重于逻辑上的因果关系。而 “aftermath” 特指重大事件（尤其是灾难性事件）发生后的一段时期及其遗留影响，带有时间维度和情感色彩，常用于描述混乱、重建或恢复阶段。"
    },
    {
      "word_to_compare": "repercussion",
      "analysis": "“Repercussion”（连锁反应）强调事件引发的间接、深远或连锁性的后果，常用于政治、社会或心理层面，语气更正式且隐含负面扩散。而 “aftermath” 更侧重于事件直接遗留的物理或社会状态，范围更广，也更具体。"
    },
    {
      "word_to_compare": "fallout",
      "analysis": "“Fallout”（余波）原指核爆炸后的放射性沉降物，现引申为负面事件的间接影响，常用于政治或舆论层面，带有隐喻色彩。它与 “aftermath” 相近，但更强调不可控的、扩散性的副作用，而 “aftermath” 更中性，可涵盖重建、清理等主动应对过程。"
    }
  ]
}