{
  "word": "afternoons",
  "pronunciation": "af·tər·nünz",
  "concise_definition": "n. 下午, 午后",
  "forms": {
    "singular": "afternoon"
  },
  "definitions": [
    {
      "pos": "noun",
      "explanation_en": "The period of the day from noon until evening, typically spanning from 12:00 p.m. to around 5:00 or 6:00 p.m., when the sun is descending but daylight remains strong.",
      "explanation_cn": "指从中午到傍晚之间的时间段，通常为中午12点至下午5点或6点，此时太阳已过中天但阳光依然明亮。",
      "example_en": "We usually have tea and cookies in the afternoons.",
      "example_cn": "我们通常在下午喝茶和吃饼干。"
    },
    {
      "pos": "noun",
      "explanation_en": "A specific instance or occasion occurring during the afternoon, often used to describe activities, moods, or events associated with this time of day.",
      "explanation_cn": "指发生在下午的某个具体时刻或场合，常用于描述与这个时间段相关的活动、情绪或事件。",
      "example_en": "Those quiet afternoons spent reading by the window are my favorite memories.",
      "example_cn": "那些靠窗静静读书的午后时光，是我最珍贵的回忆。"
    }
  ],
  "comparison": [
    {
      "word_to_compare": "evening",
      "analysis": "“Evening”（傍晚/晚上）指日落后至就寝前的时间，通常从下午6点或7点开始，强调光线变暗、活动趋于安静的氛围。而 “afternoon” 是日光尚强、活动仍活跃的时段，两者在时间上相邻但氛围和用法不同。"
    },
    {
      "word_to_compare": "morning",
      "analysis": "“Morning”（早晨）指从日出到中午前的时间，象征开始、活力与清新；而 “afternoon” 是一天的中后段，常与疲惫、放松或沉静的情绪相关。两者在时间顺序和文化意象上形成鲜明对比。"
    },
    {
      "word_to_compare": "daytime",
      "analysis": "“Daytime”（白昼）泛指从日出到日落的整个白天时段，包括早晨、上午、下午和傍晚。而 “afternoon” 是 “daytime” 的一个子集，特指中午之后的部分，范围更精确、语义更具体。"
    }
  ]
}