{
  "word": "afternoon",
  "pronunciation": "af·tər·nuhn",
  "concise_definition": "n. 下午, 午后",
  "forms": {
    "plural": "afternoons"
  },
  "definitions": [
    {
      "pos": "noun",
      "explanation_en": "The period of time from noon until evening, typically from 12:00 p.m. to around 5:00 or 6:00 p.m., when the sun is high in the sky and most daily activities continue.",
      "explanation_cn": "指从中午到傍晚之间的时间段，通常为中午12点至下午5点或6点，此时太阳高悬，大多数日常活动仍在进行。",
      "example_en": "We’ll have our meeting in the afternoon, so please come after lunch.",
      "example_cn": "我们的会议将在下午举行，请午饭后来。"
    },
    {
      "pos": "noun",
      "explanation_en": "A specific instance or occasion occurring during this time of day, often used to describe events, moods, or activities associated with the late morning to early evening hours.",
      "explanation_cn": "指发生在这一时间段内的某个具体时刻或场合，常用于描述与午后至傍晚时分相关的活动、情绪或事件。",
      "example_en": "It was a quiet afternoon, perfect for reading by the window.",
      "example_cn": "那是一个宁静的下午，非常适合靠窗读书。"
    }
  ],
  "comparison": [
    {
      "word_to_compare": "morning",
      "analysis": "“Morning”（早晨）指从日出到中午前的时间，通常为5点至12点，强调一天的开始和清醒、活跃的状态；而 “afternoon” 则是中午之后的时段，常与放松、休息或持续工作相关，氛围相对缓和。两者在时间上互补，文化语境中也常形成对比，如 “good morning” 与 “good afternoon”。"
    },
    {
      "word_to_compare": "evening",
      "analysis": "“Evening”（傍晚/晚上）通常指日落后到就寝前的时间，大约从下午6点至10点，常与晚餐、社交或休息活动关联；而 “afternoon” 更偏向于白天的延续，尚未进入夜晚的昏暗与私密氛围。两者在时间上相邻，但 “evening” 更具仪式感和社交性。"
    },
    {
      "word_to_compare": "day",
      "analysis": "“Day”（白天）是一个更宽泛的术语，泛指从日出到日落的整个时间段，包含早晨、上午、下午和黄昏；而 “afternoon” 是 “day” 的一个子集，特指中午之后的部分。使用 “day” 时强调整体性，而 “afternoon” 更精确地定位在日程中的具体阶段。"
    }
  ]
}