{
  "word": "ag",
  "pronunciation": "aj",
  "concise_definition": "n. 农业, 农田 (缩写)",
  "forms": {
    "full_form": "agriculture"
  },
  "definitions": [
    {
      "pos": "noun",
      "explanation_en": "A shortened form of 'agriculture', referring to the practice of cultivating land, growing crops, and raising livestock for food, fiber, and other products.",
      "explanation_cn": "‘agriculture’（农业）的缩写，指耕作土地、种植作物和饲养牲畜以获取食物、纤维及其他产品的实践活动。",
      "example_en": "The university has a strong department in ag research.",
      "example_cn": "这所大学在农业研究方面有很强的部门。"
    },
    {
      "pos": "noun",
      "explanation_en": "Used informally in contexts such as 'ag land' or 'agribusiness' to denote anything related to farming or the agricultural industry.",
      "explanation_cn": "在非正式语境中用于如‘ag land’（农业用地）或‘agribusiness’（农业综合企业）等表达，泛指与 farming（耕作）或农业产业相关的事物。",
      "example_en": "Government subsidies are crucial for the ag sector.",
      "example_cn": "政府补贴对农业部门至关重要。"
    }
  ],
  "comparison": [
    {
      "word_to_compare": "agriculture",
      "analysis": "‘Agriculture’ 是完整形式，用于正式书面语和学术语境，涵盖农业的全部科学、技术和经济层面；而 ‘ag’ 是口语或行业缩略语，多用于新闻、政策简报或行业内部交流，简洁但不够正式。"
    },
    {
      "word_to_compare": "farming",
      "analysis": "‘Farming’ 强调具体的耕作行为和日常操作，如播种、收割、饲养等，更贴近实践层面；而 ‘ag’ 作为缩写，涵盖的范围更广，包括农业科研、政策、供应链和商业运作，是行业术语而非行为描述。"
    },
    {
      "word_to_compare": "rural",
      "analysis": "‘Rural’（乡村的）描述的是地理或人口特征，指非城市地区；而 ‘ag’ 专指农业活动或产业，即使发生在城市周边或农业园区，也与地域无关，仅与生产类型相关。"
    }
  ]
}