{
  "word": "aga",
  "pronunciation": "uh·gah",
  "concise_definition": "n. 阿加（奥斯曼帝国的高级官员或地方长官）",
  "forms": {
    "plural": "agas"
  },
  "definitions": [
    {
      "pos": "noun",
      "explanation_en": "A title or rank used in the Ottoman Empire for high-ranking officials, military commanders, or provincial governors, often denoting authority and status.",
      "explanation_cn": "奥斯曼帝国时期用于指代高级官员、军事指挥官或地方总督的头衔，通常表示权威与地位。",
      "example_en": "The aga of the village was responsible for collecting taxes and maintaining order.",
      "example_cn": "该村的阿加负责征税和维持秩序。"
    },
    {
      "pos": "noun",
      "explanation_en": "In some contexts, a title given to a senior servant or steward in a household, especially in historical or literary references to Ottoman or Middle Eastern settings.",
      "explanation_cn": "在某些语境中，指在奥斯曼或中东历史或文学作品中，家庭中地位较高的仆人或管家。",
      "example_en": "The aga served the pasha with unwavering loyalty and precision.",
      "example_cn": "这位阿加以无条件的忠诚和精准为帕夏服务。"
    }
  ],
  "comparison": [
    {
      "word_to_compare": "pasha",
      "analysis": "“Pasha”（帕夏）是奥斯曼帝国中比 “aga” 更高级的头衔，通常授予省长、将军或高官，属于贵族阶层；而 “aga” 多用于地方官员或高级仆从，地位相对较低，但仍有权威。两者均为尊称，但层级不同。"
    },
    {
      "word_to_compare": "beys",
      "analysis": "“Beys”（贝伊）是奥斯曼帝国中地方领主或总督的头衔，地位高于 “aga” 但低于 “pasha”。它常用于统治较小省份或军事区域，而 “aga” 更多用于具体职务（如警卫长、管家），不一定是统治者。"
    },
    {
      "word_to_compare": "lord",
      "analysis": "“Lord”（领主/勋爵）是英语世界中泛指贵族或权威人物的称谓，涵盖范围广泛，包括宗教、政治和封建体系；而 “aga” 是特定于奥斯曼帝国官僚体系的专有头衔，具有明确的历史和文化背景，不可直接等同于西方的 “lord”。"
    }
  ]
}