{
  "word": "against",
  "pronunciation": "uh·gen·st",
  "concise_definition": "prep. 反对, 逆着, 靠着, 与…相比",
  "forms": {
    "no_plural_or_conjugation": "无复数或动词变化形式"
  },
  "definitions": [
    {
      "pos": "preposition",
      "explanation_en": "In opposition to; expressing resistance, disagreement, or hostility toward a person, idea, or action.",
      "explanation_cn": "表示反对、抵制或不赞同某人、某观点或某种行为，强调立场上的对抗。",
      "example_en": "She spoke against the proposed tax increase.",
      "example_cn": "她反对拟议的增税方案。"
    },
    {
      "pos": "preposition",
      "explanation_en": "In contact with and supported by a surface or object; leaning or resting on something.",
      "explanation_cn": "表示与某物表面接触并依靠其支撑，常用于描述物理位置或姿态。",
      "example_en": "He leaned against the wall while waiting.",
      "example_cn": "他靠在墙上等待。"
    },
    {
      "pos": "preposition",
      "explanation_en": "In a direction opposite to the movement or flow of something, such as wind, water, or traffic.",
      "explanation_cn": "表示与某物运动或流动方向相反，常用于描述物理运动或方向。",
      "example_en": "The boat struggled against the current.",
      "example_cn": "小船逆流而行，艰难前行。"
    },
    {
      "pos": "preposition",
      "explanation_en": "In comparison with something else, often used to highlight contrast or relative value.",
      "explanation_cn": "用于与另一事物进行比较，强调差异或相对优劣，常见于统计数据或评价语境。",
      "example_en": "His performance was impressive against the background of last year's results.",
      "example_cn": "与去年的成绩相比，他的表现令人印象深刻。"
    },
    {
      "pos": "preposition",
      "explanation_en": "In preparation for or in anticipation of a possible threat or event, often used in contexts of defense or precaution.",
      "explanation_cn": "用于表示为防范或应对可能的威胁或事件而采取的措施，强调预防性或防御性。",
      "example_en": "The team trained against potential sabotage.",
      "example_cn": "该团队为防范可能的破坏行为进行了训练。"
    }
  ],
  "comparison": [
    {
      "word_to_compare": "opposite",
      "analysis": "“Opposite” (相反的) 是形容词或名词，强调位置、方向或性质上的完全对立，如“opposite side”（对面）。“Against” 是介词，除了表示对立，还包含接触、依靠、防御等多重语义，使用范围更广。"
    },
    {
      "word_to_compare": "versus",
      "analysis": "“Versus” (vs.) 是正式用语，专用于竞赛、法律或辩论语境中表示双方对抗，如“Team A versus Team B”。它仅表示对立关系，不包含物理接触或方向含义，而 “against” 更口语化且语义更丰富。"
    },
    {
      "word_to_compare": "for",
      "analysis": "“For” (支持) 是 “against” 的直接反义词，用于表达支持、赞成立场。两者构成对立语义对，如 “vote for/against”。但 “against” 还有非对立含义（如靠墙、逆流），而 “for” 无此用法。"
    }
  ]
}