{
  "word": "again",
  "pronunciation": "uh·gen",
  "concise_definition": "adv. 再一次, 又, 还",
  "forms": {
    "comparative": "n/a",
    "superlative": "n/a"
  },
  "definitions": [
    {
      "pos": "adverb",
      "explanation_en": "Used to indicate the repetition of an action, event, or state that has occurred previously.",
      "explanation_cn": "用于表示某个动作、事件或状态再次发生，即曾经发生过一次或多次后重新出现。",
      "example_en": "Let's watch the movie again tomorrow.",
      "example_cn": "我们明天再看一遍这部电影吧。"
    },
    {
      "pos": "adverb",
      "explanation_en": "Used to express a return to a previous condition, position, or time.",
      "explanation_cn": "用于表达恢复到先前的状态、位置或时间，常用于描述回归或重拾旧状。",
      "example_en": "He fell asleep again after waking up briefly.",
      "example_cn": "他短暂醒来后又睡着了。"
    },
    {
      "pos": "adverb",
      "explanation_en": "Used in phrases like 'once again' or 'again and again' to emphasize frequency or persistence, often with emotional weight.",
      "explanation_cn": "用于短语如 'once again' 或 'again and again'，以强调频率或持续性，常带有情感色彩，如失望、无奈或坚持。",
      "example_en": "She tried again and again to convince him, but he refused.",
      "example_cn": "她一再试图说服他，但他始终拒绝。"
    },
    {
      "pos": "adverb",
      "explanation_en": "Used to contrast a current situation with a prior one, often implying a change or reversal.",
      "explanation_cn": "用于对比当前情况与先前情况，常暗示某种变化或逆转。",
      "example_en": "I thought he was gone for good, but here he is again.",
      "example_cn": "我以为他一去不返了，但他又出现了。"
    }
  ],
  "comparison": [
    {
      "word_to_compare": "once more",
      "analysis": "“Once more” 与 “again” 意义高度重叠，都表示重复，但 “once more” 语气更正式、更强调“最后一次”或“最后一次尝试”，常用于劝说或告别语境。而 “again” 更通用、口语化，不隐含次数限制。"
    },
    {
      "word_to_compare": "anew",
      "analysis": "“Anew” (重新地) 强调以全新的方式、从头开始地重复，带有“彻底改变”或“焕然一新”的含义，如 “start anew”。而 “again” 仅表示重复，不涉及方式或状态的改变。"
    },
    {
      "word_to_compare": "still",
      "analysis": "“Still” 表示某种状态持续未变，强调“仍然存在”，如 “He is still here.” 而 “again” 强调动作或事件的再次发生，是时间上的重复，而非状态的延续。两者在语义焦点上完全不同。"
    }
  ]
}