{
  "word": "aged",
  "pronunciation": "eyj·id",
  "concise_definition": "adj. 年老的, 陈年的; v. 变老 (age 的过去式和过去分词)",
  "forms": {
    "comparative": "older",
    "superlative": "oldest",
    "verb_past_tense": "aged",
    "verb_past_participle": "aged",
    "verb_present_participle": "aging"
  },
  "definitions": [
    {
      "pos": "adjective",
      "explanation_en": "Having lived for a long time; having reached an advanced stage of life, typically referring to humans or animals.",
      "explanation_cn": "指生活了很长时间，通常用于描述人类或动物已进入生命的晚期阶段。",
      "example_en": "The aged man walked slowly with the help of a cane.",
      "example_cn": "这位年迈的老人拄着拐杖缓慢行走。"
    },
    {
      "pos": "adjective",
      "explanation_en": "Having been stored or matured over a long period, especially in reference to food, drink, or materials (e.g., wine, cheese, wood).",
      "explanation_cn": "指经过长时间储存或成熟，尤用于描述食品、饮品或材料（如葡萄酒、奶酪、木材）。",
      "example_en": "This is a finely aged cheddar cheese with a rich, complex flavor.",
      "example_cn": "这是一种经过精心陈年的切达奶酪，风味浓郁而复杂。"
    },
    {
      "pos": "verb",
      "explanation_en": "To grow older or cause something to grow older over time; to undergo the process of aging.",
      "explanation_cn": "指随着时间推移而变老，或使某物变老；经历老化的过程。",
      "example_en": "The old house has aged well, retaining much of its original charm.",
      "example_cn": "这座老房子历经岁月仍保存了大部分原有的魅力。"
    }
  ],
  "comparison": [
    {
      "word_to_compare": "old",
      "analysis": "“Old” (老的) 是最通用的形容词，泛指时间久远或年龄较大，可用于人、物、概念，语气中性或略带贬义。而 “aged” 更强调生理或时间上的长期积累，常用于正式语境，尤其指人类高龄或物品的陈年状态，带有更细腻的语义色彩。"
    },
    {
      "word_to_compare": "elderly",
      "analysis": "“Elderly” (年长的) 是对老年人的礼貌性称呼，侧重社会尊重，通常用于指代65岁以上的群体，语气温和、正面。而 “aged” 虽然也指高龄，但可能隐含身体衰弱或功能退化的意味，有时略显冷峻或客观，较少用于直接称呼人。"
    },
    {
      "word_to_compare": "mature",
      "analysis": "“Mature” (成熟的) 强调发展到完全、完善或适宜的状态，可指生理、心理或产品（如酒、奶酪）的成熟，常含积极评价。而 “aged” 仅描述时间长度带来的变化，不必然包含品质提升，有时甚至暗示退化（如 aged wood 腐朽）。"
    }
  ]
}