{
  "word": "agenda",
  "pronunciation": "uh·jen·duh",
  "concise_definition": "n. 议程, 日程, 秘密目的",
  "forms": {
    "plural": "agendas"
  },
  "definitions": [
    {
      "pos": "noun",
      "explanation_en": "A list of items or topics to be discussed or dealt with at a meeting, typically arranged in a specific order to ensure efficient use of time.",
      "explanation_cn": "指在会议中计划讨论或处理的事项清单，通常按特定顺序排列，以确保高效利用时间。",
      "example_en": "The chairperson distributed the agenda before the meeting began.",
      "example_cn": "会议开始前，主持人分发了议程。"
    },
    {
      "pos": "noun",
      "explanation_en": "A hidden or personal motive, especially one that is not openly acknowledged, that influences someone's actions or decisions.",
      "explanation_cn": "指某人未公开承认的隐藏动机或个人目的，通常影响其行为或决策。",
      "example_en": "Some critics argue that the policy change has a political agenda behind it.",
      "example_cn": "一些批评者认为，这项政策变化背后隐藏着政治目的。"
    }
  ],
  "comparison": [
    {
      "word_to_compare": "schedule",
      "analysis": "“Schedule”（时间表）侧重于具体的时间安排，强调何时做何事，常用于日常事务或行程规划，如航班时刻表、课程表。而 “agenda” 更关注讨论内容或议题本身，不一定包含精确时间，更常用于会议或正式场合的事项清单。"
    },
    {
      "word_to_compare": "program",
      "analysis": "“Program”（节目单/计划）通常指一系列有组织的活动或事件，常用于文化演出、教育课程或大型活动，结构更完整、更正式。而 “agenda” 更简洁，仅列出待处理事项，常用于会议场景，且可能隐含主观意图。"
    },
    {
      "word_to_compare": "plan",
      "analysis": "“Plan”（计划）是一个更宽泛的词，泛指为实现目标而制定的策略或步骤，可涵盖长期、短期、个人或集体目标。而 “agenda” 通常特指会议中的议题列表，或带有隐含动机的行动方向，语义范围更窄、语境更具体。"
    }
  ]
}