{
  "word": "agendas",
  "pronunciation": "uh·jen·duhz",
  "concise_definition": "n. 议程, 日程, 隐私目的",
  "forms": {
    "singular": "agenda"
  },
  "definitions": [
    {
      "pos": "noun",
      "explanation_en": "A list of items or topics to be discussed or dealt with at a meeting or event, typically organized in a specific order.",
      "explanation_cn": "指在会议或活动中将要讨论或处理的事项清单，通常按特定顺序排列。",
      "example_en": "The chairperson distributed the agenda for tomorrow's board meeting.",
      "example_cn": "主席分发了明天董事会会议的议程。"
    },
    {
      "pos": "noun",
      "explanation_en": "A hidden or personal motive, especially one that is self-serving or ulterior, behind someone's actions or decisions.",
      "explanation_cn": "指某人行为或决策背后隐藏的、通常是利己的或另有目的的动机。",
      "example_en": "Some critics argue that the policy change has a political agenda disguised as public service.",
      "example_cn": "一些批评者认为，这项政策变化打着公共服务的幌子，实则另有政治目的。"
    }
  ],
  "comparison": [
    {
      "word_to_compare": "schedule",
      "analysis": "“Schedule”（时间表）侧重于具体的时间安排和事件发生的先后顺序，强调时间点和日程的可执行性，如“会议在下午3点开始”。而 “agenda” 更关注讨论的内容和议题，不一定包含精确时间，更侧重于目的性。"
    },
    {
      "word_to_compare": "program",
      "analysis": "“Program”（节目单/方案）通常指一个更完整、结构化的活动计划，常用于文化、教育或大型活动，包含多个环节和详细内容。它比 “agenda” 更正式、更全面，而 “agenda” 更偏向于会议中的讨论要点。"
    },
    {
      "word_to_compare": "motivation",
      "analysis": "“Motivation”（动机）泛指驱动行为的内在原因，可以是正面或中性的，如追求成就、安全感等。而 “agenda” 在指隐藏目的时，常带有负面或操纵性含义，特指未明说的、可能有利益倾向的意图。"
    }
  ]
}