{
  "word": "agencies",
  "pronunciation": "e-jen·siz",
  "concise_definition": "n. 机构, 代理, 代理处",
  "forms": {
    "singular": "agency"
  },
  "definitions": [
    {
      "pos": "noun",
      "explanation_en": "An organization or department established to perform a specific function, especially one that acts on behalf of a government, business, or individual.",
      "explanation_cn": "指为执行特定职能而设立的组织或部门，尤其指代表政府、企业或个人行事的机构。",
      "example_en": "The Environmental Protection Agency is responsible for enforcing environmental regulations.",
      "example_cn": "环境保护署负责执行环境法规。"
    },
    {
      "pos": "noun",
      "explanation_en": "A business that acts as an intermediary between clients and services or products, such as advertising, travel, or employment services.",
      "explanation_cn": "指作为客户与服务或产品之间中介的商业机构，如广告公司、旅行社或人才中介。",
      "example_en": "She works for a modeling agency that represents talent in fashion shows.",
      "example_cn": "她在一家为时尚秀提供模特的经纪公司工作。"
    },
    {
      "pos": "noun",
      "explanation_en": "The capacity or power to act or exert influence, especially independently or with authority.",
      "explanation_cn": "指独立或有权威地采取行动或施加影响的能力或作用。",
      "example_en": "The ambassador acted with full agency in negotiating the treaty.",
      "example_cn": "这位大使在谈判条约时拥有充分的自主权。"
    }
  ],
  "comparison": [
    {
      "word_to_compare": "organization",
      "analysis": "“Organization”（组织）是一个更广泛的术语，泛指任何有结构的团体，无论其功能或目的为何，如非营利组织、公司或俱乐部。而 “agency” 更强调其“代理”或“执行特定职能”的角色，通常具有授权或代表性质。"
    },
    {
      "word_to_compare": "institute",
      "analysis": "“Institute”（研究所/学院）通常指专注于研究、教育或专业培训的学术或专业机构，如“医学研究所”。它更侧重知识生产与教育，而 “agency” 更侧重于执行、管理或中介服务，常具行政或实务功能。"
    },
    {
      "word_to_compare": "department",
      "analysis": "“Department”（部门）是更大组织（如政府或公司）内部的一个组成部分，通常不具有独立法人地位。而 “agency” 通常是独立运作的实体，即使隶属于政府，也常拥有自主决策权和专门职能，如“中央情报局”（CIA）。"
    }
  ]
}