{
  "word": "agency",
  "pronunciation": "ej·uhn·see",
  "concise_definition": "n. 代理, 代理机构, 能动性, 作用",
  "forms": {
    "plural": "agencies"
  },
  "definitions": [
    {
      "pos": "noun",
      "explanation_en": "An organization or business that acts on behalf of another person or group, providing specialized services such as representation, management, or promotion.",
      "explanation_cn": "指代表他人或团体行事的组织或机构，提供代理、管理或推广等专业服务。",
      "example_en": "She works for a talent agency that represents actors and models.",
      "example_cn": "她在一家代理演员和模特的经纪公司工作。"
    },
    {
      "pos": "noun",
      "explanation_en": "The capacity of an individual or group to act independently and make free choices, especially in philosophical or sociological contexts.",
      "explanation_cn": "指个人或群体独立行动并做出自由选择的能力，尤其在哲学或社会学语境中。",
      "example_en": "Feminist theory emphasizes the agency of women in shaping their own lives.",
      "example_cn": "女性主义理论强调女性在塑造自身生活中的能动性。"
    },
    {
      "pos": "noun",
      "explanation_en": "The quality or state of being active or effective in producing a result; the force or influence that causes change.",
      "explanation_cn": "指产生结果的活跃性或有效性；促成变化的力量或影响。",
      "example_en": "The agency of the wind shaped the desert dunes over centuries.",
      "example_cn": "风的力量在数百年间塑造了沙漠中的沙丘。"
    }
  ],
  "comparison": [
    {
      "word_to_compare": "organization",
      "analysis": "“Organization”（组织）泛指任何有结构的团体或系统，强调内部架构和协调机制，不必然涉及代理行为。而 “agency” 特指代表他人行动的实体，核心在于“代理权”和“委托关系”。"
    },
    {
      "word_to_compare": "authority",
      "analysis": "“Authority”（权威）强调合法的权力或控制力，通常来自制度、法律或地位。而 “agency” 强调的是行动的能力或自主性，即使没有正式权力，个体仍可拥有能动性。两者可共存，但本质不同：一个是‘有权下令’，一个是‘有能力行动’。"
    },
    {
      "word_to_compare": "instrument",
      "analysis": "“Instrument”（工具）指被用来达成目的的手段或设备，通常是被动的、无自主性的。而 “agency” 指的是主动施加影响的主体，具有意图和选择能力。例如，法律是实现正义的工具，但公民的行动才是实现正义的能动性来源。"
    }
  ]
}