{
  "word": "ages",
  "pronunciation": "eyj·iz",
  "concise_definition": "n. 年龄, 时代, 长时间",
  "forms": {
    "singular": "age"
  },
  "definitions": [
    {
      "pos": "noun",
      "explanation_en": "The length of time that a person or thing has existed, typically measured in years.",
      "explanation_cn": "指一个人或事物存在的时间长度，通常以年为单位衡量。",
      "example_en": "She is of retirement age and plans to stop working next year.",
      "example_cn": "她已到退休年龄，计划明年停止工作。"
    },
    {
      "pos": "noun",
      "explanation_en": "A distinct period in history characterized by particular features, events, or cultural developments.",
      "explanation_cn": "指历史上具有特定特征、事件或文化发展的某个时期。",
      "example_en": "We are living in the digital age, where technology shapes nearly every aspect of life.",
      "example_cn": "我们正生活在数字时代，科技塑造了生活的几乎每一个方面。"
    },
    {
      "pos": "noun",
      "explanation_en": "An extremely long period of time, often used for emphasis or exaggeration in informal speech.",
      "explanation_cn": "指极长的时间，常用于口语中以加强语气或夸张表达。",
      "example_en": "I haven't seen you in ages! How have you been?",
      "example_cn": "我好久没见到你了！你最近怎么样？"
    }
  ],
  "comparison": [
    {
      "word_to_compare": "era",
      "analysis": "“Era”（时代）通常指更宏大、更正式的历史分期，如“工业时代”或“维多利亚时代”，强调具有深远影响的结构性转变。而 “age” 更广泛，可用于文化、技术或个人层面，语义范围更灵活，有时更口语化。"
    },
    {
      "word_to_compare": "period",
      "analysis": "“Period”（时期）是一个中性、通用的词，用于描述任何时间段，无论长短或重要性，如“考试周期”或“冰河时期”。“Age” 则常带有历史或文化意义，暗示一个具有鲜明特征的阶段，语义更厚重。"
    },
    {
      "word_to_compare": "years",
      "analysis": "“Years” 是时间的客观计量单位，强调具体数量（如“五年”）。“Ages” 作为复数名词，在表示“很长时间”时是夸张用法，不指确切数字，而是表达主观感受的漫长感，如“等了几个世纪”之意。"
    }
  ]
}