{
  "word": "aggressively",
  "pronunciation": "uh·gres·iv·lee",
  "concise_definition": "adv. 侵略性地, 好斗地, 积极主动地",
  "forms": {
    "adjective": "aggressive"
  },
  "definitions": [
    {
      "pos": "adverb",
      "explanation_en": "In a manner that is forceful, confrontational, or assertive, often with the intent to dominate, attack, or gain advantage over others.",
      "explanation_cn": "以一种具有攻击性、对抗性或强势的方式行事，通常旨在支配、攻击或获取对他人优势。",
      "example_en": "The company is aggressively expanding into new markets.",
      "example_cn": "该公司正在积极主动地拓展新市场。"
    },
    {
      "pos": "adverb",
      "explanation_en": "With intense energy, determination, or urgency, often in a proactive or ambitious way, not necessarily hostile but highly assertive.",
      "explanation_cn": "以强烈的精力、决心或紧迫感行事，通常表现为积极主动或富有野心，未必具有敌意，但极具进取性。",
      "example_en": "She aggressively pursued her goals, refusing to accept failure.",
      "example_cn": "她积极追求自己的目标，绝不接受失败。"
    },
    {
      "pos": "adverb",
      "explanation_en": "In a way that is physically or verbally hostile, threatening, or combative, especially in sports, conflict, or social interactions.",
      "explanation_cn": "以身体上或言语上具有敌意、威胁性或好斗的方式行事，尤其在体育、冲突或社交互动中。",
      "example_en": "The player was penalized for aggressively tackling his opponent.",
      "example_cn": "这名球员因对对手进行猛烈冲撞而被罚下场。"
    }
  ],
  "comparison": [
    {
      "word_to_compare": "forcefully",
      "analysis": "“Forcefully”（有力地）强调动作的力度或强度，但不必然包含攻击性或竞争意图。例如，有力地陈述观点（forcefully argue）可能是理性而坚定的。而 “aggressively” 暗示了主动侵犯、压制或超越他人的倾向，带有更强的对抗色彩。"
    },
    {
      "word_to_compare": "assertively",
      "analysis": "“Assertively”（自信地）指坚定而有尊严地表达自己，不侵犯他人权利，强调自我主张而非压制他人。而 “aggressively” 常带有压迫性、侵犯性，可能引发冲突。例如，自信地提出要求是 assertive，但咄咄逼人地逼迫他人则是 aggressive。"
    },
    {
      "word_to_compare": "vigorously",
      "analysis": "“Vigorously”（精力充沛地）强调体力或精神上的充沛活力，通常是中性或积极的，如 vigorously exercise（剧烈锻炼）。而 “aggressively” 更侧重于动机中的竞争性或攻击性，可能带有负面含义，如 aggressively marketing（激进营销）可能暗示过度或不道德。"
    }
  ]
}