{
  "word": "aggravating",
  "pronunciation": "uh·grav·ay·tihng",
  "concise_definition": "adj. 令人恼火的, 加剧的, 使恶化",
  "forms": {
    "adverb": "aggravatingly",
    "noun": "aggravation"
  },
  "definitions": [
    {
      "pos": "adjective",
      "explanation_en": "Causing annoyance, irritation, or frustration; something that makes a situation more unpleasant or difficult to tolerate.",
      "explanation_cn": "引起烦恼、恼怒或挫败感的；使情况变得更不愉快或更难忍受的事物。",
      "example_en": "The constant noise from the construction site was absolutely aggravating.",
      "example_cn": "建筑工地持续的噪音令人极其恼火。"
    },
    {
      "pos": "adjective",
      "explanation_en": "Making a problem, condition, or situation worse or more severe; intensifying an existing negative state.",
      "explanation_cn": "使问题、状况或情况变得更糟或更严重；加剧已有的负面状态。",
      "example_en": "His refusal to apologize was aggravating the tension between the two families.",
      "example_cn": "他拒绝道歉加剧了两个家庭之间的紧张关系。"
    }
  ],
  "comparison": [
    {
      "word_to_compare": "irritating",
      "analysis": "“Irritating”（令人烦躁的）侧重于引起轻微但持续的不快或不适，常用于描述感官或行为上的烦扰，如刺耳的声音或重复的动作。而 “aggravating” 不仅包含烦躁之意，更强调对已有负面状态的加剧作用，语义更重，常用于情境或关系的恶化。"
    },
    {
      "word_to_compare": "annoying",
      "analysis": "“Annoying”（令人讨厌的）语气较轻，多用于日常琐事带来的轻微困扰，如迟到、吵闹等。而 “aggravating” 常带有更强的情绪色彩，暗示该事物不仅令人不快，还阻碍了解决问题或恢复平静的可能性，更具破坏性。"
    },
    {
      "word_to_compare": "exacerbating",
      "analysis": "“Exacerbating”（使恶化）是 “aggravating” 的近义词，尤其在医学或学术语境中更常见，强调使病情、矛盾或问题在程度上显著加重。两者在多数情况下可互换，但 “exacerbating” 更正式、更技术性，而 “aggravating” 更口语化，情感色彩更浓。"
    }
  ]
}