{
  "word": "aggressive",
  "pronunciation": "uh·gres·iv",
  "concise_definition": "adj. 侵略的, 好斗的, 有进取心的",
  "forms": {
    "comparative": "more aggressive",
    "superlative": "most aggressive"
  },
  "definitions": [
    {
      "pos": "adjective",
      "explanation_en": "Showing a ready or eager willingness to attack, confront, or dominate others, often in a hostile or forceful manner.",
      "explanation_cn": "表现出随时准备攻击、对抗或支配他人的倾向，通常以敌对或强势的方式进行。",
      "example_en": "The team's aggressive defense overwhelmed the opponents in the final quarter.",
      "example_cn": "球队在最后一节的强势防守压垮了对手。"
    },
    {
      "pos": "adjective",
      "explanation_en": "Characterized by assertiveness and determination in pursuing goals, often with boldness and initiative, especially in business or competitive contexts.",
      "explanation_cn": "以坚定果断、富有主动性和进取心追求目标为特征，尤其在商业或竞争环境中。",
      "example_en": "She launched an aggressive marketing campaign to capture market share.",
      "example_cn": "她发起了一场积极的营销活动以抢占市场份额。"
    },
    {
      "pos": "adjective",
      "explanation_en": "Tending to behave in a hostile or threatening way, especially in social or interpersonal interactions.",
      "explanation_cn": "在社交或人际互动中倾向于表现出敌意或威胁性行为。",
      "example_en": "His aggressive tone made the conversation uncomfortable for everyone.",
      "example_cn": "他咄咄逼人的语气让在场所有人都感到不适。"
    }
  ],
  "comparison": [
    {
      "word_to_compare": "assertive",
      "analysis": "“Assertive”（自信的）指坚定而有礼地表达自己的观点或权利，不侵犯他人，强调自我主张而非攻击性。而 “aggressive” 常带有压迫、敌意或强迫的意味，可能破坏和谐。"
    },
    {
      "word_to_compare": "hostile",
      "analysis": "“Hostile”（敌对的）强调明确的敌意或反对态度，通常带有厌恶或仇恨情绪，多用于描述态度或关系。而 “aggressive” 可以是主动出击的行为，不一定源于仇恨，有时只是强势或进取的表现。"
    },
    {
      "word_to_compare": "ambitious",
      "analysis": "“Ambitious”（有雄心的）指有强烈愿望达成重大目标，通常为中性或褒义，强调目标的高度和努力程度。而 “aggressive” 在描述进取时，更强调手段的激烈或紧迫性，可能带有负面色彩。"
    }
  ]
}