{
  "word": "agile",
  "pronunciation": "aj·ahyl",
  "concise_definition": "adj. 敏捷的, 灵活的, 敏捷迅速的",
  "forms": {
    "comparative": "more agile",
    "superlative": "most agile"
  },
  "definitions": [
    {
      "pos": "adjective",
      "explanation_en": "Able to move quickly and easily, often referring to physical grace, speed, and coordination in response to changing conditions.",
      "explanation_cn": "指能够快速、轻松地移动，通常形容身体上的敏捷、迅速和在变化环境中协调反应的能力。",
      "example_en": "The gymnast performed an agile flip over the bar, landing without a stumble.",
      "example_cn": "体操运动员敏捷地翻过横杆，稳稳落地，没有一丝踉跄。"
    },
    {
      "pos": "adjective",
      "explanation_en": "Able to adapt quickly and efficiently to changing circumstances, especially in business, technology, or problem-solving contexts.",
      "explanation_cn": "指能够迅速而高效地适应变化的环境，尤其用于商业、技术或解决问题的语境中。",
      "example_en": "Our team uses an agile methodology to respond rapidly to client feedback and market shifts.",
      "example_cn": "我们的团队采用敏捷方法，以快速响应客户反馈和市场变化。"
    },
    {
      "pos": "adjective",
      "explanation_en": "Mentally quick and sharp, showing intellectual flexibility and the ability to grasp new ideas rapidly.",
      "explanation_cn": "指思维敏捷、敏锐，表现出灵活的思维能力和迅速理解新概念的能力。",
      "example_en": "She has an agile mind that can solve complex puzzles in minutes.",
      "example_cn": "她思维敏捷，能在几分钟内解决复杂的谜题。"
    }
  ],
  "comparison": [
    {
      "word_to_compare": "flexible",
      "analysis": "“Flexible”（灵活的）强调适应性或可塑性，常用于描述物体弯曲或制度允许调整，但不一定包含速度或效率。而 “agile” 不仅包含适应性，更强调快速、流畅和动态的响应，尤其在行动或思维上体现活力。"
    },
    {
      "word_to_compare": "quick",
      "analysis": "“Quick”（快速的）仅描述时间上的迅速，如反应快、动作快，但不涉及协调性、适应性或整体效率。而 “agile” 是一个更综合的词，包含速度、协调和适应能力，是多维度的敏捷。"
    },
    {
      "word_to_compare": "nimble",
      "analysis": "“Nimble”（灵巧的）与 “agile” 非常接近，常可互换，尤其在描述身体动作时。但 “nimble” 更侧重于手指、手部或精细动作的灵巧，而 “agile” 范围更广，可涵盖全身运动、思维过程和组织运作，语义更丰富。"
    }
  ]
}