{
  "word": "agility",
  "pronunciation": "uh·jil·uh·tee",
  "concise_definition": "n. 敏捷, 灵活, 机敏",
  "forms": {
    "plural": "agilities"
  },
  "definitions": [
    {
      "pos": "noun",
      "explanation_en": "The ability to move quickly and easily, especially with grace, coordination, and control, often in response to changing conditions or environments.",
      "explanation_cn": "指迅速、灵活地移动的能力，尤其在变化的环境或条件下仍能保持优雅、协调与控制。",
      "example_en": "The dancer's agility allowed her to perform complex leaps and turns with perfect balance.",
      "example_cn": "舞者的敏捷使她能够以完美的平衡完成复杂的跳跃和旋转。"
    },
    {
      "pos": "noun",
      "explanation_en": "The capacity to think and react quickly and effectively, especially in challenging or dynamic situations.",
      "explanation_cn": "指在具有挑战性或动态的环境中迅速而有效地思考和反应的能力，常用于形容思维或决策的灵活性。",
      "example_en": "The CEO's agility in adapting to market changes kept the company competitive.",
      "example_cn": "这位首席执行官在应对市场变化时的机敏使公司保持了竞争力。"
    }
  ],
  "comparison": [
    {
      "word_to_compare": "flexibility",
      "analysis": "“Flexibility” (灵活性) 更侧重于身体或系统适应不同形态、结构或需求的能力，强调柔韧性和可变性，如肌肉的伸展性或政策的调整空间。而 “agility” 更强调快速、动态的行动与反应，包含速度与协调性，常用于身体运动或决策效率的语境。"
    },
    {
      "word_to_compare": "dexterity",
      "analysis": "“Dexterity” (灵巧) 通常指手部或精细动作的熟练与精准，如演奏乐器或使用工具。它强调的是技巧性与精确度，而非整体的快速移动或反应能力。而 “agility” 更广泛，涵盖全身性、整体性的快速反应与协调。"
    },
    {
      "word_to_compare": "speed",
      "analysis": "“Speed” (速度) 仅指移动或反应的快慢，是一个单一维度的物理量。而 “agility” 不仅包含速度，还融合了方向变化、平衡控制和适应性，是一种综合性的能力。一个人可以很快但不敏捷，但敏捷的人一定具备良好的速度与控制力。"
    }
  ]
}